comitente,ticker,nominales,precio_promedio_compra,costo_total_compra,precio_estimado,porcentaje_tenencia,dias_tenencia,ticker_origen,ratio_cedear,cedears_por_accion,acciones_equivalentes,precio_promedio_subyacente,observacion
1234134,BKNG,8,0.307903094,2.463224752,False,0.00414658810868991,48,BKNG,700:1,700.0,0.011428571428571429,215.5321658,
1334201,SPY,64,11.7034534035,749.021017824,False,0.40553668207837473,299,SPY,60:1,60.0,1.0666666666666667,702.20720421,
1306042,SPY,61,11.8040504771,720.0470791031,False,0.4370604484771963,246,SPY,60:1,60.0,1.0166666666666666,708.2430286260001,
751919,GOOGL,52,2.8936564983999995,150.47013791679998,False,0.0849604298271311,719,GOOGL,58:1,58.0,0.896551724137931,167.83207690719996,
402310,LRCX,49,7.1582856991,350.7559992559,False,0.07327248021288744,97,LRCX,56:1,56.0,0.875,400.86399914960003,
378821,SATL,2580,6.777787478,17486.691693239998,False,0.7939308566120282,113,SATL,1:1,1.0,2580.0,6.777787478,
620134,LRCX,46,1.4963540417,68.8322859182,False,0.09308973966679578,783,LRCX,56:1,56.0,0.8214285714285714,83.7958263352,
537447,BB,700,3.2740562126,2291.83934882,False,0.4063002720715244,129,BB,3:1,3.0,233.33333333333334,9.8221686378,
901398,NVDA,86,6.408859516500001,551.161918419,False,0.5667225633141088,425,NVDA,24:1,24.0,3.5833333333333335,153.812628396,
978527,GOOGL,34,6.0628231644,206.1359875896,False,0.284225291213183,34,GOOGL,58:1,58.0,0.5862068965517241,351.64374353520003,
625209,IBIT,159,6.2072027519,986.9452375520999,False,0.06294212216133274,376,IBIT,10:1,10.0,15.9,62.072027518999995,
427720,VIST,519,7.2582942515,3767.0547165284997,False,0.5768496386382639,711,VIST,3:1,3.0,173.0,21.7748827545,"Precio atípico, revisar"
444524,SPY,26,11.8095937485,307.04943746099997,False,0.44088195035866495,240,SPY,60:1,60.0,0.43333333333333335,708.57562491,
751919,SPY,24,9.872612784,236.942706816,False,0.08754655397878956,719,SPY,60:1,60.0,0.4,592.3567670399999,
469021,SPY,24,11.358032731499998,272.59278555599997,False,0.07381180198388863,325,SPY,60:1,60.0,0.4,681.4819638899999,
620134,STLA,272,2.9787560882,810.2216559904,False,0.007253266175595289,758,STLA,5:1,5.0,54.4,14.893780441,
381179,NFLX,29,0.8622222215,25.0044444235,False,0.02378948012474559,1712,NFLX,48:1,48.0,0.6041666666666666,41.386666632,
978527,VST,51,5.6894108638,290.1599540538,False,0.17918789544162056,16,VST,26:1,26.0,1.9615384615384615,147.9246824588,
515831,LAC,1226,4.431726997,5433.297298322001,False,0.2941690103937641,109,LAC,1:1,1.0,1226.0,4.431726997,
604953,NU,600,6.83431684,4100.590104,False,0.14779312314925983,389,NU,2:1,2.0,300.0,13.66863368,
620134,ACN,16,3.3753370661,54.0053930576,False,0.01829358844055116,315,ACN,75:1,75.0,0.21333333333333335,253.1502799575,
402310,MSFT,39,14.243780805700002,555.5074514223,False,0.0897619300743825,558,MSFT,30:1,30.0,1.3,427.31342417100007,
1238387,GOOGL,20,6.1584348612,123.168697224,False,0.11607562236739469,133,GOOGL,58:1,58.0,0.3448275862068966,357.1892219496,
620134,GOOGL,20,2.8601107622,57.202215244,False,0.04046664565727874,747,GOOGL,58:1,58.0,0.3448275862068966,165.88642420760002,
349646,GLOB,64,2.8386618828,181.6743604992,False,0.12113985346538533,271,GLOB,18:1,18.0,3.5555555555555554,51.0959138904,
374125,SPY,19,11.953455714,227.115658566,False,0.07766481880142825,208,SPY,60:1,60.0,0.31666666666666665,717.20734284,
381179,AMZN,8,1.1097222222,8.8777777776,False,0.02372637550965075,1789,AMZN,144:1,144.0,0.05555555555555555,159.7999999968,
279119,GOOGL,19,6.0970023807,115.8430452333,False,0.09639173910404623,29,GOOGL,58:1,58.0,0.3275862068965517,353.6261380806,
515833,GLD,21,5.8576048095,123.0097009995,False,0.34873672101794695,494,GLD,50:1,50.0,0.42,292.880240475,
381179,MSTR,50,6.45,322.5,False,0.10314461334326691,42,MSTR,20:1,20.0,2.5,129.0,
648698,SPY,17,11.1098535665,188.8675106305,False,0.9930061989336388,380,SPY,60:1,60.0,0.2833333333333333,666.59121399,
402310,AAPL,49,11.5284641219,564.8947419731,False,0.07074093181687903,611,AAPL,20:1,20.0,2.45,230.56928243800002,
402310,AMD,96,14.4307498342,1385.3519840832,False,0.264228038512532,698,AMD,10:1,10.0,9.6,144.307498342,
272449,NVDA,39,5.9619562202,232.51629258780002,False,0.044273355183374004,328,NVDA,24:1,24.0,1.625,143.0869492848,
402310,RGTI,459,12.107242659,5557.2243804810005,False,0.03048266253403491,263,RGTI,2:1,2.0,229.5,24.214485318,
515831,LAR,902,8.6310280059,7785.187261321799,False,0.47359201379852506,111,LAR,1:1,1.0,902.0,8.6310280059,
1234134,GOOGL,16,3.4282919841,54.8526717456,False,0.018378308616013677,638,GOOGL,58:1,58.0,0.27586206896551724,198.8409350778,
272449,AMZN,7,1.6607882746,11.6255179222,False,0.007311742815387837,622,AMZN,144:1,144.0,0.04861111111111111,239.1535115424,
604953,CRWV,33,3.7287822382,123.0498138606,False,0.045580615341646855,49,CRWV,27:1,27.0,1.2222222222222223,100.6771204314,
371015,SPY,15,10.7396180556,161.09427083399999,False,0.242623512229935,396,SPY,60:1,60.0,0.25,644.3770833359999,
607830,SPCX,17,4.0838455262,69.4253739454,False,0.166451827402445,111,SPCX,50:1,50.0,0.34,204.19227631,
272449,ITUB,807,5.0204489146,4051.5022740822,False,0.03816112450425213,551,ITUB,1:1,1.0,807.0,5.0204489146,
273850,MRVL,58,17.5753269118,1019.3689608844,False,0.4187073502777317,98,MRVL,14:1,14.0,4.142857142857143,246.0545767652,
966156,IBIT,80,5.6497889095,451.98311276,False,0.20073937981717152,449,IBIT,10:1,10.0,8.0,56.497889095,
751919,NVDA,33,8.6318075422,284.84964889260004,False,0.03632722718795475,155,NVDA,24:1,24.0,1.375,207.16338101280002,
402310,HIMS,190,9.2234512827,1752.455743713,False,0.0248262617064648,75,HIMS,4:1,4.0,47.5,36.8938051308,
402310,CAT,38,23.3861790377,888.6748034326,False,0.13887611540695727,505,CAT,20:1,20.0,1.9,467.723580754,
444524,IEUR,66,6.6452351555,438.585520263,False,0.10722228006069058,257,IEUR,11:1,11.0,6.0,73.0975867105,
1199836,GLD,15,8.1137464788,121.706197182,False,0.07487590822622252,210,GLD,50:1,50.0,0.3,405.68732394,
324464,STLA,140,1.8138592333,253.94029266200002,False,0.028088612662570303,400,STLA,5:1,5.0,28.0,9.069296166500001,
1412504,QQQ,35,37.3976063382,1308.916221837,False,0.15284728049549098,35,QQQ,20:1,20.0,1.75,747.952126764,
271821,ORLY,4,0.4338700791,1.7354803164,False,0.024702095622786007,161,ORLY,222:1,222.0,0.018018018018018018,96.3191575602,
751919,BRKB,31,21.8111421802,676.1454075862,False,0.07361856109658745,719,BRK/B,22:1,22.0,1.4090909090909092,479.84512796440004,
511808,AMZN,5,1.7259798597,8.6298992985,False,0.022169735378424007,151,AMZN,144:1,144.0,0.034722222222222224,248.5410997968,
515833,NVDA,28,7.1157464903,199.24090172840002,False,0.29003961123661054,310,NVDA,24:1,24.0,1.1666666666666667,170.7779157672,
957623,BKNG,1,0.2551352861,0.2551352861,False,0.003107384244327902,477,BKNG,700:1,700.0,0.0014285714285714286,178.59470027,
416911,NVDA,27,7.8463217635,211.8506876145,False,0.07200996609359775,92,NVDA,24:1,24.0,1.125,188.311722324,
491900,IBIT,63,3.9018981748,245.81958501239998,False,0.10738879783535651,144,IBIT,10:1,10.0,6.3,39.018981748,
272449,GOOGL,11,5.2903665955,58.1940325505,False,0.017903687161240956,188,GOOGL,58:1,58.0,0.1896551724137931,306.841262539,
661098,XLU,41,3.2112274917,131.6603271597,False,0.08297624243658495,181,XLU,15:1,15.0,2.7333333333333334,48.1684123755,
620134,GLOB,34,4.2675123897,145.0954212498,False,0.0069948947639231485,484,GLOB,18:1,18.0,1.8888888888888888,76.81522301460001,
625209,NU,301,7.9603763328,2396.0732761728,False,0.03728952880056419,365,NU,2:1,2.0,150.5,15.9207526656,
273698,IVV,1,1.1142801843,1.1142801843,False,0.02037611389762558,104,IVV,692:1,692.0,0.001445086705202312,771.0818875356001,
515831,CAR,23,4.430926242,101.911303566,False,0.2316143807624726,13,CAR,26:1,26.0,0.8846153846153846,115.204082292,
1238387,AMZN,5,1.8657410387,9.3287051935,False,0.017563000474549135,46,AMZN,144:1,144.0,0.034722222222222224,268.6667095728,
469021,AMZN,5,1.5831151956,7.915575978,False,0.004244471699192414,363,AMZN,144:1,144.0,0.034722222222222224,227.9685881664,
1257768,GOOGL,11,5.9144596782,65.0590564602,False,0.08046342558450288,67,GOOGL,58:1,58.0,0.1896551724137931,343.0386613356,
661098,XLP,37,5.3095187845,196.4521950265,False,0.15163309460268376,181,XLP,16:1,16.0,2.3125,84.952300552,
279119,NVDA,25,9.8614272474,246.535681185,False,0.08884770776543773,33,NVDA,24:1,24.0,1.0416666666666667,236.67425393759999,
279119,MELI,5,15.689740382600002,78.44870191300001,False,0.13668761115174585,181,MELI,120:1,120.0,0.041666666666666664,1882.7688459120002,
429602,NVDA,24,5.613234348,134.717624352,False,0.17443436788477754,623,NVDA,24:1,24.0,1.0,134.717624352,
620134,PEP,32,8.1407469681,260.5039029792,False,0.02317016525320257,95,PEP,18:1,18.0,1.7777777777777777,146.5334454258,
604953,BA.C,139,14.15,1966.8500000000001,False,0.12170540480211109,4,BAC,4:1,4.0,34.75,56.6,
511808,SHOP,6,1.106962831,6.641776986,False,0.015621886138677947,114,SHOP,107:1,107.0,0.056074766355140186,118.44502291699999,
1257768,NVDA,23,9.3974871898,216.1422053654,False,0.12659426270710794,69,NVDA,24:1,24.0,0.9583333333333334,225.5396925552,
302252,SPY,9,12.1320163408,109.18814706719999,False,0.28020848624347017,204,SPY,60:1,60.0,0.15,727.920980448,
544829,SPY,9,9.4407309564,84.9665786076,False,0.5348533315900093,638,SPY,60:1,60.0,0.15,566.443857384,
316998,SPY,9,8.3313033791,74.9817304119,False,0.30296897039591264,863,SPY,60:1,60.0,0.15,499.87820274599994,
272449,AAPL,26,11.146605660999999,289.811747186,False,0.04117068656582499,559,AAPL,20:1,20.0,1.3,222.93211321999996,
511808,GOOGL,9,3.5218850633,31.6969655697,False,0.05882416220549766,423,GOOGL,58:1,58.0,0.15517241379310345,204.2693336714,
429602,SPY,9,8.5616267047,77.0546403423,False,0.20367173825906382,870,SPY,60:1,60.0,0.15,513.697602282,
678717,AMZN,4,1.3961367554,5.5845470216,False,0.4755297407765946,823,AMZN,144:1,144.0,0.027777777777777776,201.0436927776,
620134,MCD,22,11.1649699427,245.62933873940003,False,0.028972450569238993,29,MCD,24:1,24.0,0.9166666666666666,267.95927862480005,
273839,AMZN,4,1.356035222,5.424140888,False,0.32597542696625215,843,AMZN,144:1,144.0,0.027777777777777776,195.269071968,
515833,SPY,9,10.059243998,90.533195982,False,0.2814329746813865,477,SPY,60:1,60.0,0.15,603.55463988,
620134,IEUR,45,6.3770394707,286.9667761815,False,0.01938531215576486,348,IEUR,11:1,11.0,4.090909090909091,70.14743417769999,
1150311,SPY,9,11.3775352628,102.3978173652,False,1.0,322,SPY,60:1,60.0,0.15,682.652115768,
669173,GOOGL,9,6.0100819672,54.0907377048,False,0.16174852939223733,118,GOOGL,58:1,58.0,0.15517241379310345,348.58475409759996,
1462163,IWM,49,30.4603105569,1492.5552172881,False,0.9869622390012031,34,IWM,10:1,10.0,4.9,304.60310556900004,
706031,SPCX,10,3.3598398239,33.598398239,False,0.03181447672868054,6,SPCX,50:1,50.0,0.2,167.991991195,
393847,IBIT,48,4.5701834916,219.3688075968,False,0.47535139760523193,162,IBIT,10:1,10.0,4.8,45.701834915999996,
620134,HD,15,11.0341240591,165.5118608865,False,0.024497835052053024,315,HD,32:1,32.0,0.46875,353.0919698912,
1491709,SPY,8,11.9523575202,95.6188601616,False,0.20542511135290012,184,SPY,60:1,60.0,0.13333333333333333,717.141451212,
751919,WMT,26,5.2667237688,136.9348179888,False,0.012888324229217235,446,WMT,18:1,18.0,1.4444444444444444,94.8010278384,
890058,ONDS,234,5.1295105503,1200.3054687702,False,0.09274032657074971,133,ONDS,2:1,2.0,117.0,10.2590211006,
620134,TGT,20,4.2760820646,85.521641292,False,0.01741448168938074,560,TGT,24:1,24.0,0.8333333333333334,102.62596955039999,
951102,XLV,16,6.1043826659,97.6701226544,False,0.03446278958367186,14,XLV,29:1,29.0,0.5517241379310345,177.0270973111,
381179,GOOGL,8,2.3131086958,18.5048695664,False,0.034438203965873125,1825,GOOGL,58:1,58.0,0.13793103448275862,134.1603043564,
1334159,KO,92,15.066917958700001,1386.1564522004,False,0.3783684682060073,246,KO,5:1,5.0,18.4,75.3345897935,
444524,GOOGL,8,6.3363592058,50.6908736464,False,0.061106792189417385,108,GOOGL,58:1,58.0,0.13793103448275862,367.5088339364,
630898,GOOGL,8,5.9226672026,47.3813376208,False,0.5321594806697497,26,GOOGL,58:1,58.0,0.13793103448275862,343.5146977508,
890058,CCJ,20,5.1843278521,103.686557042,False,0.0929133169095482,125,CCJ,23:1,23.0,0.8695652173913043,119.2395405983,
324464,NU,225,6.5820924933,1480.9708109925,False,0.1516326941727561,286,NU,2:1,2.0,112.5,13.1641849866,
620134,SMH,9,7.1338439333,64.2045953997,False,0.0336558419363463,348,SMH,50:1,50.0,0.18,356.692196665,
72153,AMZN,4,1.3656361607,5.4625446428,False,0.05802711897974918,742,AMZN,144:1,144.0,0.027777777777777776,196.6516071408,
371015,VIST,149,13.8172995781,2058.7776371369,False,0.21549478529262336,416,VIST,3:1,3.0,49.666666666666664,41.4518987343,
620134,O,35,4.6178815506,161.625854271,False,0.010879051958807215,18,O,13:1,13.0,2.6923076923076925,60.0324601578,
1491709,NU,220,7.1708773668,1577.593020696,False,0.1126124246121373,190,NU,2:1,2.0,110.0,14.3417547336,
381179,IBIT,44,3.7643707093999996,165.6323112136,False,0.02655432605530772,64,IBIT,10:1,10.0,4.4,37.64370709399999,
482152,SPY,8,7.5637403102,60.5099224816,False,0.2982687266021899,475,SPY,60:1,60.0,0.13333333333333333,453.824418612,
1334159,AAPL,22,11.841285066300001,260.5082714586,False,0.34569956647253675,362,AAPL,20:1,20.0,1.1,236.82570132600003,
1234134,NVDA,18,9.4647092506,170.3647665108,False,0.01468081396126965,48,NVDA,24:1,24.0,0.75,227.1530220144,
1557046,GLD,9,7.6866135258,69.1795217322,False,0.42206441180770676,82,GLD,50:1,50.0,0.18,384.33067629000004,
1238387,MELI,4,15.3688404886,61.4753619544,False,0.11104578906670443,114,MELI,120:1,120.0,0.03333333333333333,1844.260858632,
469021,WMT,24,5.7066097909,136.9586349816,False,0.010092219518428234,344,WMT,18:1,18.0,1.3333333333333333,102.7189762362,
469021,QQQ,21,31.707794816699998,665.8636911507,False,0.06533870528594286,300,QQQ,20:1,20.0,1.05,634.155896334,
1234134,SPY,7,9.9676672381,69.7736706667,False,0.018527461047016688,638,SPY,60:1,60.0,0.11666666666666667,598.060034286,
1491709,IBIT,42,3.9799088236999998,167.1561705954,False,0.0678422012851485,152,IBIT,10:1,10.0,4.2,39.799088237,
444524,GLD,9,8.9072452371,80.1652071339,False,0.06918187202072629,230,GLD,50:1,50.0,0.18,445.362261855,
511808,NFLX,9,1.935812824,17.422315416,False,0.010953680968116065,143,NFLX,48:1,48.0,0.1875,92.919015552,
272449,WMT,23,7.2056051443,165.72891831889999,False,0.011168446617621107,177,WMT,18:1,18.0,1.2777777777777777,129.70089259739999,
272449,BBD,401,1.7674063369,708.7299410969,False,0.008220194172397615,580,BBD,1:1,1.0,401.0,1.7674063369,
272449,AVGO,11,8.2963542275,91.2598965025,False,0.017728438511228913,188,AVGO,39:1,39.0,0.28205128205128205,323.5578148725,
273698,IBIT,40,3.88978117,155.5912468,False,0.05902881675191313,193,IBIT,10:1,10.0,4.0,38.8978117,
751919,MSFT,14,14.1320414275,197.84857998500001,False,0.03314722709265141,719,MSFT,30:1,30.0,0.4666666666666667,423.961242825,
539608,SPY,7,9.065876152,63.461133063999995,False,0.35659907647735445,817,SPY,60:1,60.0,0.11666666666666667,543.95256912,
272449,EWZ,199,12.4514458192,2477.8377180208,False,0.04071081875794667,553,EWZ,2:1,2.0,99.5,24.9028916384,
404917,SPY,7,12.9842455379,90.8897187653,False,0.11868941261375994,66,SPY,60:1,60.0,0.11666666666666667,779.054732274,
469021,WFC,78,15.131320966400002,1180.2430353792001,False,0.025914637451342842,403,WFC,5:1,5.0,15.6,75.65660483200001,
620134,SPY,7,9.0200471913,63.1403303391,False,0.02946930997830505,812,SPY,60:1,60.0,0.11666666666666667,541.202831478,
1434447,BAK,191,0.814,155.474,False,0.15637211314315924,4,BAK,2:1,2.0,95.5,1.628,
381179,MSFT,13,12.5338559027,162.9401267351,False,0.08324494488243767,203,MSFT,30:1,30.0,0.43333333333333335,376.015677081,
751919,IBM,26,16.1306613757,419.39719576820005,False,0.026322555055263454,130,IBM,15:1,15.0,1.7333333333333334,241.9599206355,
537447,NVDA,16,9.2272627401,147.6362038416,False,0.24243401462415334,133,NVDA,24:1,24.0,0.6666666666666666,221.4543057624,
625209,IBB,14,7.2340826033,101.2771564462,False,0.023572023087154035,83,IBB,27:1,27.0,0.5185185185185185,195.3202302891,
273850,AMZN,3,1.9349999999999998,5.805,False,0.017472895401173336,131,AMZN,144:1,144.0,0.020833333333333332,278.64,
272449,GLD,8,9.0567458447,72.4539667576,False,0.013293542082678531,188,GLD,50:1,50.0,0.16,452.837292235,
507858,ETHA,74,6.7478474114,499.3407084436,False,0.03132473931168894,379,ETHA,5:1,5.0,14.8,33.739237057000004,
683388,SPY,7,10.9398292627,76.5788048389,False,0.09873437829911204,381,SPY,60:1,60.0,0.11666666666666667,656.389755762,
620134,CVX,23,8.7348166427,200.9007827821,False,0.027423238864709012,746,CVX,16:1,16.0,1.4375,139.7570662832,
951102,SPY,6,10.7890311666,64.7341869996,False,0.06033490201451187,321,SPY,60:1,60.0,0.1,647.3418699959999,
324464,PAGS,117,2.7115446744,317.2507269048,False,0.05621547466151462,389,PAGS,3:1,3.0,39.0,8.1346340232,
324464,AMZN,3,1.2255657433,3.6766972299000003,False,0.027238627409814437,516,AMZN,144:1,144.0,0.020833333333333332,176.4814670352,
1442842,NIO,88,1.5014858825,132.13075766,False,0.026551255117661418,358,NIO,4:1,4.0,22.0,6.00594353,
620134,NKE,29,6.4506274283,187.0681954207,False,0.00576325281812093,842,NKE,12:1,12.0,2.4166666666666665,77.4075291396,
679556,AMZN,3,1.6813793102999999,5.0441379309,False,0.05239922246049809,342,AMZN,144:1,144.0,0.020833333333333332,242.1186206832,
604953,IBM,24,15.5952411066,374.2857865584,False,0.08270858190448127,73,IBM,15:1,15.0,1.6,233.928616599,
1557046,SPCX,7,3.1501752457000003,22.0512267199,False,0.15343320958142195,18,SPCX,50:1,50.0,0.14,157.50876228500002,
420849,TSLA,23,19.8671645685,456.9447850755,False,0.5471909589608895,554,TSLA,15:1,15.0,1.5333333333333334,298.0074685275,
818090,NVDA,15,3.9134357823,58.7015367345,False,0.14705708812738144,937,NVDA,24:1,24.0,0.625,93.9224587752,
604953,MELI,3,17.6988789645,53.096636893500005,False,0.0849615860005558,322,MELI,120:1,120.0,0.025,2123.86547574,
449045,NU,167,7.4433314354,1243.0363497118,False,0.024106811956658793,76,NU,2:1,2.0,83.5,14.8866628708,
620134,VIST,111,15.511139,1721.736429,False,0.04340176522918431,752,VIST,3:1,3.0,37.0,46.533417,
267343,MELI,3,16.2551941788,48.765582536400004,False,0.12063018970388051,331,MELI,120:1,120.0,0.025,1950.623301456,
1191812,PAGS,110,2.6711890214,293.830792354,False,0.14043753611202373,487,PAGS,3:1,3.0,36.666666666666664,8.0135670642,
1199836,IBIT,33,4.1257978724,136.1513297892,False,0.02209710109805159,112,IBIT,10:1,10.0,3.3,41.257978724,
469021,KO,65,13.9521593077,906.8903550005,False,0.023077368519000094,364,KO,5:1,5.0,13.0,69.7607965385,
511808,NVDA,14,6.4124850206,89.7747902884,False,0.06168219118837301,339,NVDA,24:1,24.0,0.5833333333333334,153.8996404944,
381179,META,14,13.2516761301,185.5234658214,False,0.12495913496289604,500,META,24:1,24.0,0.5833333333333334,318.0402271224,
388524,AMZN,3,1.5020638042999999,4.5061914129,False,0.01543820072331547,361,AMZN,144:1,144.0,0.020833333333333332,216.2971878192,
403701,SPY,6,11.9930069006,71.95804140359999,False,0.6347788319801587,201,SPY,60:1,60.0,0.1,719.580414036,
625209,GOOGL,6,5.2252619674,31.3515718044,False,0.015724437869618746,121,GOOGL,58:1,58.0,0.10344827586206896,303.0651941092,
273698,NVDA,14,1.950460475,27.30644665,False,0.09704956434711795,1085,NVDA,24:1,24.0,0.5833333333333334,46.811051400000004,
444971,MELI,3,16.19875,48.59625,False,0.19647648097339943,175,MELI,120:1,120.0,0.025,1943.8500000000001,
620134,URA,64,9.9804112469,638.7463198016,False,0.015153251697984269,348,URA,5:1,5.0,12.8,49.902056234499995,
648787,ORLY,2,0.4874638794,0.9749277588,False,0.008713016905626836,315,ORLY,222:1,222.0,0.009009009009009009,108.2169812268,
1306042,ASML,3,13.653163146000002,40.959489438000006,False,0.03733517375192156,110,ASML,146:1,146.0,0.02054794520547945,1993.3618193160003,
669173,SPY,6,13.0964968153,78.5789808918,False,0.2248294360567794,79,SPY,60:1,60.0,0.1,785.7898089180001,
906928,MRVL,23,14.650535607,336.962318961,False,0.42299329619045384,103,MRVL,14:1,14.0,1.6428571428571428,205.107498498,
1059420,AMZN,3,1.3054303045,3.9162909135,False,0.01842336758766844,736,AMZN,144:1,144.0,0.020833333333333332,187.981963848,
381179,MELI,3,10.5553226527,31.665967958099998,False,0.06037636024337267,1742,MELI,120:1,120.0,0.025,1266.638718324,
545179,GLD,7,7.9808882677,55.8662178739,False,0.15671437188134013,4,GLD,50:1,50.0,0.14,399.044413385,
978527,MCD,13,11.8458116883,153.9955519479,False,0.07352523502179124,59,MCD,24:1,24.0,0.5416666666666666,284.29948051919996,
381179,AVGO,8,10.0494719472,80.3957755776,False,0.03526564223642276,32,AVGO,39:1,39.0,0.20512820512820512,391.92940594080005,
921796,SPY,6,11.6268621595,69.761172957,False,0.41726902055150217,257,SPY,60:1,60.0,0.1,697.61172957,
966156,AMZN,3,1.3586372774,4.0759118322,False,0.027352572145545796,778,AMZN,144:1,144.0,0.020833333333333332,195.6437679456,
273599,AMZN,3,1.5531207013,4.6593621038999995,False,0.01826309648995394,545,AMZN,144:1,144.0,0.020833333333333332,223.64938098719998,
650633,AMZN,3,1.6464813906,4.9394441718,False,0.030973678125701218,231,AMZN,144:1,144.0,0.020833333333333332,237.0933202464,
792055,NVDA,13,5.132330168,66.720292184,False,0.33348847177093777,810,NVDA,24:1,24.0,0.5416666666666666,123.17592403200001,
272449,SPY,5,11.2865202619,56.4326013095,False,0.01810648402187794,188,SPY,60:1,60.0,0.08333333333333333,677.191215714,
270247,AMZN,3,1.2936919381,3.8810758143,False,0.037344299472016305,930,AMZN,144:1,144.0,0.020833333333333332,186.2916390864,
1491709,SMH,6,8.5565943024,51.339565814400004,False,0.12465636464285379,197,SMH,50:1,50.0,0.12,427.82971512000006,
799202,SPY,5,10.8924570732,54.462285365999996,False,0.5487405327206195,331,SPY,60:1,60.0,0.08333333333333333,653.5474243919999,
625209,CIBR,29,9.4838506678,275.0316693662,False,0.024793664586435497,69,CIBR,10:1,10.0,2.9,94.838506678,
1238387,NVDA,12,8.9468651784,107.3623821408,False,0.04806896931448076,139,NVDA,24:1,24.0,0.5,214.7247642816,
394091,SPY,5,10.3937247113,51.968623556500006,False,0.9592791137233556,415,SPY,60:1,60.0,0.08333333333333333,623.6234826780001,
612213,SPY,5,9.6399513439,48.1997567195,False,0.228745246604973,558,SPY,60:1,60.0,0.08333333333333333,578.397080634,
1415140,IBIT,29,5.0739677439,147.1450645731,False,0.346691644450849,311,IBIT,10:1,10.0,2.9,50.739677439,
742032,AMZN,2,1.3327055866,2.6654111732,False,0.047905968486686115,841,AMZN,144:1,144.0,0.013888888888888888,191.90960447039998,
316998,PEP,16,8.4245352787,134.7925644592,False,0.08717398795802217,519,PEP,18:1,18.0,0.8888888888888888,151.64163501660002,
507365,LAC,279,5.318546638,1483.874512002,False,0.08812560175313207,274,LAC,1:1,1.0,279.0,5.318546638,
1353300,AMZN,2,1.8635855376,3.7271710752,False,0.06530550680473411,40,AMZN,144:1,144.0,0.013888888888888888,268.3563174144,
371015,NVDA,12,9.5832374101,114.99884892120001,False,0.06027946340393417,39,NVDA,24:1,24.0,0.5,229.99769784240002,
388524,NVDA,12,2.5186043819,30.2232525828,False,0.07576537097736609,754,NVDA,24:1,24.0,0.5,60.4465051656,"Precio atípico, revisar"
1199836,AMZN,2,1.805,3.61,False,0.0067468043658171495,11,AMZN,144:1,144.0,0.013888888888888888,259.92,
324310,SPY,5,11.2502173913,56.2510869565,False,0.11074375048739442,357,SPY,60:1,60.0,0.08333333333333333,675.013043478,
625209,ETHA,56,5.644136163,316.071625128,False,0.009186452965354558,448,ETHA,5:1,5.0,11.2,28.220680814999998,
512446,O,22,5.1047427555,112.30434062100001,False,0.020083013945794183,74,O,13:1,13.0,1.6923076923076923,66.36165582150001,
1306517,MELI,3,16.2247093869,48.67412816069999,False,0.8920403905465679,129,MELI,120:1,120.0,0.025,1946.9651264279998,
1070809,AMZN,2,1.6555372125,3.311074425,False,0.03031438646279604,240,AMZN,144:1,144.0,0.013888888888888888,238.39735860000002,
751919,GE,34,26.804203717,911.342926378,False,0.0492564410874474,623,GE,8:1,8.0,4.25,214.433629736,
751919,UNH,9,11.74,105.66,False,0.014630741543927692,12,UNH,33:1,33.0,0.2727272727272727,387.42,
436033,SPY,5,8.3633324297,41.8166621485,False,0.9678154440133907,902,SPY,60:1,60.0,0.08333333333333333,501.799945782,
635810,NVDA,12,5.3119674755,63.743609706,False,0.09747233355076852,817,NVDA,24:1,24.0,0.5,127.487219412,
272449,CVX,17,12.5378055382,213.1426941494,False,0.016096835203999984,188,CVX,16:1,16.0,1.0625,200.6048886112,
404917,XLV,10,6.2007892328,62.007892328,False,0.035026932420934166,34,XLV,29:1,29.0,0.3448275862068966,179.8228877512,
507858,CIBR,26,10.3998062016,270.3949612416,False,0.05735564263115288,39,CIBR,10:1,10.0,2.6,103.998062016,
371015,NU,128,7.48,957.44,False,0.04228113529325868,39,NU,2:1,2.0,64.0,14.96,
477338,AAPL,13,8.7011444531,113.1148778903,False,0.1629525328938204,918,AAPL,20:1,20.0,0.65,174.022889062,
1435405,SPY,5,11.2096433633,56.0482168165,False,0.6615173466082154,308,SPY,60:1,60.0,0.08333333333333333,672.578601798,
381179,COIN,10,7.83,78.3,False,0.022249295621727425,15,COIN,27:1,27.0,0.37037037037037035,211.41,
469021,V,15,18.905485706,283.58228559,False,0.021501055441494787,330,V,18:1,18.0,0.8333333333333334,340.298742708,
573397,AAPL,13,10.5185975099,136.7417676287,False,0.19884173612043574,891,AAPL,20:1,20.0,0.65,210.37195019799998,
669173,NVDA,11,5.2057480316,57.2632283476,False,0.14043102418037684,830,NVDA,24:1,24.0,0.4583333333333333,124.9379527584,
349646,AI,51,2.6273007183,133.9923366333,False,0.03008089878138766,266,AI,5:1,5.0,10.2,13.136503591499999,
381179,WMT,14,2.6642857143,37.3000000002,False,0.018385157698553093,1867,WMT,18:1,18.0,0.7777777777777778,47.9571428574,
738400,SPY,5,13.4457877092,67.228938546,False,0.3669012091461808,47,SPY,60:1,60.0,0.08333333333333333,806.7472625519999,
267343,GOOGL,5,5.06395756,25.3197878,False,0.03524175735306409,222,GOOGL,58:1,58.0,0.08620689655172414,293.70953848000005,
604953,PYPL,32,8.275383352,264.812267264,False,0.027562485369220676,385,PYPL,8:1,8.0,4.0,66.203066816,
669173,XLU,17,3.1278514057,53.1734738969,False,0.03675682853311025,91,XLU,15:1,15.0,1.1333333333333333,46.9177710855,
693074,SPY,5,11.2887837872,56.443918936,False,0.18707525076715412,349,SPY,60:1,60.0,0.08333333333333333,677.327027232,
1199836,SPY,5,12.716184739,63.580923694999996,False,0.04464723460029001,132,SPY,60:1,60.0,0.08333333333333333,762.97108434,
477338,NVDA,11,7.187355,79.060905,False,0.09425199459797909,433,NVDA,24:1,24.0,0.4583333333333333,172.49652,
469021,O,19,4.9238461225,93.5530763275,False,0.004179862888198335,91,O,13:1,13.0,1.4615384615384615,64.0099995925,
679556,SPY,5,11.3200383104,56.600191552,False,0.2693595495270297,342,SPY,60:1,60.0,0.08333333333333333,679.2022986239999,
694664,SPY,5,10.2696500906,51.348250453000006,False,0.51341689144394,471,SPY,60:1,60.0,0.08333333333333333,616.179005436,
491900,SPY,4,11.3504830167,45.4019320668,False,0.10888338454393398,337,SPY,60:1,60.0,0.06666666666666667,681.028981002,
620134,HAL,120,14.2074391958,1704.892703496,False,0.02317016525320257,649,HAL,2:1,2.0,60.0,28.4148783916,
620134,SPGI,6,9.531120375,57.18672225,False,0.012289305711279154,222,SPGI,45:1,45.0,0.13333333333333333,428.900416875,
1306042,QQQ,12,38.0758995816,456.9107949792,False,0.08410329527661563,108,QQQ,20:1,20.0,0.6,761.517991632,
551100,NOW,2,0.6758846483,1.3517692966,False,0.030769813153984717,119,NOW,172:1,172.0,0.011627906976744186,116.25215950759998,
669173,XLV,9,5.8400854658,52.5607691922,False,0.07473475945770093,62,XLV,29:1,29.0,0.3103448275862069,169.36247850819998,
1415140,NFLX,5,1.6553032017,8.2765160085,False,0.0821961236400317,56,NFLX,48:1,48.0,0.10416666666666667,79.4545536816,
469021,GOOGL,4,5.1578273405,20.631309362,False,0.005706980238967454,214,GOOGL,58:1,58.0,0.06896551724137931,299.153985749,
1353300,GOOGL,4,5.3463181078,21.3852724312,False,0.18505783416823998,118,GOOGL,58:1,58.0,0.06896551724137931,310.0864502524,
324464,PDD,10,4.0250566826,40.250566826,False,0.031657275746265805,205,PDD,25:1,25.0,0.4,100.626417065,
162583,ACWI,9,5.3253442261,47.9280980349,False,0.15502242507277217,350,ACWI,26:1,26.0,0.34615384615384615,138.4589498786,
349646,SPY,4,13.4271176157,53.7084704628,False,0.15918172035082095,20,SPY,60:1,60.0,0.06666666666666667,805.627056942,
607830,URA,46,12.284460786,565.085196156,False,0.10745228245495513,231,URA,5:1,5.0,9.2,61.42230393,
1234134,MO,57,17.1063506009,975.0619842513,False,0.01319717594695514,48,MO,4:1,4.0,14.25,68.4254024036,
1434447,ORLY,2,0.4062754518,0.8125509036,False,0.041878349474898456,6,ORLY,222:1,222.0,0.009009009009009009,90.1931502996,
349646,VST,9,6.1124432379,55.0119891411,False,0.06814081307168378,98,VST,26:1,26.0,0.34615384615384615,158.9235241854,
449045,CIBR,23,9.6024258194,220.85579384620002,False,0.02296056420151572,78,CIBR,10:1,10.0,2.3,96.024258194,
1079591,SPY,4,11.6076468178,46.4305872712,False,0.3723080156762299,279,SPY,60:1,60.0,0.06666666666666667,696.4588090679999,
444524,EEM,45,14.025672609,631.155267405,False,0.06885439725015062,112,EEM,5:1,5.0,9.0,70.128363045,
272449,KO,45,15.6730173929,705.2857826805,False,0.018433773210795115,179,KO,5:1,5.0,9.0,78.3650869645,
416911,GOOGL,4,5.9787505561,23.9150022244,False,0.01487931957524562,202,GOOGL,58:1,58.0,0.06896551724137931,346.76753225379997,
545179,IBIT,23,5.721839959599999,131.60231907079998,False,0.07201625624369573,320,IBIT,10:1,10.0,2.3,57.21839959599998,
416911,COPX,16,6.3308789279,101.2940628464,False,0.015321232982244021,177,COPX,14:1,14.0,1.1428571428571428,88.63230499059999,
781590,MCD,10,11.6531631636,116.531631636,False,0.06515285511566572,106,MCD,24:1,24.0,0.4166666666666667,279.6759159264,
1257768,VIST,74,17.8329090863,1319.6352723861999,False,0.11299527311052585,217,VIST,3:1,3.0,24.666666666666668,53.4987272589,
620134,MSFT,8,13.6486879406,109.1895035248,False,0.022588688359509303,466,MSFT,30:1,30.0,0.26666666666666666,409.460638218,
273599,VEA,22,6.173546055100001,135.81801321220001,False,0.05429396460033642,324,VEA,10:1,10.0,2.2,61.73546055100001,
272449,F,217,12.8763054009,2794.1582719953,False,0.012553166790161534,175,F,1:1,1.0,217.0,12.8763054009,
890058,CEG,5,6.639656032299999,33.198280161499994,False,0.069464888367172,202,CEG,45:1,45.0,0.1111111111111111,298.78452145349996,
609073,SPY,4,11.1621221852,44.6484887408,False,0.3475613104062374,376,SPY,60:1,60.0,0.06666666666666667,669.727331112,
1199836,SLV,36,14.2452092977,512.8275347172,False,0.027390371079560525,256,SLV,6:1,6.0,6.0,85.4712557862,
273850,NVDA,9,9.2497196262,83.2474766358,False,0.05744619890898204,132,NVDA,24:1,24.0,0.375,221.9932710288,
272449,MSFT,8,13.3236386103,106.5891088824,False,0.01776864153834325,176,MSFT,30:1,30.0,0.26666666666666666,399.709158309,
890058,BABA,24,16.873454033,404.96289679200004,False,0.14019373888241032,280,BABA,9:1,9.0,2.6666666666666665,151.861086297,
1306042,GOOGL,4,6.4575471698,25.8301886792,False,0.011796423310542105,61,GOOGL,58:1,58.0,0.06896551724137931,374.53773584839996,
469021,MSFT,8,14.7790520238,118.2324161904,False,0.01518776152229554,284,MSFT,30:1,30.0,0.26666666666666666,443.371560714,
951102,GOOGL,4,5.1346971375,20.53878855,False,0.01636989032244349,207,GOOGL,58:1,58.0,0.06896551724137931,297.812433975,
1260792,SPY,4,12.6787677725,50.71507109,False,0.31535289030798913,115,SPY,60:1,60.0,0.06666666666666667,760.72606635,
273599,SPY,4,9.8700929714,39.4803718856,False,0.09474560717123313,558,SPY,60:1,60.0,0.06666666666666667,592.205578284,
274366,AAPL,11,9.3144024,102.45842640000001,False,0.16568445254247302,1101,AAPL,20:1,20.0,0.55,186.288048,
444524,MELI,2,15.3505070619,30.7010141238,False,0.07249694072429314,325,MELI,120:1,120.0,0.016666666666666666,1842.060847428,
469021,BIOX,210,0.6348523952,133.319002992,False,0.0002988798077834656,257,BIOX,1:1,1.0,210.0,0.6348523952,
841472,GOOGL,4,4.1973569523,16.7894278092,False,0.044308051638573265,409,GOOGL,58:1,58.0,0.06896551724137931,243.4467032334,
620134,META,9,26.9396363991,242.4567275919,False,0.037888015368071654,315,META,24:1,24.0,0.375,646.5512735784,
270166,SPY,4,12.4397369614,49.7589478456,False,0.225003588136733,103,SPY,60:1,60.0,0.06666666666666667,746.384217684,
507858,IBIT,21,6.4426570048,135.2957971008,False,0.021039887589265754,370,IBIT,10:1,10.0,2.1,64.426570048,
580508,AMZN,2,1.6662397685,3.332479537,False,0.2067590342012025,281,AMZN,144:1,144.0,0.013888888888888888,239.93852666400002,
279119,VIST,68,24.69,1678.92,False,0.06903572819336205,12,VIST,3:1,3.0,22.666666666666668,74.07000000000001,
270641,ORLY,1,0.442,0.442,False,0.018076463701618913,270,ORLY,222:1,222.0,0.0045045045045045045,98.124,
324464,PYPL,25,7.0643795645,176.6094891125,False,0.06032727832172112,371,PYPL,8:1,8.0,3.125,56.515036516,
381179,TMUS,7,5.59045,39.13315,False,0.012402336310407523,63,TMUS,33:1,33.0,0.21212121212121213,184.48485,
620134,DISN,17,7.495188035,127.418196595,False,0.01015308138976254,770,DIS,12:1,12.0,1.4166666666666667,89.94225642,
978527,IBM,14,16.48,230.72,False,0.07227305719322821,39,IBM,15:1,15.0,0.9333333333333333,247.20000000000002,
1200806,EWZ,100,11.673190705,1167.3190705,False,0.26302508569830907,550,EWZ,2:1,2.0,50.0,23.34638141,
1200806,EEM,40,7.999657935,319.9863174,False,0.16851024737971107,550,EEM,5:1,5.0,8.0,39.998289675,
388524,WMT,11,4.82630938,53.08940318,False,0.03152572540351687,346,WMT,18:1,18.0,0.6111111111111112,86.87356883999999,
368550,MP,20,5.5929588934,111.85917786799999,False,0.0868191956966799,24,MP,10:1,10.0,2.0,55.929588933999995,
388524,NKE,17,4.1962253372,71.3358307324,False,0.015122178942685903,301,NKE,12:1,12.0,1.4166666666666667,50.354704046399995,
890058,ADGO,197,12.0281788742,2369.5512382174,False,0.11394039556094436,150,AGRO,1:1,1.0,197.0,12.0281788742,
1234134,DIA,10,21.3176257857,213.176257857,False,0.017142352644319132,638,DIA,20:1,20.0,0.5,426.352515714,
388524,MSFT,7,13.4513460929,94.1594226503,False,0.09322721075825066,187,MSFT,30:1,30.0,0.23333333333333334,403.540382787,
507365,ETHA,39,6.6235388205,258.3180139995,False,0.09798047218793009,391,ETHA,5:1,5.0,7.8,33.1176941025,
609073,GLD,4,8.4694358975,33.87774359,False,0.1845447405423342,258,GLD,50:1,50.0,0.08,423.471794875,
1491709,MSFT,7,14.4412519384,101.0887635688,False,0.11520071022557231,178,MSFT,30:1,30.0,0.23333333333333334,433.237558152,
1491709,QQQ,10,30.970261723,309.70261723,False,0.24898045812008285,319,QQQ,20:1,20.0,0.5,619.40523446,
271658,IREN,17,4.6735859536,79.4509612112,False,0.27683860246400427,157,IREN,12:1,12.0,1.4166666666666667,56.0830314432,
495464,AMZN,2,1.8976804072,3.7953608144,False,0.08417947229363885,30,AMZN,144:1,144.0,0.013888888888888888,273.2659786368,
573397,NVDA,9,5.2501607461,47.2514467149,False,0.09021857111229169,830,NVDA,24:1,24.0,0.375,126.00385790639999,
459794,MELI,2,10.5827879427,21.1655758854,False,0.48033183268607615,1261,MELI,120:1,120.0,0.016666666666666666,1269.9345531239999,
1022635,NKE,16,4.0500861875,64.801379,False,0.3013194871932125,140,NKE,12:1,12.0,1.3333333333333333,48.60103425,
620134,LLY,4,14.4422157302,57.7688629208,False,0.02279424445200491,698,LLY,56:1,56.0,0.07142857142857142,808.7640808911999,
271919,GLD,4,9.0627773925,36.25110957,False,0.05929449549842228,267,GLD,50:1,50.0,0.08,453.138869625,
921796,VEA,19,7.084460473100001,134.6047489889,False,0.14233753412824507,159,VEA,10:1,10.0,1.9,70.844604731,
978527,JPM,13,24.7366128978,321.5759676714,False,0.10131877852254792,50,JPM,15:1,15.0,0.8666666666666667,371.049193467,
271821,SPY,4,11.3513813837,45.4055255348,False,0.2360256324109363,306,SPY,60:1,60.0,0.06666666666666667,681.082883022,
367345,GOOGL,4,4.3653783784,17.4615135136,False,0.7753830034455198,356,GOOGL,58:1,58.0,0.06896551724137931,253.1919459472,
273599,ASML,2,8.217833612,16.435667224,False,0.08141065845409108,273,ASML,146:1,146.0,0.0136986301369863,1199.803707352,
416911,VIST,61,11.3839715989,694.4222675329,False,0.04503646133107996,912,VIST,3:1,3.0,20.333333333333332,34.1519147967,
273698,FXI,37,7.303925906100001,270.2452585257,False,0.03715512330994215,455,FXI,5:1,5.0,7.4,36.519629530500005,
1234134,BMY,61,23.4702081492,1431.6826971012001,False,0.01208435744736773,48,BMY,3:1,3.0,20.333333333333332,70.4106244476,
273698,NFLX,4,2.0844441333,8.3377765332,False,0.007703211200962646,560,NFLX,48:1,48.0,0.08333333333333333,100.0533183984,
469021,AAPL,9,13.1163809777,118.04742879930001,False,0.012320533653799343,363,AAPL,20:1,20.0,0.45,262.327619554,
491900,XLK,4,3.2866347501,13.1465390004,False,0.02765372435122956,337,XLK,46:1,46.0,0.08695652173913043,151.1851985046,
786798,GOOGL,4,3.3735149219,13.4940596876,False,0.06524176987180834,430,GOOGL,58:1,58.0,0.06896551724137931,195.6638654702,
1334159,WMT,10,7.3634310391,73.634310391,False,0.04970633925464693,243,WMT,18:1,18.0,0.5555555555555556,132.54175870379999,
477338,GOOGL,4,2.8851618371,11.5406473484,False,0.040719712244140845,909,GOOGL,58:1,58.0,0.06896551724137931,167.3393865518,
274366,MSFT,6,11.095675858,66.574055148,False,0.1460253270386812,1097,MSFT,30:1,30.0,0.2,332.87027574,
679556,NVDA,8,7.9831250001,63.8650000008,False,0.15064170032496152,339,NVDA,24:1,24.0,0.3333333333333333,191.5950000024,
381179,AAPL,9,8.0235632184,72.2120689656,False,0.03624676303917106,1825,AAPL,20:1,20.0,0.45,160.471264368,
683388,NVDA,8,8.0161494253,64.1291954024,False,0.03614579495802881,281,NVDA,24:1,24.0,0.3333333333333333,192.3875862072,
966156,MP,18,5.6614024942,101.90524489559999,False,0.04201320427794706,56,MP,10:1,10.0,1.8,56.614024942,
1111378,AMZN,2,1.3365147267,2.6730294534,False,0.055919224630309225,753,AMZN,144:1,144.0,0.013888888888888888,192.45812064479998,
292005,SPY,3,12.5333597077,37.6000791231,False,0.5208091871753683,149,SPY,60:1,60.0,0.05,752.001582462,
324464,JD,43,7.9878297395,343.4766787985,False,0.0496833379940858,726,JD,4:1,4.0,10.75,31.951318958,
841472,NVDA,8,7.1683146529,57.3465172232,False,0.05983025621155288,431,NVDA,24:1,24.0,0.3333333333333333,172.0395516696,
1199836,GOOGL,3,5.9460946745,17.8382840235,False,0.014027378267160365,85,GOOGL,58:1,58.0,0.05172413793103448,344.87349112100003,
818205,SPY,3,10.513729869,31.541189607,False,0.3385190510853984,415,SPY,60:1,60.0,0.05,630.82379214,
316998,KO,33,12.7827141636,421.8295673988,False,0.12723357712666336,662,KO,5:1,5.0,6.6,63.913570818,
987777,SPY,3,11.4745810363,34.4237431089,False,0.1398300396548993,288,SPY,60:1,60.0,0.05,688.474862178,
1165128,SPY,3,11.304585630300002,33.913756890900004,False,0.11595148023443538,349,SPY,60:1,60.0,0.05,678.2751378180001,
469021,XOM,17,11.4092701707,193.9575929019,False,0.011040695785254661,384,XOM,10:1,10.0,1.7,114.09270170699999,
404917,NVDA,7,9.1265030675,63.8855214725,False,0.03772339835637417,130,NVDA,24:1,24.0,0.2916666666666667,219.03607362,
620134,IBM,11,16.5837538343,182.42129217730002,False,0.014128069636235759,222,IBM,15:1,15.0,0.7333333333333333,248.7563075145,
1444848,SPY,3,12.4323490675,37.2970472025,False,0.2424472124114966,180,SPY,60:1,60.0,0.05,745.94094405,
162583,GLD,4,7.5650595092,30.2602380368,False,0.1345473133638442,350,GLD,50:1,50.0,0.08,378.25297546,
274366,KO,33,11.3646914286,375.0348171438,False,0.13177511916067267,1098,KO,5:1,5.0,6.6,56.823457143,
383372,AMZN,2,1.8670420909,3.7340841818,False,0.07057178899796293,146,AMZN,144:1,144.0,0.013888888888888888,268.8540610896,
469021,MELI,2,15.34553325,30.6910665,False,0.010206221154422665,220,MELI,120:1,120.0,0.016666666666666666,1841.4639900000002,
497632,NU,80,7.340069037499999,587.205523,False,0.07917668925624168,182,NU,2:1,2.0,40.0,14.680138074999999,
709175,NU,80,7.038550056299999,563.084004504,False,0.09593542293245165,253,NU,2:1,2.0,40.0,14.077100112599998,
743657,AMZN,2,1.2964700922,2.5929401844,False,0.04322247055092091,643,AMZN,144:1,144.0,0.013888888888888888,186.6916932768,
751919,MO,40,18.11,724.4,False,0.012843985485755442,12,MO,4:1,4.0,10.0,72.44,
416911,AMZN,2,0.9657093758,1.9314187516,False,0.003113174632994284,1150,AMZN,144:1,144.0,0.013888888888888888,139.0621501152,
553132,XLK,4,4.1797730377,16.7190921508,False,0.9175294221750288,28,XLK,46:1,46.0,0.08695652173913043,192.26955973420002,
669173,MSFT,6,13.3115094277,79.8690565662,False,0.15420892589199164,147,MSFT,30:1,30.0,0.2,399.345282831,
893104,WMT,9,6.1218930943,55.0970378487,False,0.08317133341132267,27,WMT,18:1,18.0,0.5,110.1940756974,
942255,IBIT,16,4.2316991069,67.7071857104,False,0.7081691874780162,45,IBIT,10:1,10.0,1.6,42.316991069,
429602,AMZN,2,1.2775166709,2.5550333418,False,0.008521111640905224,810,AMZN,144:1,144.0,0.013888888888888888,183.96240060960002,
625209,MELI,2,15.7314719051,31.4629438102,False,0.02000789125160384,113,MELI,120:1,120.0,0.016666666666666666,1887.776628612,
893104,PEP,9,7.890562968299999,71.0150667147,False,0.09884289046855538,69,PEP,18:1,18.0,0.5,142.0301334294,
469021,VIG,4,5.2163889424,20.8655557696,False,0.003891389868762909,460,VIG,39:1,39.0,0.10256410256410256,203.4391687536,
1234134,TSLA,11,27.2844272821,300.1287001031,False,0.013478170226249317,638,TSLA,15:1,15.0,0.7333333333333333,409.2664092315,
923211,GOOGL,3,6.879814529,20.639443587,False,0.11572993914681101,161,GOOGL,58:1,58.0,0.05172413793103448,399.029242682,
274529,GOOGL,3,3.3065751557999996,9.9197254674,False,0.04116139897615833,441,GOOGL,58:1,58.0,0.05172413793103448,191.78135903639998,
511808,GLD,4,8.5707497337,34.2829989348,False,0.022262723881216123,222,GLD,50:1,50.0,0.08,428.537486685,
742032,GOOGL,3,4.1060792987,12.318237896100001,False,0.08883722435094499,252,GOOGL,58:1,58.0,0.05172413793103448,238.1525993246,
793660,ADBE,4,6.8658414545,27.463365818,False,0.1455181590534491,40,ADBE,44:1,44.0,0.09090909090909091,302.097023998,
781590,RGTI,76,16.1,1223.6000000000001,False,0.03503702139010404,333,RGTI,2:1,2.0,38.0,32.2,
1234134,MSFT,6,14.3032986448,85.8197918688,False,0.009082362083658807,638,MSFT,30:1,30.0,0.2,429.098959344,
620134,V,9,18.0973371325,162.87603419250001,False,0.018244501261551797,222,V,18:1,18.0,0.5,325.75206838500003,
700245,PAAS,51,4.5540353378,232.25580222780002,False,0.2656885507380454,1090,PAAS,3:1,3.0,17.0,13.6621060134,
1557046,IBIT,16,3.7653234106,60.2451745696,False,0.09557054796146737,81,IBIT,10:1,10.0,1.6,37.653234106,
324464,SPY,3,8.4261128582,25.2783385746,False,0.08593775897988169,784,SPY,60:1,60.0,0.05,505.566771492,
951102,QQQ,8,26.58767114,212.70136912,False,0.07359619030900405,476,QQQ,20:1,20.0,0.4,531.7534228000001,
1199836,COPX,11,6.5882,72.47019999999999,False,0.012877904973859527,252,COPX,14:1,14.0,0.7857142857142857,92.23479999999999,
349646,PEP,9,7.550224731499999,67.9520225835,False,0.0558773436488862,306,PEP,18:1,18.0,0.5,135.904045167,
1334201,GOOGL,3,5.657606953000001,16.972820859000002,False,0.0073146874007791966,301,GOOGL,58:1,58.0,0.05172413793103448,328.1412032740001,
349646,NKE,13,4.9113914227,63.84808849510001,False,0.02237414126580373,428,NKE,12:1,12.0,1.0833333333333333,58.93669707240001,
469021,NKE,13,5.812592918799999,75.5637079444,False,0.0017104581560976467,363,NKE,12:1,12.0,1.0833333333333333,69.75111502559999,
957623,LRCX,3,2.9124310473,8.7372931419,False,0.01901109379444629,323,LRCX,56:1,56.0,0.05357142857142857,163.0961386488,
987777,GLD,3,7.6604447769999995,22.981334331,False,0.07376766805555207,317,GLD,50:1,50.0,0.06,383.02223884999995,
444524,KO,30,14.074706172,422.24118516000004,False,0.056490571286670774,398,KO,5:1,5.0,6.0,70.37353086,
271919,NVDA,7,9.2553567192,64.7874970344,False,0.061104213373819126,185,NVDA,24:1,24.0,0.2916666666666667,222.12856126079998,
374125,ASML,1,12.768630137,12.768630137,False,0.009807596890120328,96,ASML,146:1,146.0,0.00684931506849315,1864.220000002,
428028,AMZN,2,1.2605487945,2.521097589,False,0.1492908197453652,705,AMZN,144:1,144.0,0.013888888888888888,181.519026408,
469021,VIST,49,11.8288573973,579.6140124677,False,0.013319467076252627,363,VIST,3:1,3.0,16.333333333333332,35.4865721919,
793660,AAL,73,7.271253047900001,530.8014724967001,False,0.16307709281293983,40,AAL,2:1,2.0,36.5,14.542506095800002,
273599,IBIT,15,4.2788904759,64.1833571385,False,0.02457949261330054,193,IBIT,10:1,10.0,1.5,42.788904759,
267623,SPY,3,9.4483333334,28.345000000200002,False,0.1285905063970334,748,SPY,60:1,60.0,0.05,566.900000004,
951102,AMZN,1,1.4924851181,1.4924851181,False,0.00327830454627452,223,AMZN,144:1,144.0,0.006944444444444444,214.9178570064,
1071931,NVDA,6,9.0680564561,54.4083387366,False,0.992492182134594,132,NVDA,24:1,24.0,0.25,217.6333549464,
1596393,SPY,3,11.520277777799999,34.5608333334,False,0.2822817062277606,191,SPY,60:1,60.0,0.05,691.2166666679999,
316998,QQQ,8,28.2159537817,225.7276302536,False,0.23989691758758042,520,QQQ,20:1,20.0,0.4,564.319075634,
562041,SPY,3,13.0425705098,39.1277115294,False,0.7643822050784448,87,SPY,60:1,60.0,0.05,782.5542305880001,
273850,GOOGL,3,6.9887943192,20.9663829576,False,0.022690986813449235,131,GOOGL,58:1,58.0,0.05172413793103448,405.35007051360003,
449045,ASML,1,12.4312019858,12.4312019858,False,0.01711263714867173,57,ASML,146:1,146.0,0.00684931506849315,1814.9554899267998,
472424,AMZN,1,0.9040437958,0.9040437958,False,0.036768161221694066,952,AMZN,144:1,144.0,0.006944444444444444,130.1823065952,
743657,SPY,3,8.797641407,26.392924221,False,0.28040539045385143,583,SPY,60:1,60.0,0.05,527.85848442,
771491,GOOGL,3,6.3613066028,19.0839198084,False,0.011982780574897826,14,GOOGL,58:1,58.0,0.05172413793103448,368.9557829624,
368550,TMUS,5,6.2673350786,31.336675393,False,0.06500614901180124,301,TMUS,33:1,33.0,0.15151515151515152,206.82205759380003,
388524,GOOGL,3,4.3702201524,13.1106604572,False,0.022874007326364097,155,GOOGL,58:1,58.0,0.05172413793103448,253.4727688392,
391352,SPHQ,10,6.403071428599999,64.03071428599999,False,0.323432666398297,32,SPHQ,14:1,14.0,0.7142857142857143,89.64300000039998,
413561,GOOGL,3,2.5019781858,7.5059345574,False,0.12595478176622732,1810,GOOGL,58:1,58.0,0.05172413793103448,145.1147347764,
491900,XLY,4,2.8159821357,11.2639285428,False,0.012589730732081616,337,XLY,43:1,43.0,0.09302325581395349,121.0872318351,
500071,BKNG,1,0.3057491786,0.3057491786,False,0.010489861788771043,54,BKNG,700:1,700.0,0.0014285714285714286,214.02442502,
609073,IBIT,14,4.6938574215,65.714003901,False,0.08463975287245191,208,IBIT,10:1,10.0,1.4,46.938574214999996,
709175,NVDA,6,5.944226853,35.665361118,False,0.11020647691531671,398,NVDA,24:1,24.0,0.25,142.661444472,
818090,BP,28,6.3463831,177.6987268,False,0.054131295629157784,637,BP,5:1,5.0,5.6,31.7319155,
1081285,NVDA,6,6.2279960433,37.3679762598,False,0.4921594905879872,685,NVDA,24:1,24.0,0.25,149.4719050392,
469021,JPM,10,19.9344203942,199.344203942,False,0.012491378429179658,323,JPM,15:1,15.0,0.6666666666666666,299.016305913,
612213,GOOGL,3,3.0584095183,9.1752285549,False,0.05090054769351311,840,GOOGL,58:1,58.0,0.05172413793103448,177.3877520614,
1234134,WFC,28,17.8672158832,500.2820447296,False,0.007615478357337614,48,WFC,5:1,5.0,5.6,89.336079416,
1257768,MCD,6,11.361678832100003,68.17007299260001,False,0.030819212844959844,38,MCD,24:1,24.0,0.25,272.68029197040005,
1257768,SPY,3,12.9589781022,38.8769343066,False,0.04098716289648092,90,SPY,60:1,60.0,0.05,777.538686132,
371015,KO,28,18.7011764706,523.6329411768,False,0.05103136990145102,39,KO,5:1,5.0,5.6,93.505882353,
507365,GLOB,8,5.6685537574,45.3484300592,False,0.03299408731401029,505,GLOB,18:1,18.0,0.4444444444444444,102.03396763319999,
511808,META,6,26.2960350331,157.7762101986,False,0.07996281918531498,330,META,24:1,24.0,0.25,631.1048407944,
1491709,BRKB,7,23.056142694,161.392998858,False,0.10388116663091597,177,BRK/B,22:1,22.0,0.3181818181818182,507.23513926799995,
507858,GOOGL,3,5.7358800909,17.2076402727,False,0.016530093189975666,75,GOOGL,58:1,58.0,0.05172413793103448,332.68104527220004,
648787,AMZN,1,1.6336041516,1.6336041516,False,0.017495517913508216,280,AMZN,144:1,144.0,0.006944444444444444,235.2389978304,
272449,JPM,9,21.5582000305,194.0238002745,False,0.01384281594062817,176,JPM,15:1,15.0,0.6,323.3730004575,
399757,GOOGL,3,3.4082223817,10.2246671451,False,0.01799123546800805,410,GOOGL,58:1,58.0,0.05172413793103448,197.6768981386,
890058,OXY,27,11.5488955802,311.8201806654,False,0.0818553213836138,211,OXY,5:1,5.0,5.4,57.744477900999996,
324464,ADBE,3,5.3914568692,16.1743706076,False,0.03123015815675598,178,ADBE,44:1,44.0,0.06818181818181818,237.22410224479998,
491900,GOOGL,3,2.9271559615,8.7814678845,False,0.027301700550920613,756,GOOGL,58:1,58.0,0.05172413793103448,169.775045767,
507858,MELI,2,15.55,31.1,False,0.04221543223428374,91,MELI,120:1,120.0,0.016666666666666666,1866.0,
906314,AMZN,1,1.7615836462,1.7615836462,False,0.039723992924607016,97,AMZN,144:1,144.0,0.006944444444444444,253.6680450528,
951102,KO,26,15.1668284615,394.337539999,False,0.029113119720340197,277,KO,5:1,5.0,5.2,75.8341423075,
273698,GOOGL,3,2.5345423758,7.6036271274,False,0.02345430998439778,1088,GOOGL,58:1,58.0,0.05172413793103448,147.0034577964,
388524,BBD,129,3.6082506358,465.4643320182,False,0.015155168788882527,161,BBD,1:1,1.0,129.0,3.6082506358,
648793,SPY,3,10.1182073859,30.3546221577,False,0.09298172723643798,552,SPY,60:1,60.0,0.05,607.092443154,
368550,PEP,7,8.4538588888,59.177012221599995,False,0.0823195024735287,135,PEP,18:1,18.0,0.3888888888888889,152.1694599984,
511808,AVGO,4,10.0676467143,40.2705868572,False,0.022287703145691656,207,AVGO,39:1,39.0,0.10256410256410256,392.6382218577,
721251,IBIT,13,5.671425025,73.72852532499999,False,0.07564396758945377,404,IBIT,10:1,10.0,1.3,56.71425024999999,
272449,BRKB,6,22.734885576,136.409313456,False,0.013683465760429522,176,BRK/B,22:1,22.0,0.2727272727272727,500.167482672,
279119,JPM,9,24.905690688,224.151216192,False,0.04269615168160602,50,JPM,15:1,15.0,0.6,373.58536032,
376963,INTC,25,19.723967931,493.099198275,False,0.060202197484389666,32,INTC,5:1,5.0,5.0,98.619839655,
482152,SMH,3,11.603144992000002,34.809434976000006,False,0.08379618425196372,51,SMH,50:1,50.0,0.06,580.1572496000001,
1165128,GLD,3,7.54626352,22.63879056,False,0.05166419834948557,349,GLD,50:1,50.0,0.06,377.313176,
743657,NVDA,6,7.4816273307,44.8897639842,False,0.19041254527081353,340,NVDA,24:1,24.0,0.25,179.5590559368,
324464,NKE,11,2.8750186667,31.6252053337,False,0.015326084092440996,1,NKE,12:1,12.0,0.9166666666666666,34.500224000399996,
368550,ACN,2,3.4684606341,6.9369212682,False,0.029919501395542704,396,ACN,75:1,75.0,0.02666666666666667,260.1345475575,
469021,DISN,11,9.1681499024,100.8496489264,False,0.0043574878438660085,337,DIS,12:1,12.0,0.9166666666666666,110.0177988288,
539608,NVDA,6,7.536874252,45.221245511999996,False,0.08488253759890742,307,NVDA,24:1,24.0,0.25,180.88498204799998,
693074,NVDA,6,7.6018014715,45.610808829,False,0.07135564182904251,349,NVDA,24:1,24.0,0.25,182.443235316,
838973,SPY,3,12.1519512195,36.455853658500004,False,0.07314908274688896,215,SPY,60:1,60.0,0.05,729.11707317,
1325491,NVDA,6,8.9840865041,53.904519024600006,False,0.17543525504177843,61,NVDA,24:1,24.0,0.25,215.61807609840002,
620134,CL,41,26.7983837377,1098.7337332457,False,0.020629663670352877,315,CL,3:1,3.0,13.666666666666666,80.39515121310001,
635810,VIST,41,17.156758082,703.427081362,False,0.09976989090312874,607,VIST,3:1,3.0,13.666666666666666,51.470274246,
545179,SLV,21,12.0744320413,253.56307286729998,False,0.07389398756170372,138,SLV,6:1,6.0,3.5,72.4465922478,
607830,VST,5,6.1264091667,30.6320458335,False,0.03910093266174374,66,VST,26:1,26.0,0.19230769230769232,159.2866383342,
709175,SPY,2,9.0323826833,18.0647653666,False,0.12233585187325072,798,SPY,60:1,60.0,0.03333333333333333,541.942960998,
846126,AMZN,1,2.0031760833,2.0031760833,False,0.08423546368989206,63,AMZN,144:1,144.0,0.006944444444444444,288.45735599520003,
921796,GOOGL,3,5.7531953166,17.2595859498,False,0.07700668939312139,234,GOOGL,58:1,58.0,0.05172413793103448,333.6853283628,
272449,PBR,118,12.6912158391,1497.5634690138,False,0.013575283069285486,603,PBR,1:1,1.0,118.0,12.6912158391,
273698,GLD,3,8.278721322,24.836163966,False,0.02725886128596631,57,GLD,50:1,50.0,0.06,413.93606610000006,
626180,GLOB,7,7.484937,52.394559,False,0.1244025525317398,564,GLOB,18:1,18.0,0.3888888888888889,134.728866,
72153,AVGO,3,4.4697435897,13.4092307691,False,0.08028604369876287,741,AVGO,39:1,39.0,0.07692307692307693,174.3199999983,
273599,XLV,5,5.4771129744,27.385564872,False,0.023545669287649208,116,XLV,29:1,29.0,0.1724137931034483,158.8362762576,
273887,SPY,2,9.9379487094,19.8758974188,False,0.982820396183972,721,SPY,60:1,60.0,0.03333333333333333,596.2769225640001,
1353300,GLD,3,6.9426266752,20.8278800256,False,0.11857634250814561,377,GLD,50:1,50.0,0.06,347.13133375999996,
1419958,SPY,2,11.6302564103,23.2605128206,False,0.015279173015874553,314,SPY,60:1,60.0,0.03333333333333333,697.8153846179999,
781697,XLK,3,4.2669827586,12.8009482758,False,0.07688621989395004,25,XLK,46:1,46.0,0.06521739130434782,196.2812068956,
1059420,PANW,3,3.4557783621,10.367335086299999,False,0.0316737587371772,736,PANW,50:1,50.0,0.06,172.788918105,
1135220,AMZN,1,1.69,1.69,False,0.010658865620115459,622,AMZN,144:1,144.0,0.006944444444444444,243.35999999999999,
469021,ARCO,228,13.2796611229,3027.7627360212,False,0.007563724726730155,363,ARCO,1:2,0.5,456.0,6.63983056145,
482152,MELI,1,10.5132410291,10.5132410291,False,0.09340086821887542,403,MELI,120:1,120.0,0.008333333333333333,1261.588923492,
607830,HIMS,29,9.266150105299998,268.71835305369996,False,0.049721063445962096,86,HIMS,4:1,4.0,7.25,37.06460042119999,
793660,AVGO,3,10.0896467105,30.268940131500003,False,0.184876983821843,64,AVGO,39:1,39.0,0.07692307692307693,393.4962217095,
1334201,MSFT,4,14.5567309737,58.2269238948,False,0.016375896940325443,67,MSFT,30:1,30.0,0.13333333333333333,436.701929211,
978527,UBER,57,36.7,2091.9,False,0.09664236416449336,18,UBER,2:1,2.0,28.5,73.4,
267343,SPY,2,10.3748654286,20.7497308572,False,0.034106624342582915,292,SPY,60:1,60.0,0.03333333333333333,622.491925716,
388524,DISN,10,8.6980396694,86.980396694,False,0.026353912451755623,337,DIS,12:1,12.0,0.8333333333333334,104.3764760328,
592411,GOOGL,2,3.7259723572,7.4519447144,False,0.043034719879021036,444,GOOGL,58:1,58.0,0.034482758620689655,216.10639671759998,
469021,NVDA,5,7.538000693700001,37.6900034685,False,0.0045546255276862554,329,NVDA,24:1,24.0,0.20833333333333334,180.91201664880003,
650633,GOOGL,2,3.997493928,7.994987856,False,0.03944921002484227,439,GOOGL,58:1,58.0,0.034482758620689655,231.85464782399998,
373987,AMZN,1,1.7981381182,1.7981381182,False,0.05995404406293345,215,AMZN,144:1,144.0,0.006944444444444444,258.9318890208,
388524,VST,5,6.411367309099999,32.0568365455,False,0.016766172944817675,91,VST,26:1,26.0,0.19230769230769232,166.69555003659997,
491900,XLI,4,5.4730212182,21.8920848728,False,0.023474198943928597,337,XLI,28:1,28.0,0.14285714285714285,153.2445941096,
526836,MELI,1,14.5011052727,14.5011052727,False,0.39911120279105644,158,MELI,120:1,120.0,0.008333333333333333,1740.1326327240001,
743657,GOOGL,2,2.8080810547,5.6161621094,False,0.10126352592330332,604,GOOGL,58:1,58.0,0.034482758620689655,162.8687011726,
716941,ETHA,22,3.2388355138,71.2543813036,False,0.9951915852742299,133,ETHA,5:1,5.0,4.4,16.194177568999997,
916915,VST,5,5.7222617064,28.611308532000002,False,0.12945832908293378,51,VST,26:1,26.0,0.19230769230769232,148.7788043664,
1021477,AMZN,1,1.8,1.8,False,0.1607331234246785,81,AMZN,144:1,144.0,0.006944444444444444,259.2,
477338,SPY,2,10.606384187,21.212768374,False,0.052877558591544756,535,SPY,60:1,60.0,0.03333333333333333,636.38305122,
511808,VST,5,5.5597888505,27.7989442525,False,0.01135736046847243,30,VST,26:1,26.0,0.19230769230769232,144.55451011300002,
966156,COIN,4,10.3750249346,41.5000997384,False,0.0387459919141224,441,COIN,27:1,27.0,0.14814814814814814,280.1256732342,
274366,DIA,6,16.7950679908,100.7704079448,False,0.1287307854835265,1096,DIA,20:1,20.0,0.3,335.90135981599997,
371015,BRKB,5,24.0698113113,120.3490565565,False,0.05290823544017913,39,BRK/B,22:1,22.0,0.22727272727272727,529.5358488486,
491900,NVDA,5,4.9020964435,24.510482217499998,False,0.03713312624731186,740,NVDA,24:1,24.0,0.20833333333333334,117.65031464399999,
507858,VIST,36,18.1389622642,653.0026415112,False,0.04922926323368694,241,VIST,3:1,3.0,12.0,54.416886792599996,
368550,MCD,5,12.288762438,61.443812189999996,False,0.09561106983822124,285,MCD,24:1,24.0,0.20833333333333334,294.930298512,
469021,GLD,3,7.412882990499999,22.238648971499998,False,0.003281725518040266,367,GLD,50:1,50.0,0.06,370.64414952499993,
551100,GOOGL,2,6.3058749238,12.6117498476,False,0.10334890646342734,51,GOOGL,58:1,58.0,0.034482758620689655,365.7407455804,
557758,XLU,7,3.0631564762,21.4420953334,False,0.040037318040254094,53,XLU,15:1,15.0,0.4666666666666667,45.947347143,
841472,SNDK,1,11.1851056094,11.1851056094,False,0.037092486764758584,104,SNDK,170:1,170.0,0.0058823529411764705,1901.4679535980001,
72153,NVDA,5,5.1049038463,25.5245192315,False,0.07657256838099549,742,NVDA,24:1,24.0,0.20833333333333334,122.5176923112,
416911,CEG,3,6.2756429807,18.8269289421,False,0.006913972087282228,64,CEG,45:1,45.0,0.06666666666666667,282.40393413149997,
551100,AMZN,1,1.5541768462,1.5541768462,False,0.030037949646528856,177,AMZN,144:1,144.0,0.006944444444444444,223.80146585280002,
941426,SPY,2,10.0402563529,20.0805127058,False,0.29517849859390766,584,SPY,60:1,60.0,0.03333333333333333,602.415381174,
1070809,MELI,1,17.1152840455,17.1152840455,False,0.10008944353990244,399,MELI,120:1,120.0,0.008333333333333333,2053.83408546,
508033,GOOGL,2,6.3543273961,12.7086547922,False,0.09979147765865985,161,GOOGL,58:1,58.0,0.034482758620689655,368.55098897380003,
267343,COPX,8,6.9542766,55.6342128,False,0.014580755282491122,252,COPX,14:1,14.0,0.5714285714285714,97.3598724,
267343,MSFT,4,14.6906,58.7624,False,0.041248587578279,168,MSFT,30:1,30.0,0.13333333333333333,440.718,
273850,TSM,12,31.0511813247,372.6141758964,False,0.14539788527265005,300,TSM,9:1,9.0,1.3333333333333333,279.4606319223,
324464,GOOGL,2,4.1939082257,8.3878164514,False,0.02652081486386211,178,GOOGL,58:1,58.0,0.034482758620689655,243.24667709060003,
376963,AMZN,1,1.51466056,1.51466056,False,0.0036373141716211635,242,AMZN,144:1,144.0,0.006944444444444444,218.11112064,
386548,NVDA,5,1.8875511299999999,9.43775565,False,0.011876695140597904,1154,NVDA,24:1,24.0,0.20833333333333334,45.30122711999999,
436360,MDLZ,7,3.75253347,26.26773429,False,0.06221036004474438,628,MDLZ,15:1,15.0,0.4666666666666667,56.288002049999996,
482152,AMZN,1,1.0860049307,1.0860049307,False,0.009271532567321392,432,AMZN,144:1,144.0,0.006944444444444444,156.3847100208,
491900,XLV,4,4.92700947,19.70803788,False,0.02023632037531256,337,XLV,29:1,29.0,0.13793103448275862,142.88327463,
511808,IREN,9,3.7960929600000006,34.164836640000004,False,0.006434986723612097,10,IREN,12:1,12.0,0.75,45.553115520000006,
536243,ASTS,7,7.21012023,50.47084161,False,0.3646714113891426,127,ASTS,15:1,15.0,0.4666666666666667,108.15180345,
648777,XLU,7,3.00712844,21.04989908,False,0.04799419759269173,41,XLU,15:1,15.0,0.4666666666666667,45.106926599999994,
771491,COP,4,5.28157562,21.12630248,False,0.007286932766071033,14,COP,25:1,25.0,0.16,132.0393905,
818090,CVX,7,9.44170859,66.09196012999999,False,0.05587979872269522,630,CVX,16:1,16.0,0.4375,151.06733744,
830333,SPY,2,11.4499286882,22.8998573764,False,0.38219850756424506,281,SPY,60:1,60.0,0.03333333333333333,686.995721292,
841472,LRCX,2,5.5581169082,11.1162338164,False,0.021680843539126207,101,LRCX,56:1,56.0,0.03571428571428571,311.2545468592,
957623,SPY,2,11.10684676,22.21369352,False,0.027004515242448884,347,SPY,60:1,60.0,0.03333333333333333,666.4108056,
966156,ASML,1,9.5767815781,9.5767815781,False,0.06618221106928761,207,ASML,146:1,146.0,0.00684931506849315,1398.2101104026,
966156,GOOGL,2,5.7497965174,11.4995930348,False,0.031070382983808324,271,GOOGL,58:1,58.0,0.034482758620689655,333.4881980092,
966156,NVDA,5,5.3359938802,26.679969401,False,0.0518272888410906,685,NVDA,24:1,24.0,0.20833333333333334,128.0638531248,
967552,BIOX,100,0.60461733,60.461732999999995,False,0.9662740899357602,223,BIOX,1:1,1.0,100.0,0.60461733,Comitente no está en hoja 1
1200806,IWM,10,17.92266962,179.2266962,False,0.17369737395476256,550,IWM,10:1,10.0,1.0,179.2266962,
1464411,VST,4,6.30520983,25.22083932,False,0.01477808502520385,112,VST,26:1,26.0,0.15384615384615385,163.93545558,
1471746,GOOGL,2,5.36920704,10.73841408,False,0.19941201847028936,216,GOOGL,58:1,58.0,0.034482758620689655,311.41400832,
681044,IBIT,10,4.9560658283,49.560658282999995,False,0.040633270612412266,219,IBIT,10:1,10.0,1.0,49.560658282999995,
273599,MSFT,4,13.6483716326,54.5934865304,False,0.05988979691010991,409,MSFT,30:1,30.0,0.13333333333333333,409.451148978,
381179,PAAS,33,6.3491367144,209.5215115752,False,0.018559595170697385,1272,PAAS,3:1,3.0,11.0,19.0474101432,
592411,EWY,2,3.9322728367,7.8645456734,False,0.024117594902726705,127,EWY,50:1,50.0,0.04,196.613641835,
829702,AMZN,1,1.2255213434,1.2255213434,False,0.10717549045955388,941,AMZN,144:1,144.0,0.006944444444444444,176.47507344960002,
1513760,WMT,6,7.376947561200001,44.2616853672,False,0.12780229630678042,148,WMT,18:1,18.0,0.3333333333333333,132.78505610160002,
376888,SPCX,2,4.4240553608,8.8481107216,False,0.07719701913610565,110,SPCX,50:1,50.0,0.04,221.20276804,
376888,SPY,2,13.4185843776,26.8371687552,False,0.29324685867807704,14,SPY,60:1,60.0,0.03333333333333333,805.115062656,
469021,TSLA,7,29.057459319599996,203.40221523719998,False,0.01009568844787758,294,TSLA,15:1,15.0,0.4666666666666667,435.8618897939999,
508033,EWZ,49,19.7075373402,965.6693296697999,False,0.3438655323811288,179,EWZ,2:1,2.0,24.5,39.4150746804,
841397,SPY,2,12.1569072165,24.313814433,False,0.35067930337211234,151,SPY,60:1,60.0,0.03333333333333333,729.41443299,
966156,UPST,20,13.5738536392,271.477072784,False,0.024461771325008465,625,UPST,5:1,5.0,4.0,67.869268196,
1334159,JNJ,7,16.9140832577,118.3985828039,False,0.07788790753362419,137,JNJ,15:1,15.0,0.4666666666666667,253.7112488655,
381179,B,48,9.8693750001,473.7300000048,False,0.024111601591531986,1829,B,2:1,2.0,24.0,19.7387500002,
482152,QQQ,5,22.7828320125,113.91416006249999,False,0.19182077872367573,152,QQQ,20:1,20.0,0.25,455.65664024999995,
496376,NVDA,4,9.7264583334,38.9058333336,False,0.1093594905428905,126,NVDA,24:1,24.0,0.16666666666666666,233.4350000016,
951102,XLP,6,5.486398645799999,32.918391874799994,False,0.006312560709055662,66,XLP,16:1,16.0,0.375,87.78237833279998,
966156,MSTR,5,10.4509486667,52.2547433335,False,0.04109458086873394,736,MSTR,20:1,20.0,0.25,209.018973334,
273599,VALE,48,7.6027637053,364.9326578544,False,0.023557048372489658,229,VALE,2:1,2.0,24.0,15.2055274106,
381179,WFC,19,9.6523157895,183.3940000005,False,0.01936063987599823,1817,WFC,5:1,5.0,3.8,48.2615789475,
416911,NU,47,6.9050166383,324.5357820001,False,0.007968875952137345,90,NU,2:1,2.0,23.5,13.8100332766,
620134,NG,376,15.1856301489,5709.7969359864,False,0.014612388937433166,733,NG,1:4,0.25,1504.0,3.796407537225,
1135220,NVDA,4,5.1851063831,20.7404255324,False,0.049097418579503685,733,NVDA,24:1,24.0,0.16666666666666666,124.4425531944,
469021,FXI,19,7.6492148064,145.3350813216,False,0.002582893912608285,416,FXI,5:1,5.0,3.8,38.246074031999996,
477338,MSFT,4,13.0487795269,52.1951181076,False,0.06225264565587485,952,MSFT,30:1,30.0,0.13333333333333333,391.463385807,
504606,SPY,2,12.7563937312,25.5127874624,False,0.17081195969835075,82,SPY,60:1,60.0,0.03333333333333333,765.3836238719999,
511808,BIDU,9,11.9341377093,107.4072393837,False,0.013972890022497748,193,BIDU,11:1,11.0,0.8181818181818182,131.2755148023,
818205,AMZN,1,1.4634952366,1.4634952366,False,0.025455257489719992,480,AMZN,144:1,144.0,0.006944444444444444,210.7433140704,
477338,QQQ,5,26.2829651957,131.4148259785,False,0.1330984490451884,657,QQQ,20:1,20.0,0.25,525.659303914,
496376,VIST,31,25.8597900326,801.6534910106,False,0.2330116212516019,141,VIST,3:1,3.0,10.333333333333334,77.5793700978,
512446,BA.C,23,9.5294242501,219.1767577523,False,0.021995190007571816,641,BAC,4:1,4.0,5.75,38.1176970004,
1111378,NVDA,4,5.338432261,21.353729044,False,0.17002490940822845,736,NVDA,24:1,24.0,0.16666666666666666,128.122374264,
316998,MCD,4,12.576232189,50.304928756,False,0.03905316578160484,450,MCD,24:1,24.0,0.16666666666666666,301.829572536,
368550,PG,6,9.9983830001,59.990298000600006,False,0.08205719254716413,543,PG,15:1,15.0,0.4,149.9757450015,
381179,AXP,6,11.6852222223,70.1113333338,False,0.022828874320440676,1799,AXP,15:1,15.0,0.4,175.2783333345,
444524,VIST,30,24.4171111111,732.513333333,False,0.04443587297306985,14,VIST,3:1,3.0,10.0,73.2513333333,
444524,JNJ,6,14.8421768295,89.053060977,False,0.033763182192882,225,JNJ,15:1,15.0,0.4,222.6326524425,
469021,PEP,5,7.8414107445,39.2070537225,False,0.002580213376215608,363,PEP,18:1,18.0,0.2777777777777778,141.145393401,
551100,NFLX,2,1.7900305667,3.5800611334,False,0.020851800794324273,126,NFLX,48:1,48.0,0.041666666666666664,85.9214672016,
626180,NKE,8,7.3080000001,58.4640000008,False,0.1354659191835184,724,NKE,12:1,12.0,0.6666666666666666,87.69600000119999,
786798,SPY,2,9.9212212334,19.8424424668,False,0.07086285806401872,532,SPY,60:1,60.0,0.03333333333333333,595.2732740040001,
893104,XLP,6,5.428111111099999,32.568666666599995,False,0.040945265244049296,77,XLP,16:1,16.0,0.375,86.84977777759998,
951102,ISRG,1,4.4169209,4.4169209,False,0.005173253838789073,20,ISRG,90:1,90.0,0.011111111111111112,397.522881,
966156,SNDK,1,10.8423139,10.8423139,False,0.04681892414012866,95,SNDK,170:1,170.0,0.0058823529411764705,1843.193363,
1199836,NVDA,4,8.6387777778,34.5551111112,False,0.012460785296957023,94,NVDA,24:1,24.0,0.16666666666666666,207.33066666719998,
1401326,SPY,2,13.31,26.62,False,0.18290002502464778,27,SPY,60:1,60.0,0.03333333333333333,798.6,
1442842,FXI,18,8.1715521777,147.0879391986,False,0.05410769658731554,351,FXI,5:1,5.0,3.6,40.8577608885,
271821,DIA,5,23.5295936629,117.6479683145,False,0.22512589541665917,342,DIA,20:1,20.0,0.25,470.591873258,
302252,MSFT,3,13.9804773484,41.941432045199996,False,0.06361570575490146,131,MSFT,30:1,30.0,0.1,419.41432045199997,
917072,AMZN,1,1.3075543034,1.3075543034,False,0.02244625321929788,843,AMZN,144:1,144.0,0.006944444444444444,188.28781968959998,
1246440,GOOGL,2,5.5526966292,11.1053932584,False,0.010588229238337249,273,GOOGL,58:1,58.0,0.034482758620689655,322.0564044936,
449045,HUT,18,22.8129838068,410.63370852239996,False,0.014911629630312728,76,HUT,5:1,5.0,3.6,114.06491903399998,
648777,SPY,2,12.2625084968,24.5250169936,False,0.20486296993455022,118,SPY,60:1,60.0,0.03333333333333333,735.7505098080001,
368550,HD,3,10.1322149999,30.3966449997,False,0.07165911926747258,156,HD,32:1,32.0,0.09375,324.2308799968,
515833,EWJ,7,6.1309312989,42.9165190923,False,0.02717900734939754,181,EWJ,14:1,14.0,0.5,85.8330381846,
916915,GOOGL,2,6.1403032093,12.2806064186,False,0.10949097215138222,41,GOOGL,58:1,58.0,0.034482758620689655,356.1375861394,
1079591,GOOGL,2,5.1848837209,10.3697674418,False,0.06558280551723127,299,GOOGL,58:1,58.0,0.034482758620689655,300.7232558122,
273850,AVGO,3,11.4668235176,34.4004705528,False,0.02126590165261912,131,AVGO,39:1,39.0,0.07692307692307693,447.2061171864,
371015,QQQ,5,37.51,187.54999999999998,False,0.06987730798738563,39,QQQ,20:1,20.0,0.25,750.1999999999999,
620134,PCAR,29,36.6939811764,1064.1254541156,False,0.018293814388440688,315,PCAR,3:1,3.0,9.666666666666666,110.0819435292,
781697,SPY,2,11.7615206824,23.5230413648,False,0.16637095415923756,213,SPY,60:1,60.0,0.03333333333333333,705.691240944,
368550,XLRE,10,4.5475960164,45.475960164,False,0.035475620897477245,292,XLRE,9:1,9.0,1.1111111111111112,40.9283641476,
398646,SPY,2,11.2285714285,22.457142857,False,0.8099349116658322,349,SPY,60:1,60.0,0.03333333333333333,673.71428571,
399757,SPY,2,11.3081302857,22.6162605714,False,0.02492138683136991,351,SPY,60:1,60.0,0.03333333333333333,678.487817142,
469021,JNJ,6,13.5790841667,81.4745050002,False,0.005822676920033725,243,JNJ,15:1,15.0,0.4,203.6862625005,
494773,SPY,2,7.504333619,15.008667238,False,0.05576790010366879,1029,SPY,60:1,60.0,0.03333333333333333,450.26001714,
818090,XOM,9,11.0141569286,99.1274123574,False,0.05960866439793404,645,XOM,10:1,10.0,0.9,110.141569286,
1199836,NU,42,7.2646428571,305.1149999982,False,0.008858605740237125,14,NU,2:1,2.0,21.0,14.5292857142,
376888,BRKB,4,23.981160381,95.924641524,False,0.44600379896436737,47,BRK/B,22:1,22.0,0.18181818181818182,527.585528382,
681044,NVDA,4,5.4308396276,21.7233585104,False,0.07001081003988532,539,NVDA,24:1,24.0,0.16666666666666666,130.3401510624,
738400,IBIT,9,4.7706231928,42.9356087352,False,0.04558451824454225,23,IBIT,10:1,10.0,0.9,47.706231927999994,
1191812,PBR,83,10.4991566265,871.4299999995,False,0.23679404533970794,530,PBR,1:1,1.0,83.0,10.4991566265,
511808,LAR,82,8.6673913415,710.726090003,False,0.008747483156773693,184,LAR,1:1,1.0,82.0,8.6673913415,
731982,BIOX,82,0.3849874268,31.5689689976,False,0.4549784880147511,13,BIOX,1:1,1.0,82.0,0.3849874268,
1442842,NU,41,8.0802608018,331.29069287379997,False,0.05547724165942785,281,NU,2:1,2.0,20.5,16.1605216036,
267343,AMZN,1,1.740908963,1.740908963,False,0.003350731929247216,250,AMZN,144:1,144.0,0.006944444444444444,250.69089067200002,
271919,SPY,2,11.7910736543,23.5821473086,False,0.043903249048701964,289,SPY,60:1,60.0,0.03333333333333333,707.464419258,
273599,WMT,5,3.7159294814999995,18.579647407499998,False,0.016485616502082707,848,WMT,18:1,18.0,0.2777777777777778,66.886730667,
511808,QQQ,5,30.5234139584,152.617069792,False,0.05828446422850812,295,QQQ,20:1,20.0,0.25,610.468279168,
978527,BRKB,4,24.27,97.08,False,0.04570814106347272,19,BRK/B,22:1,22.0,0.18181818181818182,533.9399999999999,
1246440,NVDA,4,8.5013580247,34.0054320988,False,0.01607403734314926,197,NVDA,24:1,24.0,0.16666666666666666,204.0325925928,
267343,NU,40,7.067646375,282.705855,False,0.014328428203345353,550,NU,2:1,2.0,20.0,14.13529275,
324464,MELI,1,14.371540055,14.371540055,False,0.05501784544038161,382,MELI,120:1,120.0,0.008333333333333333,1724.5848066,
368550,VST,4,5.46115455,21.8446182,False,0.04183663661181814,44,VST,26:1,26.0,0.15384615384615385,141.9900183,
491900,XLB,5,2.3378647375,11.6893236875,False,0.00769235946812771,337,XLB,18:1,18.0,0.2777777777777778,42.081565274999996,
491900,XLU,6,2.8952814375,17.371688625,False,0.00748269328496091,337,XLU,15:1,15.0,0.4,43.4292215625,
841472,AVGO,3,10.4996103813,31.4988311439,False,0.026240907428032003,161,AVGO,39:1,39.0,0.07692307692307693,409.48480487070003,
1059420,NVDA,4,5.068024375,20.2720975,False,0.026852913596266636,736,NVDA,24:1,24.0,0.16666666666666666,121.632585,
1150296,GLD,2,9.3435784587,18.6871569174,False,0.05751095064570501,224,GLD,50:1,50.0,0.04,467.178922935,
1257768,MSFT,3,13.474189025,40.422567074999996,False,0.0324193289587949,98,MSFT,30:1,30.0,0.1,404.22567075,
1546139,CIBR,8,7.7243749999,61.7949999992,False,0.03409083478000633,149,CIBR,10:1,10.0,0.8,77.243749999,
1645910,AMZN,1,1.684501925,1.684501925,False,0.15550460176427502,70,AMZN,144:1,144.0,0.006944444444444444,242.56827719999998,
469021,BA.C,20,12.7376931519,254.75386303800002,False,0.004396237362601322,363,BAC,4:1,4.0,5.0,50.9507726076,
648793,GLD,2,5.7712603038,11.5425206076,False,0.034017917029868054,516,GLD,50:1,50.0,0.04,288.56301519,
721251,WBO,,,,False,0.010470844257748236,400,,,,,,"Nominales: ""Sin ratio""; Ticker sin ratio en la hoja Ratios"
272449,GILD,20,36.0366086667,720.732173334,False,0.013432470952513417,175,GILD,4:1,4.0,5.0,144.1464346668,
500459,SPY,2,12.84,25.68,False,0.5145232479619499,28,SPY,60:1,60.0,0.03333333333333333,770.4,
951102,VST,3,5.7987389487,17.3962168461,False,0.0056453127853628654,1,VST,26:1,26.0,0.11538461538461539,150.76721266619998,
1070809,GOOGL,2,6.150012141,12.300024282,False,0.029515761770921453,136,GOOGL,58:1,58.0,0.034482758620689655,356.700704178,
1434447,ASTS,6,4.2921437436,25.752862461599996,False,0.15118117805387998,77,ASTS,15:1,15.0,0.4,64.382156154,
1511293,SPY,2,12.2563300513,24.5126601026,False,0.9061444329541537,188,SPY,60:1,60.0,0.03333333333333333,735.379803078,
1641377,GOOGL,2,6.6713241026,13.3426482052,False,0.16334598514670398,124,GOOGL,58:1,58.0,0.034482758620689655,386.9367979508,
272449,GE,10,40.8042768052,408.042768052,False,0.014036932602229104,177,GE,8:1,8.0,1.25,326.4342144416,
840696,GLD,2,6.8124983506,13.6249967012,False,0.06403174160337889,383,GLD,50:1,50.0,0.04,340.62491753,
1150296,IBIT,8,3.8822705195,31.058164156,False,0.035361223969832344,219,IBIT,10:1,10.0,0.8,38.822705195,
267343,BRKB,4,22.9909329868,91.9637319472,False,0.041137220299837754,244,BRK/B,22:1,22.0,0.18181818181818182,505.80052570960004,
349646,V,5,19.7511301447,98.7556507235,False,0.08382400789548182,148,V,18:1,18.0,0.2777777777777778,355.5203426046,
368550,O,6,4.4310794342,26.586476605199998,False,0.02954849454763665,9,O,13:1,13.0,0.46153846153846156,57.6040326446,
620134,QQQ,4,23.341918079,93.367672316,False,0.016942194113300554,856,QQQ,20:1,20.0,0.2,466.83836157999997,
901398,ASML,1,8.6691805,8.6691805,False,0.026673552753418157,273,ASML,146:1,146.0,0.00684931506849315,1265.700353,
916915,SPY,2,12.8619689349,25.7239378698,False,0.209023768234214,90,SPY,60:1,60.0,0.03333333333333333,771.718136094,
1003897,MELI,1,17.3398668684,17.3398668684,False,0.1398134653294256,322,MELI,120:1,120.0,0.008333333333333333,2080.784024208,
1246440,WMT,5,6.483421052599999,32.417105262999996,False,0.008811037121810486,273,WMT,18:1,18.0,0.2777777777777778,116.70157894679998,
287267,IBIT,8,3.96,31.68,False,0.07401453909207638,189,IBIT,10:1,10.0,0.8,39.6,
388524,IREN,7,4.2146856267,29.502799386899998,False,0.006930224118876554,104,IREN,12:1,12.0,0.5833333333333334,50.576227520399996,
404917,VIST,25,3.1115203733,77.7880093325,False,0.03859116769559105,1587,VIST,3:1,3.0,8.333333333333334,9.3345611199,
467692,SPY,2,6.8032460533,13.6064921066,False,0.2747112414106037,1341,SPY,60:1,60.0,0.03333333333333333,408.194763198,
507365,HMY,75,14.575315479999999,1093.148661,False,0.160404496240335,190,HMY,1:1,1.0,75.0,14.575315479999999,
923211,VIST,25,24.2831831221,607.0795780525,False,0.20767736084289923,172,VIST,3:1,3.0,8.333333333333334,72.8495493663,
927453,SPCX,2,3.6857549867,7.3715099734,False,0.06251600128714942,101,SPCX,50:1,50.0,0.04,184.287749335,
1018218,GOOGL,2,5.9279545867,11.8559091734,False,0.037188155284107745,251,GOOGL,58:1,58.0,0.034482758620689655,343.82136602860004,
1442842,HUT,15,8.42291732,126.3437598,False,0.11877070316966488,360,HUT,5:1,5.0,3.0,42.114586599999996,
271821,LRCX,2,4.8661342838,9.7322685676,False,0.044908771368623486,168,LRCX,56:1,56.0,0.03571428571428571,272.5035198928,
436360,SPY,2,12.8663611216,25.7327222432,False,0.15328176666543744,91,SPY,60:1,60.0,0.03333333333333333,771.9816672960001,
544829,MSTR,4,16.1754053784,64.7016215136,False,0.04780690581766784,682,MSTR,20:1,20.0,0.2,323.508107568,
349646,TSLA,5,24.9091874109,124.5459370545,False,0.09938499600636713,145,TSLA,15:1,15.0,0.3333333333333333,373.6378111635,
496869,WMT,5,6.9082025068999995,34.5410125345,False,0.048377728351094614,157,WMT,18:1,18.0,0.2777777777777778,124.34764512419999,
511808,BABA,9,15.7831060959,142.0479548631,False,0.01709584507313181,202,BABA,9:1,9.0,1.0,142.0479548631,
966156,AAPL,4,12.0310998082,48.1243992328,False,0.0631116687578419,598,AAPL,20:1,20.0,0.2,240.621996164,
273850,MSFT,3,14.380277777799998,43.140833333399996,False,0.033904699815326914,133,MSFT,30:1,30.0,0.1,431.40833333399996,
316998,AAPL,4,9.2415813611,36.9663254444,False,0.053518522085877755,940,AAPL,20:1,20.0,0.2,184.831627222,
368550,VALE,36,7.1504835693999995,257.4174084984,False,0.047921867574809984,43,VALE,2:1,2.0,18.0,14.300967138799999,
381179,DISN,6,14.0852777778,84.5116666668,False,0.007762947393425484,1822,DIS,12:1,12.0,0.5,169.0233333336,
607830,RIOT,24,8.0882789722,194.11869533279997,False,0.026953885213703965,11,RIOT,3:1,3.0,8.0,24.264836916599997,
625209,NVDA,3,8.2420833332,24.7262499996,False,0.005864912164829183,246,NVDA,24:1,24.0,0.125,197.8099999968,
893104,MSFT,3,14.566203694499999,43.6986110835,False,0.11308827476104294,213,MSFT,30:1,30.0,0.1,436.986110835,
1150296,RIOT,24,4.7645648055,114.349555332,False,0.043662951320288364,418,RIOT,3:1,3.0,8.0,14.2936944165,
1150296,SPY,2,11.8364529485,23.672905897,False,0.0880050194804076,216,SPY,60:1,60.0,0.03333333333333333,710.18717691,
1325491,GOOGL,2,6.31288825,12.6257765,False,0.06156464356085623,98,GOOGL,58:1,58.0,0.034482758620689655,366.14751850000005,
1334201,KO,15,16.8618661667,252.9279925005,False,0.010202927290995558,105,KO,5:1,5.0,3.0,84.3093308335,
1557046,AVGO,2,10.2879479723,20.5758959446,False,0.08728445986726764,82,AVGO,39:1,39.0,0.05128205128205128,401.2299709197,
275675,GOOGL,2,2.5979856338,5.1959712676,False,0.05206779884103138,554,GOOGL,58:1,58.0,0.034482758620689655,150.6831667604,
829702,SHOP,1,0.6972277465,0.6972277465,False,0.06605153931141568,846,SHOP,107:1,107.0,0.009345794392523364,74.6033688755,
1596393,QQQ,4,31.3415068493,125.3660273972,False,0.4103015038584879,197,QQQ,20:1,20.0,0.2,626.830136986,
72153,AAPL,4,11.4327142858,45.7308571432,False,0.0859736732283186,742,AAPL,20:1,20.0,0.2,228.654285716,
368550,MELI,1,18.1432638143,18.1432638143,False,0.10175648835281044,343,MELI,120:1,120.0,0.008333333333333333,2177.191657716,
472424,AAPL,4,10.4163530429,41.6654121716,False,0.17308519333901043,596,AAPL,20:1,20.0,0.2,208.327060858,
512446,KO,14,12.3121995857,172.3707941998,False,0.021354185101555668,758,KO,5:1,5.0,2.8,61.5609979285,
561063,ETHA,14,3.9815469897,55.7416578558,False,0.03287393228453569,264,ETHA,5:1,5.0,2.8,19.9077349485,
709175,MSFT,3,13.1154904634,39.3464713902,False,0.09666217206485234,210,MSFT,30:1,30.0,0.1,393.464713902,
841472,SPCX,2,2.9255121857,5.8510243714,False,0.00839894320933557,41,SPCX,50:1,50.0,0.04,146.275609285,
841472,HUT,14,18.0261972901,252.3667620614,False,0.0439236227335769,120,HUT,5:1,5.0,2.8,90.1309864505,
841472,ALAB,2,7.7727205855,15.545441171,False,0.020302038724196437,79,ALAB,44:1,44.0,0.045454545454545456,341.999705762,
841472,INTC,14,20.7469041675,290.456658345,False,0.05738674900275017,98,INTC,5:1,5.0,2.8,103.73452083749999,
923211,MSFT,3,14.1605714286,42.4817142858,False,0.1529334204373868,145,MSFT,30:1,30.0,0.1,424.817142858,
1306042,NVDA,3,10.1576313,30.472893900000003,False,0.00649710562076677,32,NVDA,24:1,24.0,0.125,243.78315120000002,
381179,TSLA,5,23.7043478261,118.52173913050001,False,0.02185627144102268,1757,TSLA,15:1,15.0,0.3333333333333333,355.5652173915,
751919,CAT,4,41.9,167.6,False,0.013888056245307161,12,CAT,20:1,20.0,0.2,838.0,
1306042,IBM,5,14.750711826099998,73.7535591305,False,0.009440705351124047,81,IBM,15:1,15.0,0.3333333333333333,221.26067739149997,
1360758,SPY,2,11.774149087,23.548298174,False,0.48590085148618295,226,SPY,60:1,60.0,0.03333333333333333,706.4489452199999,
1434447,VST,3,5.550002608700001,16.6500078261,False,0.1930643339501574,34,VST,26:1,26.0,0.11538461538461539,144.3000678262,
273698,DIA,4,20.5515998826,82.2063995304,False,0.05295342207123409,671,DIA,20:1,20.0,0.2,411.03199765200003,
469021,META,3,29.3756082206,88.1268246618,False,0.008643941473326082,329,META,24:1,24.0,0.125,705.0145972944,
694664,GOOGL,2,3.1115440147,6.2230880294,False,0.06650690631763888,541,GOOGL,58:1,58.0,0.034482758620689655,180.4695528526,
799202,IEMG,6,6.993408338200001,41.960450029200004,False,0.07026777862876918,87,IEMG,12:1,12.0,0.5,83.92090005840001,
1446653,AMZN,1,1.7478183088,1.7478183088,False,0.02964451343192618,274,AMZN,144:1,144.0,0.006944444444444444,251.6858364672,
273850,TSLA,5,29.98,149.9,False,0.04562000359494882,133,TSLA,15:1,15.0,0.3333333333333333,449.7,
381179,INTC,14,10.5695522389,147.9737313446,False,0.019489848374966184,1837,INTC,5:1,5.0,2.8,52.8477611945,
535659,MELI,1,15.6650526847,15.6650526847,False,0.02250531138135355,697,MELI,120:1,120.0,0.008333333333333333,1879.806322164,
539608,GOOGL,2,5.7405121343,11.4810242686,False,0.02771893884397241,243,GOOGL,58:1,58.0,0.034482758620689655,332.9497037894,
1018218,WMT,4,6.6440676717,26.5762706868,False,0.032374560892604716,251,WMT,18:1,18.0,0.2222222222222222,119.5932180906,
1032670,AVGO,2,7.8964214478,15.7928428956,False,0.22575289749618818,341,AVGO,39:1,39.0,0.05128205128205128,307.9604364642,
376963,TSLA,5,23.9802392326,119.901196163,False,0.03461308050636371,48,TSLA,15:1,15.0,0.3333333333333333,359.70358848899997,
381179,JPM,5,10.1069696971,50.5348484855,False,0.01831461489688814,1827,JPM,15:1,15.0,0.3333333333333333,151.6045454565,
496869,SPY,2,11.9327584394,23.8655168788,False,0.09695815211527921,252,SPY,60:1,60.0,0.03333333333333333,715.965506364,
508033,NU,33,7.34,242.22,False,0.08285319362178131,84,NU,2:1,2.0,16.5,14.68,
573397,SPY,2,8.9299004091,17.8598008182,False,0.03995543342609803,567,SPY,60:1,60.0,0.03333333333333333,535.794024546,
650633,SPY,2,11.7290706666,23.4581413332,False,0.05067094638693577,250,SPY,60:1,60.0,0.03333333333333333,703.744239996,
678717,NVDA,3,5.323243197,15.969729591,False,0.3518851447215436,823,NVDA,24:1,24.0,0.125,127.757836728,
799202,GLD,2,8.6427634394,17.2855268788,False,0.07421921538592459,137,GLD,50:1,50.0,0.04,432.13817197,
957623,NVDA,3,5.2264743334,15.6794230002,False,0.013762274688600515,589,NVDA,24:1,24.0,0.125,125.4353840016,
1021894,SPY,2,13.1157737879,26.2315475758,False,0.3842784952274003,62,SPY,60:1,60.0,0.03333333333333333,786.946427274,
1032670,NVDA,3,8.3379738636,25.013921590800003,False,0.23861059109964192,207,NVDA,24:1,24.0,0.125,200.11137272640002,
1111378,SPY,2,11.9168025454,23.8336050908,False,0.15796435273710543,245,SPY,60:1,60.0,0.03333333333333333,715.008152724,
1464411,MSFT,3,13.518525802999998,40.555577408999994,False,0.030593161845099068,112,MSFT,30:1,30.0,0.1,405.55577408999994,
358472,GOOGL,2,3.2317944153,6.4635888306,False,0.1961146459860367,606,GOOGL,58:1,58.0,0.034482758620689655,187.4440760874,
512446,VZ,17,10.3408438924,175.7943461708,False,0.013116806335736522,354,VZ,4:1,4.0,4.25,41.3633755696,
526836,NVDA,3,8.5588935692,25.6766807076,False,0.15170539646095482,101,NVDA,24:1,24.0,0.125,205.4134456608,
545179,JPM,5,24.7821189231,123.9105946155,False,0.09586057478343925,61,JPM,15:1,15.0,0.3333333333333333,371.7317838465,
681044,MELI,1,16.5198888308,16.5198888308,False,0.08523481448707414,491,MELI,120:1,120.0,0.008333333333333333,1982.386659696,
841472,ASML,1,12.5360847385,12.5360847385,False,0.029212539482572894,93,ASML,146:1,146.0,0.00684931506849315,1830.2683718209998,
399757,CVX,4,11.6801574688,46.7206298752,False,0.01894198823531483,234,CVX,16:1,16.0,0.25,186.8825195008,
416911,RGTI,32,11.6604536875,373.134518,False,0.0053989778787750155,127,RGTI,2:1,2.0,16.0,23.320907375,
592411,LRCX,2,5.6693505,11.338701,False,0.025269013179121277,120,LRCX,56:1,56.0,0.03571428571428571,317.483628,
648787,LRCX,2,2.7190908281,5.4381816562,False,0.029703729921084877,315,LRCX,56:1,56.0,0.03571428571428571,152.2690863736,
683388,MSFT,3,13.3203125,39.9609375,False,0.02332214021742558,116,MSFT,30:1,30.0,0.1,399.609375,
693074,ASR,4,12.6470454375,50.58818175,False,0.044748519473397336,15,ASR,20:1,20.0,0.2,252.94090874999998,
1442842,GOOGL,2,4.6584489209,9.3168978418,False,0.03407905986917218,344,GOOGL,58:1,58.0,0.034482758620689655,270.1900374122,
1618554,AMZN,1,1.8333145469,1.8333145469,False,0.0008495456163228738,166,AMZN,144:1,144.0,0.006944444444444444,263.9972947536,
342068,NIO,16,1.2057860952,19.2925775232,False,0.1320901138180792,634,NIO,4:1,4.0,4.0,4.8231443808,
459794,IBM,5,7.353444761899999,36.767223809499995,False,0.14944993444974894,1261,IBM,15:1,15.0,0.3333333333333333,110.30167142849999,
469021,BA,3,9.5145157302,28.5435471906,False,0.002075444721682863,363,BA,24:1,24.0,0.125,228.3483775248,
620134,ADP,11,37.0508603175,407.5594634925,False,0.01608929731731506,222,ADP,6:1,6.0,1.8333333333333333,222.30516190500003,
933206,GLOB,4,3.1697119365,12.678847746,False,0.03616906479848144,389,GLOB,18:1,18.0,0.2222222222222222,57.054814857000004,
966156,SPY,2,9.5435797143,19.0871594286,False,0.04228555495807691,781,SPY,60:1,60.0,0.03333333333333333,572.614782858,
469021,CVX,4,9.5012925006,38.0051700024,False,0.0032867712336029516,452,CVX,16:1,16.0,0.25,152.0206800096,
472424,SONY,8,2.6988554781,21.5908438248,False,0.027017905610348628,279,SONY,8:1,8.0,1.0,21.5908438248,
477211,BKNG,1,0.3080877581,0.3080877581,False,0.004074463574846244,54,BKNG,700:1,700.0,0.0014285714285714286,215.66143067,
901398,PFE,16,6.3665558871,101.8648941936,False,0.011682584141352773,638,PFE,4:1,4.0,4.0,25.4662235484,
1059420,GOOGL,2,4.3828294033,8.7656588066,False,0.012476153745941783,349,GOOGL,58:1,58.0,0.034482758620689655,254.2041053914,
267623,DIA,4,21.0740983443,84.2963933772,False,0.1080003656583241,748,DIA,20:1,20.0,0.2,421.481966886,
650633,NVDA,3,8.5286126393,25.5858379179,False,0.03616196569465533,109,NVDA,24:1,24.0,0.125,204.6867033432,
679556,USO,5,4.96,24.8,False,0.05019142469970661,420,USO,15:1,15.0,0.3333333333333333,74.4,
781697,GOOGL,2,4.7130660001,9.4261320002,False,0.05526968399900107,156,GOOGL,58:1,58.0,0.034482758620689655,273.3578280058,
917072,SPY,2,11.5766981148,23.1533962296,False,0.11325317798069111,240,SPY,60:1,60.0,0.03333333333333333,694.601886888,
267343,QQQ,3,28.3423942,85.0271826,False,0.053489726425038076,296,QQQ,20:1,20.0,0.15,566.847884,
271763,SPY,1,12.2861046167,12.2861046167,False,0.9864503933166656,162,SPY,60:1,60.0,0.016666666666666666,737.166277002,
274866,SPY,1,12.6413723833,12.6413723833,False,0.016369465333077253,153,SPY,60:1,60.0,0.016666666666666666,758.482342998,
275675,TSLA,4,15.5951895513,62.3807582052,False,0.18616946889811017,823,TSLA,15:1,15.0,0.26666666666666666,233.92784326950002,
287267,SPY,1,11.0711666666,11.0711666666,False,0.1575958085640747,189,SPY,60:1,60.0,0.016666666666666666,664.269999996,
324464,QQQ,3,32.2297642167,96.68929265009999,False,0.10063315401477785,230,QQQ,20:1,20.0,0.15,644.595284334,
374125,KO,12,17.1311666667,205.57400000040002,False,0.005461978606917755,96,KO,5:1,5.0,2.4,85.6558333335,
378821,SPY,1,10.8180270833,10.8180270833,False,0.04480455202372175,368,SPY,60:1,60.0,0.016666666666666666,649.081624998,
381179,AMD,6,12.0085374167,72.0512245002,False,0.04741999900424277,1701,AMD,10:1,10.0,0.6,120.085374167,
398679,XLE,30,19.0229018376,570.687055128,False,0.5167522174930781,1327,XLE,2:1,2.0,15.0,38.0458036752,
469021,PG,4,9.8108644999,39.2434579996,False,0.0024005385986005947,320,PG,15:1,15.0,0.26666666666666666,147.1629674985,
526836,SPY,1,12.64450185,12.64450185,False,0.18135588659987983,103,SPY,60:1,60.0,0.016666666666666666,758.6701109999999,
841472,SATL,60,5.7023692167,342.142153002,False,0.011269480943213393,37,SATL,1:1,1.0,60.0,5.7023692167,
841472,IBIT,6,4.5819769167,27.491861500200002,False,0.010275105033279979,33,IBIT,10:1,10.0,0.6,45.819769167000004,
933206,SPY,1,13.0284456666,13.0284456666,False,0.22611675971250375,82,SPY,60:1,60.0,0.016666666666666666,781.706739996,
951102,MCD,3,11.721666666699997,35.165000000099994,False,0.007561272865860293,83,MCD,24:1,24.0,0.125,281.32000000079995,
841397,EFA,4,5.8689830508,23.4759322032,False,0.09555301677206193,149,EFA,18:1,18.0,0.2222222222222222,105.64169491439999,
1032670,SPY,1,12.848248,12.848248,False,0.27624244150305116,103,SPY,60:1,60.0,0.016666666666666666,770.89488,
1199836,MELI,1,15.5791525424,15.5791525424,False,0.012699006387943114,29,MELI,120:1,120.0,0.008333333333333333,1869.4983050879998,
1257768,URA,12,9.8378612373,118.0543348476,False,0.01097688531295364,352,URA,5:1,5.0,2.4,49.189306186500005,
1546139,MELI,1,15.8625423729,15.8625423729,False,0.03672581196725858,131,MELI,120:1,120.0,0.008333333333333333,1903.505084748,
273599,KO,12,13.618020344899998,163.41624413879998,False,0.03496591964090286,373,KO,5:1,5.0,2.4,68.09010172449999,
404917,DIA,3,28.0868665862,84.2605997586,False,0.03446620624273663,61,DIA,20:1,20.0,0.15,561.737331724,
513722,GOOGL,1,2.614755069,2.614755069,False,0.02885899565209418,532,GOOGL,58:1,58.0,0.017241379310344827,151.655794002,
513722,XLV,2,6.007990069,12.015980138,False,0.0278080989214355,55,XLV,29:1,29.0,0.06896551724137931,174.231712001,
1446653,GOOGL,1,5.4642425345,5.4642425345,False,0.08616716344002058,213,GOOGL,58:1,58.0,0.017241379310344827,316.92606700100004,
1478427,SPY,1,12.3266398276,12.3266398276,False,0.33859931750073624,155,SPY,60:1,60.0,0.016666666666666666,739.598389656,
511808,SNDK,1,9.2827283333,9.2827283333,False,0.01085850450055237,44,SNDK,170:1,170.0,0.0058823529411764705,1578.063816661,
1014203,AMZN,1,1.8236700702,1.8236700702,False,0.013290517105269859,59,AMZN,144:1,144.0,0.006944444444444444,262.60849010879997,
381179,MA,2,17.8796428571,35.7592857142,False,0.011962283595259476,15,MA,33:1,33.0,0.06060606060606061,590.0282142842999,
399757,NVDA,3,7.6258646071,22.8775938213,False,0.012828779990527684,338,NVDA,24:1,24.0,0.125,183.0207505704,
403701,GOOGL,1,4.2221785357,4.2221785357,False,0.05110379278878776,174,GOOGL,58:1,58.0,0.017241379310344827,244.88635507060002,
497632,NKE,5,3.7316473037,18.6582365185,False,0.010247070616035062,179,NKE,12:1,12.0,0.4166666666666667,44.779767644399996,
511808,SLV,10,13.649771548500002,136.49771548500001,False,0.009779655537766187,248,SLV,6:1,6.0,1.6666666666666667,81.89862929100002,
561063,IBIT,6,4.7866217322,28.719730393200003,False,0.03131818141667182,251,IBIT,10:1,10.0,0.6,47.866217322000004,
592411,SMH,2,11.6686960893,23.3373921786,False,0.04565404252489404,61,SMH,50:1,50.0,0.04,583.434804465,
721251,PETR3,56,6.5099873571,364.5592919976,False,0.0838331302537941,297,PETR3,1:1,1.0,56.0,6.5099873571,
721251,SPY,1,12.7609089821,12.7609089821,False,0.08947984771405136,93,SPY,60:1,60.0,0.016666666666666666,765.654538926,
742032,NVDA,3,5.8827413036,17.6482239108,False,0.05388508594750246,636,NVDA,24:1,24.0,0.125,141.1857912864,
849640,KO,12,13.6909049107,164.2908589284,False,0.10969107858798045,467,KO,5:1,5.0,2.4,68.45452455350001,
941426,ADBE,2,7.8490598214,15.6981196428,False,0.0679539746259365,368,ADBE,44:1,44.0,0.045454545454545456,345.3586321416,
1022635,AVGO,2,9.4436432679,18.8872865358,False,0.2908117656505098,36,AVGO,39:1,39.0,0.05128205128205128,368.3020874481,
1022635,PEP,4,7.9371105357,31.7484421428,False,0.21801247223188713,29,PEP,18:1,18.0,0.2222222222222222,142.86798964259998,
1165128,XLE,28,23.779412625,665.8235535,False,0.09634517030867258,306,XLE,2:1,2.0,14.0,47.55882525,
1325491,MSFT,2,17.4127728393,34.8255456786,False,0.14011471604627007,35,MSFT,30:1,30.0,0.06666666666666667,522.3831851790001,
1353300,MCD,3,11.3796341429,34.1389024287,False,0.07255826557572767,40,MCD,24:1,24.0,0.125,273.1112194296,
1446653,SPY,1,12.4323360179,12.4323360179,False,0.1797240289112569,164,SPY,60:1,60.0,0.016666666666666666,745.940161074,
1464411,AMGN,2,11.9352705179,23.8705410358,False,0.019874702959602506,112,AMGN,30:1,30.0,0.06666666666666667,358.058115537,
162583,XLE,28,21.1613484822,592.5177575016,False,0.19241420379539673,350,XLE,2:1,2.0,14.0,42.3226969644,
1546139,GOOGL,1,6.1771910179,6.1771910179,False,0.013442615005214176,198,GOOGL,58:1,58.0,0.017241379310344827,358.2770790382,
464531,MELI,1,17.8486947273,17.8486947273,False,0.1895404653698553,327,MELI,120:1,120.0,0.008333333333333333,2141.843367276,
491900,XLP,4,4.6473203818,18.5892815272,False,0.009790030928286087,337,XLP,16:1,16.0,0.25,74.3571261088,
554511,NVDA,3,5.398007240599999,16.1940217218,False,0.09574562379065774,545,NVDA,24:1,24.0,0.125,129.5521737744,
607830,MSTR,3,8.3762685273,25.128805581900004,False,0.02646692865302778,11,MSTR,20:1,20.0,0.15,167.525370546,
650633,BRKB,3,21.3772410909,64.1317232727,False,0.07505475892972063,486,BRK/B,22:1,22.0,0.13636363636363635,470.29930399980003,
1029759,VST,3,5.7679568364,17.3038705092,False,0.1098470553523765,56,VST,26:1,26.0,0.11538461538461539,149.9668777464,
388524,SPY,1,12.9817938333,12.9817938333,False,0.019059490903835387,88,SPY,60:1,60.0,0.016666666666666666,778.907629998,
1238387,EEM,11,12.4614103703,137.07551407329998,False,0.012507009650995674,240,EEM,5:1,5.0,2.2,62.3070518515,
1238387,GDX,6,11.7862009259,70.7172055554,False,0.007983211391375155,222,GDX,10:1,10.0,0.6,117.86200925899999,
1345152,ASML,1,13.3107006296,13.3107006296,False,0.2010492350611447,97,ASML,146:1,146.0,0.00684931506849315,1943.3622919216,
1513760,IEMG,5,6.1859955926,30.929977963000002,False,0.08437018832803647,245,IEMG,12:1,12.0,0.4166666666666667,74.2319471112,
273599,MCD,3,12.3508087358,37.052426207399996,False,0.017979958084806312,713,MCD,24:1,24.0,0.125,296.41940965919997,
472424,PG,4,10.1490540672,40.5962162688,False,0.0766008105514085,859,PG,15:1,15.0,0.26666666666666666,152.23581100799998,
496869,GOOGL,1,6.0910569057,6.0910569057,False,0.03604273168031228,25,GOOGL,58:1,58.0,0.017241379310344827,353.2813005306,
539608,WMT,3,7.2314607359,21.6943822077,False,0.02136764886250253,243,WMT,18:1,18.0,0.16666666666666666,130.16629324619998,
553121,NIO,14,1.7713383585,24.798737019,False,0.12333594361785434,1043,NIO,4:1,4.0,3.5,7.085353434,
742032,IBIT,6,5.8515523585,35.109314151,False,0.024815001409733167,663,IBIT,10:1,10.0,0.6,58.515523585000004,
781697,VEA,6,7.578679245299999,45.4720754718,False,0.057266106410040485,25,VEA,10:1,10.0,0.6,75.78679245299999,
270641,NFLX,2,1.93,3.86,False,0.0180646381987394,268,NFLX,48:1,48.0,0.041666666666666664,92.64,
551100,COIN,2,6.0687224616,12.1374449232,False,0.059651607733778346,123,COIN,27:1,27.0,0.07407407407407407,163.85550646320002,
561063,BRKB,3,22.472173443300004,67.41652032990001,False,0.13757629693752266,278,BRK/B,22:1,22.0,0.13636363636363635,494.3878157526001,
598813,NVDA,3,3.2719914419999996,9.815974326,False,0.9958787165145717,965,NVDA,24:1,24.0,0.125,78.527794608,
620134,JD,13,7.005228519200001,91.06797074960001,False,0.002019917645383486,207,JD,4:1,4.0,3.25,28.020914076800004,
620134,AXP,4,22.36993175,89.479727,False,0.00621040369149143,382,AXP,15:1,15.0,0.26666666666666666,335.54897625,
625209,ASML,1,12.0700956117,12.0700956117,False,0.0054089975293276915,62,ASML,146:1,146.0,0.00684931506849315,1762.2339593082,
626180,MELI,1,16.85,16.85,False,0.43198981451534246,320,MELI,120:1,120.0,0.008333333333333333,2022.0000000000002,
916915,NVDA,3,9.1602221511,27.480666453299996,False,0.11043150056105273,53,NVDA,24:1,24.0,0.125,219.84533162639997,
1099551,SPY,1,10.1445098654,10.1445098654,False,0.22068763596409763,389,SPY,60:1,60.0,0.016666666666666666,608.670591924,
1641377,AMZN,1,1.8245290769,1.8245290769,False,0.03195505753722553,124,AMZN,144:1,144.0,0.006944444444444444,262.7321870736,
302252,SMH,2,13.1902449608,26.3804899216,False,0.02643304933639447,125,SMH,50:1,50.0,0.04,659.5122480399999,
374125,TSM,6,51.1235294118,306.7411764708,False,0.014531382864692783,96,TSM,9:1,9.0,0.6666666666666666,460.1117647062,
388524,MELI,1,12.9810451756,12.9810451756,False,0.02160782561043652,306,MELI,120:1,120.0,0.008333333333333333,1557.725421072,
469021,BABA,6,15.2842599215,91.705559529,False,0.002582223778510116,449,BABA,9:1,9.0,0.6666666666666666,137.5583392935,
648787,ASML,1,8.8633736667,8.8633736667,False,0.04906663308268391,221,ASML,146:1,146.0,0.00684931506849315,1294.0525553382,
700245,SPY,1,9.5131154706,9.5131154706,False,0.07663121804524688,578,SPY,60:1,60.0,0.016666666666666666,570.786928236,
896688,GOOGL,1,6.2433938824,6.2433938824,False,0.09782140969054673,21,GOOGL,58:1,58.0,0.017241379310344827,362.1168451792,
957623,GOOGL,1,4.6094070197,4.6094070197,False,0.0063754261835984915,301,GOOGL,58:1,58.0,0.017241379310344827,267.3456071426,
1353300,MSFT,2,12.7437106079,25.4874212158,False,0.11903778873943371,104,MSFT,30:1,30.0,0.06666666666666667,382.311318237,
1442340,SPY,1,10.9800401569,10.9800401569,False,0.269620223379557,367,SPY,60:1,60.0,0.016666666666666666,658.802409414,
267343,SPCX,1,4.4,4.4,False,0.004008318435418499,112,SPCX,50:1,50.0,0.02,220.00000000000003,
267343,EWZ,25,18.49734226,462.4335565,False,0.025288956296588457,261,EWZ,2:1,2.0,12.5,36.99468452,
324464,BABA,6,10.2867839554,61.720703732400004,False,0.027293451458617196,608,BABA,9:1,9.0,0.6666666666666666,92.5810555986,
324464,TXR,13,7.43913038,96.70869494,False,0.03205421885930279,794,TX,4:1,4.0,3.25,29.75652152,
324464,VALE,25,4.7869665583,119.67416395749999,False,0.01574427683679688,725,VALE,2:1,2.0,12.5,9.5739331166,
368550,AXP,4,21.20969,84.83876,False,0.0949660748822974,13,AXP,15:1,15.0,0.26666666666666666,318.14534999999995,
399757,SMH,1,8.42051892,8.42051892,False,0.01456984599565823,245,SMH,50:1,50.0,0.02,421.025946,
436360,AAL,25,5.3864423,134.6610575,False,0.051334648621406,763,AAL,2:1,2.0,12.5,10.7728846,
491900,XLRE,6,4.41347302,26.480838119999998,False,0.00791111230770784,337,XLRE,9:1,9.0,0.6666666666666666,39.721257179999995,
513722,SPCX,1,2.37825742,2.37825742,False,0.014148036106834258,74,SPCX,50:1,50.0,0.02,118.91287100000001,
561063,GLOB,3,2.8465572599999995,8.539671779999999,False,0.011337437836214437,216,GLOB,18:1,18.0,0.16666666666666666,51.238030679999994,
561063,XLU,4,2.755,11.02,False,0.015343303094276959,7,XLU,15:1,15.0,0.26666666666666666,41.324999999999996,
592411,EWJ,4,6.62370834,26.49483336,False,0.022850419066994074,168,EWJ,14:1,14.0,0.2857142857142857,92.73191676,
607830,SPXL,2,12.01982368,24.03964736,False,0.03434666941302704,15,SPXL,25:1,25.0,0.08,300.495592,
771491,MO,13,17.80905672,231.51773736,False,0.012044609260411801,14,MO,4:1,4.0,3.25,71.23622688,
841472,MSTR,3,7.5699672533,22.7099017599,False,0.014534252716867604,29,MSTR,20:1,20.0,0.15,151.399345066,
904925,AMZN,1,1.3247536,1.3247536,False,0.36995434158955914,890,AMZN,144:1,144.0,0.006944444444444444,190.7645184,
947659,DOW,9,5.8864,52.9776,False,0.016719391879210593,132,DOW,6:1,6.0,1.5,35.3184,
951102,SMH,1,12.98632878,12.98632878,False,0.008230509976581053,97,SMH,50:1,50.0,0.02,649.316439,
1082947,FSLR,3,10.96566376,32.89699128,False,0.008178068872193349,628,FSLR,18:1,18.0,0.16666666666666666,197.38194768,
1325491,AVGO,2,9.72121978,19.44243956,False,0.06646597296252955,35,AVGO,39:1,39.0,0.05128205128205128,379.12757142,
1501198,SPCX,1,3.54263292,3.54263292,False,0.09081185098749699,115,SPCX,50:1,50.0,0.02,177.131646,
1557046,VIST,17,24.81029692,421.77504763999997,False,0.1445972981179796,17,VIST,3:1,3.0,5.666666666666667,74.43089076,
273599,SPXL,2,10.0603397143,20.1206794286,False,0.02012658897206033,225,SPXL,25:1,25.0,0.08,251.5084928575,
449572,GOOGL,1,3.5550400408,3.5550400408,False,0.09730345516683955,410,GOOGL,58:1,58.0,0.017241379310344827,206.1923223664,
464531,UNH,2,10.1803059184,20.3606118368,False,0.1241390913234035,314,UNH,33:1,33.0,0.06060606060606061,335.9500953072,
505551,SPY,1,12.9557860817,12.9557860817,False,0.8247184558144179,106,SPY,60:1,60.0,0.016666666666666666,777.3471649019999,
539608,SMH,1,7.8594860408,7.8594860408,False,0.043012420816054574,243,SMH,50:1,50.0,0.02,392.97430204,
592411,WDC,1,5.0412334898,5.0412334898,False,0.01507557490868699,1,WDC,92:1,92.0,0.010869565217391304,463.7934810616,
620134,AAPL,3,10.8501657143,32.5504971429,False,0.004806081071119527,844,AAPL,20:1,20.0,0.15,217.00331428599998,
786798,MELI,1,15.1878983878,15.1878983878,False,0.046312066182122316,762,MELI,120:1,120.0,0.008333333333333333,1822.547806536,
790353,SPY,1,13.3102040816,13.3102040816,False,0.9389748109398987,43,SPY,60:1,60.0,0.016666666666666666,798.612244896,
1014203,SPY,1,13.2713347959,13.2713347959,False,0.08410663991076839,42,SPY,60:1,60.0,0.016666666666666666,796.280087754,
72153,COST,1,19.1437499792,19.1437499792,False,0.06794811037155973,742,COST,48:1,48.0,0.020833333333333332,918.8999990016,
72153,LLY,1,16.7050000001,16.7050000001,False,0.07248986751734722,741,LLY,56:1,56.0,0.017857142857142856,935.4800000056,
273698,EWZ,24,15.3617717292,368.68252150079996,False,0.03131252358177906,372,EWZ,2:1,2.0,12.0,30.7235434584,
413561,AAPL,3,7.6484513751,22.9453541253,False,0.12016193444768992,1806,AAPL,20:1,20.0,0.15,152.969027502,
413561,QQQ,3,31.402252125,94.206756375,False,0.2731057908289048,368,QQQ,20:1,20.0,0.15,628.0450425,
477338,MU,10,24.7825272084,247.825272084,False,0.3903183731764147,594,MU,5:1,5.0,2.0,123.912636042,
497679,SPY,1,11.0999080833,11.0999080833,False,0.06517567830267454,361,SPY,60:1,60.0,0.016666666666666666,665.9944849980001,
507365,URA,10,10.6651166667,106.651166667,False,0.047536577730261015,344,URA,5:1,5.0,2.0,53.3255833335,
693074,IBM,4,19.2123276667,76.8493106668,False,0.041048456941838965,349,IBM,15:1,15.0,0.26666666666666666,288.1849150005,
901398,VIST,16,16.3158627292,261.0538036672,False,0.029331085849804622,558,VIST,3:1,3.0,5.333333333333333,48.9475881876,
1334201,QQQ,3,36.633125,109.89937499999999,False,0.014902197592299538,141,QQQ,20:1,20.0,0.15,732.6625,
1401326,NFLX,1,2.06,2.06,False,0.010627937757972461,218,NFLX,48:1,48.0,0.020833333333333332,98.88,
360883,GOOGL,1,6.3674468085,6.3674468085,False,0.5453514317590183,57,GOOGL,58:1,58.0,0.017241379310344827,369.31191489300005,
469021,XLF,24,26.6918784893,640.6050837432,False,0.005211751140420411,392,XLF,2:1,2.0,12.0,53.3837569786,
592411,IBM,4,15.5561115532,62.2244462128,False,0.0444053386401196,207,IBM,15:1,15.0,0.26666666666666666,233.341673298,
669173,QQQ,3,37.0880850851,111.26425525529999,False,0.09851890212325219,68,QQQ,20:1,20.0,0.15,741.761701702,
688178,GOOGL,1,6.7515767021,6.7515767021,False,0.11329975044618369,63,GOOGL,58:1,58.0,0.017241379310344827,391.5914487218,
906928,AMAT,10,90.3092892128,903.0928921279999,False,0.3559263887539491,153,AMAT,5:1,5.0,2.0,451.54644606399995,
1238387,META,2,26.2717883192,52.5435766384,False,0.02447197730043707,73,META,24:1,24.0,0.08333333333333333,630.5229196608,
1442842,GLD,1,7.5074935,7.5074935,False,0.0317981913472057,334,GLD,50:1,50.0,0.02,375.37467499999997,
1618554,IBIT,5,4.6211502128,23.105751064,False,0.0017255489246216732,166,IBIT,10:1,10.0,0.5,46.211502128,
271658,KEEL,230,18.497681282600002,4254.466694998,False,0.33406787130894666,162,KEEL,1:5,0.2,1150.0,3.6995362565200005,
271821,NVDA,2,8.4622945652,16.9245891304,False,0.045315725168010405,192,NVDA,24:1,24.0,0.08333333333333333,203.0950695648,
273599,EWZ,23,15.5833093261,358.4161145003,False,0.03446959073447976,354,EWZ,2:1,2.0,11.5,31.1666186522,
273698,MELI,1,15.1559209348,15.1559209348,False,0.021687807109423824,698,MELI,120:1,120.0,0.008333333333333333,1818.7105121759998,
381179,AEM,8,9.6205939784,76.9647518272,False,0.017624063253378827,1272,AEM,6:1,6.0,1.3333333333333333,57.7235638704,
469021,PFE,12,6.4792746957,77.7512963484,False,0.001294068363217569,363,PFE,4:1,4.0,3.0,25.9170987828,
494773,KO,10,10.4582748261,104.582748261,False,0.040808074838525395,1084,KO,5:1,5.0,2.0,52.2913741305,
496869,MSFT,2,14.1910540869,28.3821081738,False,0.09153550493497946,159,MSFT,30:1,30.0,0.06666666666666667,425.73162260699996,
496869,VIG,2,5.9958290435,11.991658087,False,0.03172183214858228,230,VIG,39:1,39.0,0.05128205128205128,233.8373326965,
751919,JNJ,4,18.7989130435,75.195652174,False,0.0036709484338598238,11,JNJ,15:1,15.0,0.26666666666666666,281.9836956525,
841397,GLD,1,9.6119565217,9.6119565217,False,0.09781110378082075,186,GLD,50:1,50.0,0.02,480.597826085,
1513760,KO,10,16.1573260869,161.573260869,False,0.17769357128458504,148,KO,5:1,5.0,2.0,80.7866304345,
388524,BABA,5,15.555260819900003,77.77630409950001,False,0.015133175558084777,395,BABA,9:1,9.0,0.5555555555555556,139.99734737910003,
469021,HMY,45,18.5562654001,835.0319430044999,False,0.003211440277038166,363,HMY,1:1,1.0,45.0,18.5562654001,
469021,AXP,3,22.3351511333,67.00545339989999,False,0.0037505434491888756,267,AXP,15:1,15.0,0.2,335.0272669995,
472424,ARKK,5,6.9293142,34.646571,False,0.06200034746054756,340,ARKK,10:1,10.0,0.5,69.293142,
473456,SPY,1,13.249378,13.249378,False,0.5929506289892187,42,SPY,60:1,60.0,0.016666666666666666,794.96268,
512446,DISN,4,9.4581757555,37.832703022,False,0.00684901463912948,256,DIS,12:1,12.0,0.3333333333333333,113.49810906599998,
612213,ETHA,9,5.3162344667,47.846110200300004,False,0.0113956450060104,635,ETHA,5:1,5.0,1.8,26.5811723335,
625209,UNH,2,14.6065598291,29.2131196582,False,0.004189234154188358,603,UNH,33:1,33.0,0.06060606060606061,482.0164743603,
650611,NVDA,2,7.6119603555,15.223920711,False,0.2723472294900866,201,NVDA,24:1,24.0,0.08333333333333333,182.687048532,
681044,SPY,1,11.7206682222,11.7206682222,False,0.04915812965240941,180,SPY,60:1,60.0,0.016666666666666666,703.240093332,
818090,SPY,1,8.2248324,8.2248324,False,0.02520661672130739,1000,SPY,60:1,60.0,0.016666666666666666,493.48994400000004,
841472,SKHY,2,7.3882952,14.7765904,False,0.012399100091492051,20,SKHY,25:1,25.0,0.08,184.70738,
1029759,GOOGL,1,6.1435421778,6.1435421778,False,0.09634003252389545,41,GOOGL,58:1,58.0,0.017241379310344827,356.3254463124,
1029759,NVDA,2,9.0352968102,18.0705936204,False,0.16070166530578636,52,NVDA,24:1,24.0,0.08333333333333333,216.8471234448,
1070809,NU,23,7.5913284444,174.6005542212,False,0.02163563430629713,108,NU,2:1,2.0,11.5,15.1826568888,
1081285,VIST,15,16.3779356667,245.6690350005,False,0.35424816147707716,713,VIST,3:1,3.0,5.0,49.133807000100006,
1199836,ASML,1,12.3204444222,12.3204444222,False,0.007955999194490828,60,ASML,146:1,146.0,0.00684931506849315,1798.7848856412,
1306042,ORCL,15,63.8931111111,958.3966666665,False,0.019965153314715146,110,ORCL,3:1,3.0,5.0,191.6793333333,
497632,AMZN,1,1.5146605455,1.5146605455,False,0.005028666582616304,242,AMZN,144:1,144.0,0.006944444444444444,218.111118552,
511808,BRKB,2,23.0951606137,46.1903212274,False,0.0192230938222997,157,BRK/B,22:1,22.0,0.09090909090909091,508.0935335014,
511808,CRM,3,11.5868282728,34.7604848184,False,0.010663775635881821,138,CRM,18:1,18.0,0.16666666666666666,208.5629089104,
620134,HON,6,28.2315865,169.389519,True,0.006923777665695072,770,HON,8:1,8.0,0.75,225.852692,"Precio estimado: comitente 387997 (4 días, el más parecido a 770). Compra más reciente: 28.23 (4 días)"
896688,PFE,11,7.2412864773,79.6541512503,False,0.09651204248988775,21,PFE,4:1,4.0,2.75,28.9651459092,
966156,MELI,1,18.2417762045,18.2417762045,False,0.03545089721375794,590,MELI,120:1,120.0,0.008333333333333333,2189.0131445399998,
1135220,GOOGL,1,2.9133164773,2.9133164773,False,0.013777444371128433,734,GOOGL,58:1,58.0,0.017241379310344827,168.9723556834,
1464411,WMT,3,6.9254806591,20.7764419773,False,0.006792359718618559,117,WMT,18:1,18.0,0.16666666666666666,124.6586518638,
1513760,NVDA,2,7.6392849773,15.2785699546,False,0.09821708119421677,245,NVDA,24:1,24.0,0.08333333333333333,183.3428394552,
1685828,SPY,1,13.2316141364,13.2316141364,False,1.0,38,SPY,60:1,60.0,0.016666666666666666,793.896848184,
273599,MELI,1,15.9848976512,15.9848976512,False,0.023287631804943743,662,MELI,120:1,120.0,0.008333333333333333,1918.187718144,
274866,NVDA,2,9.6783864187,19.3567728374,False,0.009058618123591041,127,NVDA,24:1,24.0,0.08333333333333333,232.28127404880001,
274866,PYPL,6,7.5534626977,45.3207761862,False,0.006176496124081211,63,PYPL,8:1,8.0,0.75,60.4277015816,
381179,ORCL,15,49.0602325349,735.9034880235,False,0.025668342058206214,40,ORCL,3:1,3.0,5.0,147.18069760470001,
388524,COIN,2,10.4346546235,20.869309247,False,0.008188027461166893,366,COIN,27:1,27.0,0.07407407407407407,281.7356748345,
469787,SPY,1,11.6463919399,11.6463919399,False,0.048394556687259976,273,SPY,60:1,60.0,0.016666666666666666,698.783516394,
477211,GOOGL,1,5.6376379538,5.6376379538,False,0.07387167642151977,173,GOOGL,58:1,58.0,0.017241379310344827,326.9830013204,
551100,SPY,1,12.2566349535,12.2566349535,False,0.09143088779459872,159,SPY,60:1,60.0,0.016666666666666666,735.3980972100001,
618840,SPY,1,9.7375480698,9.7375480698,False,0.14830174584007041,514,SPY,60:1,60.0,0.016666666666666666,584.252884188,
648777,SMH,1,12.2371265116,12.2371265116,False,0.09831799264337646,82,SMH,50:1,50.0,0.02,611.85632558,
917072,GOOGL,1,4.4235179535,4.4235179535,False,0.03695547383933121,295,GOOGL,58:1,58.0,0.017241379310344827,256.564041303,
1345152,MCD,2,10.0611776047,20.1223552094,False,0.12208491353474016,5,MCD,24:1,24.0,0.08333333333333333,241.46826251279998,
388524,XOM,5,9.0920917012,45.460458505999995,False,0.018780124507868732,919,XOM,10:1,10.0,0.5,90.92091701199999,
495464,GOOGL,1,6.3504493571,6.3504493571,False,0.06210442756774048,23,GOOGL,58:1,58.0,0.017241379310344827,368.3260627118,
495464,AAL,21,7.2011904762,151.2250000002,False,0.06650000592396005,44,AAL,2:1,2.0,10.5,14.4023809524,
507365,QCOM,4,21.1742128809,84.6968515236,False,0.08499382741572503,132,QCOM,11:1,11.0,0.36363636363636365,232.9163416899,
571032,SPY,1,8.0199410137,8.0199410137,False,0.5234357665853118,988,SPY,60:1,60.0,0.016666666666666666,481.196460822,
573397,ETHA,9,5.1243509048,46.119158143199996,False,0.008022342565344323,649,ETHA,5:1,5.0,1.8,25.621754524,
592411,SPY,1,13.0478333096,13.0478333096,False,0.034862113043414016,119,SPY,60:1,60.0,0.016666666666666666,782.869998576,
620134,KO,9,11.7439114762,105.69520328579999,False,0.004273521895508478,949,KO,5:1,5.0,1.8,58.719557380999994,
661178,SPY,1,12.3337544286,12.3337544286,False,0.17110555725126247,147,SPY,60:1,60.0,0.016666666666666666,740.025265716,
673986,SPY,1,11.887113881,11.887113881,False,0.7574752163966447,263,SPY,60:1,60.0,0.016666666666666666,713.22683286,
721573,ETHA,9,5.1634523095,46.471070785500004,False,0.007868764651521733,645,ETHA,5:1,5.0,1.8,25.817261547500003,
743657,MELI,1,15.0353032857,15.0353032857,False,0.1002618515486122,598,MELI,120:1,120.0,0.008333333333333333,1804.236394284,
901398,AXP,3,20.285268119,60.855804357000004,False,0.02344675573693142,638,AXP,15:1,15.0,0.2,304.279021785,
912133,AMZN,1,1.4416400238,1.4416400238,False,0.08106199540462489,665,AMZN,144:1,144.0,0.006944444444444444,207.5961634272,
1003897,SPY,1,8.3871779524,8.3871779524,False,0.06436742146058194,792,SPY,60:1,60.0,0.016666666666666666,503.230677144,
358472,NVDA,2,5.4168647805,10.833729561,False,0.20634536909896142,830,NVDA,24:1,24.0,0.08333333333333333,130.004754732,
403701,AAPL,3,10.0809967317,30.242990195100003,False,0.10410865953812677,466,AAPL,20:1,20.0,0.15,201.619934634,
497632,MELI,1,16.7746383659,16.7746383659,False,0.04140895036493253,264,MELI,120:1,120.0,0.008333333333333333,2012.956603908,
648777,URA,9,9.8372344878,88.5351103902,False,0.05935551833111714,113,URA,5:1,5.0,1.8,49.186172439,
679556,MSFT,2,16.899439878,33.798879756,False,0.06156014419345077,364,MSFT,30:1,30.0,0.06666666666666667,506.98319633999995,
679556,JPM,3,20.6802439024,62.0407317072,False,0.07797843018589903,250,JPM,15:1,15.0,0.2,310.20365853600003,
709175,META,2,27.5095121219,55.0190242438,False,0.09998510202090709,249,META,24:1,24.0,0.08333333333333333,660.2282909255999,
721251,AMZN,1,1.3603650598,1.3603650598,False,0.00889915085886051,492,AMZN,144:1,144.0,0.006944444444444444,195.8925686112,
781697,SMH,1,11.9,11.9,False,0.0788187567878362,25,SMH,50:1,50.0,0.02,595.0,
927453,SPY,1,11.2897770732,11.2897770732,False,0.1298212318583572,290,SPY,60:1,60.0,0.016666666666666666,677.3866243919999,
1260792,RSP,2,7.4504878049,14.9009756098,False,0.033383223574802105,25,RSP,30:1,30.0,0.06666666666666667,223.51463414699998,
1345152,NU,21,7.447353097599999,156.39441504959998,False,0.09105041145923781,153,NU,2:1,2.0,10.5,14.894706195199998,
1596393,MELI,1,14.6648599533,14.6648599533,False,0.09715189410024747,64,MELI,120:1,120.0,0.008333333333333333,1759.783194396,
374125,QQQ,2,31.858,63.716,False,0.007977705945738116,313,QQQ,20:1,20.0,0.1,637.16,
388524,BSBR,40,5.51828915,220.73156600000002,False,0.006334835942280337,328,BSBR,1:1,1.0,40.0,5.51828915,
388524,KO,8,16.8730600625,134.9844805,False,0.01886521736512193,95,KO,5:1,5.0,1.6,84.3653003125,
399757,XOM,4,15.703848275,62.8153931,False,0.01503421829635668,234,XOM,10:1,10.0,0.4,157.03848275000001,
436360,MSFT,2,14.54925,29.0985,False,0.11222972059347765,711,MSFT,30:1,30.0,0.06666666666666667,436.4775,
482152,META,2,17.0682553725,34.136510745,False,0.06530780050205613,138,META,24:1,24.0,0.08333333333333333,409.63812894,
497632,KO,8,11.889322825,95.1145826,False,0.04497089652193777,894,KO,5:1,5.0,1.6,59.446614125,
500071,NVDA,2,8.8167273004,17.6334546008,False,0.13072923534841663,197,NVDA,24:1,24.0,0.08333333333333333,211.6014552096,
573397,IBIT,4,5.508677225,22.0347089,False,0.009098335220212495,649,IBIT,10:1,10.0,0.4,55.086772249999996,
645265,FXI,8,7.13056075,57.044486,False,0.04417165221289288,473,FXI,5:1,5.0,1.6,35.65280375,
650633,MSFT,2,15.3361067,30.6722134,False,0.04159742305558815,247,MSFT,30:1,30.0,0.06666666666666667,460.08320100000003,
721573,IBIT,4,5.411366425,21.6454657,False,0.008924158746072004,645,IBIT,10:1,10.0,0.4,54.11366425,
789428,AMZN,1,1.721369675,1.721369675,False,0.053226275250690305,221,AMZN,144:1,144.0,0.006944444444444444,247.8772332,
792055,MSTR,2,9.208739675,18.41747935,False,0.037222401413130775,394,MSTR,20:1,20.0,0.1,184.17479350000002,
841472,DELL,1,7.6738955,7.6738955,False,0.010512118808480022,23,DELL,74:1,74.0,0.013513513513513514,567.8682670000001,
841472,VIST,14,24.0872094293,337.2209320102,False,0.03129934265024002,111,VIST,3:1,3.0,4.666666666666667,72.2616282879,
927453,LAR,40,7.940474374999999,317.618975,False,0.054969265784609166,180,LAR,1:1,1.0,40.0,7.940474374999999,
966156,MSFT,2,14.7935890725,29.587178145,False,0.03636653322977036,586,MSFT,30:1,30.0,0.06666666666666667,443.807672175,
1059420,AVGO,2,4.796081175,9.59216235,False,0.012513559634660554,634,AVGO,39:1,39.0,0.05128205128205128,187.047165825,
1059420,VST,2,8.01166225,16.0233245,False,0.007508909695735342,370,VST,26:1,26.0,0.07692307692307693,208.3032185,
1295402,BBD,40,1.92293855,76.917542,False,0.14201277070492074,600,BBD,1:1,1.0,40.0,1.92293855,
1415140,MELI,1,17.7905845,17.7905845,False,0.15545788601484256,183,MELI,120:1,120.0,0.008333333333333333,2134.87014,
1442842,XOM,4,11.299245,45.19698,False,0.05829056882625294,375,XOM,10:1,10.0,0.4,112.99245,
270247,SPY,1,9.082882359,9.082882359,False,0.03684462814782422,928,SPY,60:1,60.0,0.016666666666666666,544.97294154,
273698,BA.C,10,11.1335763333,111.335763333,False,0.016040999882000053,505,BAC,4:1,4.0,2.5,44.5343053332,
273850,INTC,8,25.7061538462,205.6492307696,False,0.024386595740785107,131,INTC,5:1,5.0,1.6,128.530769231,
381179,ABBV,4,9.9964102565,39.985641026,False,0.012985514131654705,1870,ABBV,10:1,10.0,0.4,99.964102565,
383372,SPY,1,12.7302929231,12.7302929231,False,0.12585007145267965,141,SPY,60:1,60.0,0.016666666666666666,763.817575386,
645265,MSFT,2,14.9414179232,29.8828358464,False,0.11161876519370356,483,MSFT,30:1,30.0,0.06666666666666667,448.242537696,
966156,META,2,25.7648010513,51.5296021026,False,0.06261775308199398,508,META,24:1,24.0,0.08333333333333333,618.3552252312,
1059420,MELI,1,16.4382476923,16.4382476923,False,0.020350738250358904,594,MELI,120:1,120.0,0.008333333333333333,1972.589723076,
1246440,SPY,1,11.8066666667,11.8066666667,False,0.010023157640677377,273,SPY,60:1,60.0,0.016666666666666666,708.400000002,
404917,MELI,1,7.0469635789,7.0469635789,False,0.013671535853903483,1587,MELI,120:1,120.0,0.008333333333333333,845.6356294679999,
500071,GOOGL,1,6.0891937105,6.0891937105,False,0.07445258682943064,152,GOOGL,58:1,58.0,0.017241379310344827,353.173235209,
511808,NBIS,2,9.1691157895,18.338231579,False,0.006258308568307076,11,NBIS,27:1,27.0,0.07407407407407407,247.56612631649998,
567174,AAPL,2,9.8366050001,19.6732100002,False,0.9723826927611414,1196,AAPL,20:1,20.0,0.1,196.732100002,
648787,MSFT,2,14.2781527895,28.556305579,False,0.05022253007539749,277,MSFT,30:1,30.0,0.06666666666666667,428.344583685,
916915,KO,8,18.1253237105,145.002589684,False,0.13965112720595735,47,KO,5:1,5.0,1.6,90.62661855249999,
1029759,SPY,1,12.5242054874,12.5242054874,False,0.17574568234995436,128,SPY,60:1,60.0,0.016666666666666666,751.452329244,
1238387,MSFT,2,13.3168551856,26.6337103712,False,0.011203816027360123,83,MSFT,30:1,30.0,0.06666666666666667,399.505655568,
1325491,KO,8,16.6891097895,133.512878316,False,0.0937925629143247,98,KO,5:1,5.0,1.6,83.44554894750001,
1415140,MCD,2,11.7944237895,23.588847579,False,0.09251146816533372,56,MCD,24:1,24.0,0.08333333333333333,283.066170948,
1471746,VIST,13,20.2955363684,263.8419727892,False,0.281029606787352,217,VIST,3:1,3.0,4.333333333333333,60.8866091052,
274866,KO,8,16.7822570271,134.2580562168,False,0.013488557625541093,141,KO,5:1,5.0,1.6,83.9112851355,
388524,QCOM,4,15.9450536703,63.7802146812,False,0.01659467810943046,311,QCOM,11:1,11.0,0.36363636363636365,175.3955903733,
472424,VIST,13,11.8625360956,154.2129692428,False,0.12193729191527658,537,VIST,3:1,3.0,4.333333333333333,35.5876082868,
511614,IBIT,4,5.2705405405,21.082162162,False,0.061207825717738515,273,IBIT,10:1,10.0,0.4,52.705405405,
511808,URA,8,11.2479090541,89.9832724328,False,0.005655524273737002,219,URA,5:1,5.0,1.6,56.2395452705,
1557046,LAR,37,7.4156322973,274.3783950001,False,0.027051309766737437,82,LAR,1:1,1.0,37.0,7.4156322973,
391352,GOOGL,1,6.13,6.13,False,0.08147197168336724,32,GOOGL,58:1,58.0,0.017241379310344827,355.54,
507365,VIST,12,19.5582860833,234.6994329996,False,0.09842466198455967,252,VIST,3:1,3.0,4.0,58.6748582499,
533370,ACWI,2,5.6595565926,11.3191131852,False,0.032256769811195414,277,ACWI,26:1,26.0,0.07692307692307693,147.1484714076,
554507,IBIT,4,3.8327846389,15.3311385556,False,0.03234521429547071,140,IBIT,10:1,10.0,0.4,38.327846389,
573397,MELI,1,11.7313569167,11.7313569167,False,0.0261610818486416,969,MELI,120:1,120.0,0.008333333333333333,1407.7628300039999,
592411,TGT,2,6.9167021944,13.8334043888,False,0.014696284182345249,6,TGT,24:1,24.0,0.08333333333333333,166.0008526656,
688178,NVDA,2,9.207746361,18.415492722,False,0.14476052877595014,130,NVDA,24:1,24.0,0.08333333333333333,220.985912664,
827639,NVDA,2,3.4195904444,6.8391808888,False,0.06743483800378627,888,NVDA,24:1,24.0,0.08333333333333333,82.07017066559999,
849640,SPY,1,13.1318185,13.1318185,False,0.0527718544310198,26,SPY,60:1,60.0,0.016666666666666666,787.9091099999999,
896688,SPY,1,13.2483373889,13.2483373889,False,0.14916335738962588,21,SPY,60:1,60.0,0.016666666666666666,794.9002433339999,
905029,SPY,1,12.7780555556,12.7780555556,False,0.610486326012026,127,SPY,60:1,60.0,0.016666666666666666,766.683333336,
951102,V,2,18.9921774722,37.9843549444,False,0.009573335544646247,428,V,18:1,18.0,0.1111111111111111,341.85919449960005,
957623,DIA,2,24.1005233333,48.2010466666,False,0.01927471664549938,305,DIA,20:1,20.0,0.1,482.010466666,
1353300,SNDK,1,9.1152218889,9.1152218889,False,0.048078606918114386,40,SNDK,170:1,170.0,0.0058823529411764705,1549.587721113,
1401326,CVX,3,12.0041666667,36.0125000001,False,0.07298302846478308,139,CVX,16:1,16.0,0.1875,192.0666666672,
1464411,BRKB,2,22.6227813056,45.2455626112,False,0.02189766198332233,117,BRK/B,22:1,22.0,0.09090909090909091,497.7011887232,
349646,CAT,2,44.993458,89.986916,False,0.08004230311699308,75,CAT,20:1,20.0,0.1,899.86916,
368550,LMT,2,26.2687172857,52.5374345714,False,0.0833408942073524,150,LMT,20:1,20.0,0.1,525.374345714,
388524,PBR,35,9.2160194598,322.560681093,False,0.023076397414538624,858,PBR,1:1,1.0,35.0,9.2160194598,
436360,TM,3,11.5168571429,34.550571428699996,False,0.06886670108541997,711,TM,15:1,15.0,0.2,172.7528571435,
469021,SBUX,3,6.819332828499999,20.4579984855,False,0.00113063448256995,363,SBUX,12:1,12.0,0.25,81.831993942,
648793,COPX,3,6.3659029143,19.0977087429,False,0.012269282259750767,9,COPX,14:1,14.0,0.21428571428571427,89.1226408002,
1150296,DIA,2,25.4212826707,50.8425653414,False,0.08481797583287017,184,DIA,20:1,20.0,0.1,508.42565341399995,
1306042,EWZ,18,19.1242857143,344.23714285740004,False,0.0069875272406917975,246,EWZ,2:1,2.0,9.0,38.2485714286,
1401326,NU,18,6.5257142857,117.4628571426,False,0.04183337202606181,416,NU,2:1,2.0,9.0,13.0514285714,
1546139,VIST,12,21.7048492572,260.4581910864,False,0.03115850907220722,195,VIST,3:1,3.0,4.0,65.1145477716,
1641377,SHOP,1,1.1153336,1.1153336,False,0.018296468566787818,124,SHOP,107:1,107.0,0.009345794392523364,119.3406952,
273635,CEG,1,6.4364705883,6.4364705883,False,0.055022136389308945,129,CEG,45:1,45.0,0.022222222222222223,289.64117647349997,
273698,QQQ,2,19.1830891471,38.3661782942,False,0.03909440141250304,1076,QQQ,20:1,20.0,0.1,383.66178294199995,
273698,XLE,17,21.3311957647,362.6303279999,False,0.03269385132881048,638,XLE,2:1,2.0,8.5,42.6623915294,
388524,PEP,2,7.8407875295,15.681575059,False,0.00647438822817558,335,PEP,18:1,18.0,0.1111111111111111,141.134175531,
399757,MSFT,2,17.0893563235,34.178712647,False,0.013663549723489404,420,MSFT,30:1,30.0,0.06666666666666667,512.680689705,
456262,PG,3,9.9600000001,29.8800000003,False,0.04928432893162064,341,PG,15:1,15.0,0.2,149.40000000150002,
494773,DIA,2,17.1407229118,34.2814458236,False,0.04475438376167505,1048,DIA,20:1,20.0,0.1,342.814458236,
512446,JPM,3,12.5458633529,37.6375900587,False,0.013318337600771982,580,JPM,15:1,15.0,0.2,188.1879502935,
592411,GEV,1,5.5407959706,5.5407959706,False,0.01200368946433805,15,GEV,180:1,180.0,0.005555555555555556,997.343274708,
610243,PG,3,10.632220206,31.896660618,False,0.08952350809286494,349,PG,15:1,15.0,0.2,159.48330309,
648793,MELI,1,15.9798715294,15.9798715294,False,0.029881087187341313,113,MELI,120:1,120.0,0.008333333333333333,1917.5845835280002,
829702,GOOGL,1,2.6053936471,2.6053936471,False,0.12671026307145627,984,GOOGL,58:1,58.0,0.017241379310344827,151.1128315318,
890058,MRVL,3,6.015564264800001,18.046692794400002,False,0.0353059895330548,372,MRVL,14:1,14.0,0.21428571428571427,84.21789970720002,
896688,EEM,7,13.839194852900002,96.87436397030001,False,0.1499041026838954,21,EEM,5:1,5.0,1.4,69.19597426450001,
966156,TSLA,3,17.5109529412,52.532858823599994,False,0.04469638127103623,777,TSLA,15:1,15.0,0.2,262.664294118,
1079591,KO,7,13.754502794200002,96.28151955940001,False,0.07484336601454952,362,KO,5:1,5.0,1.4,68.77251397100001,
1175983,NVDA,2,5.715,11.43,False,0.25223254057058964,678,NVDA,24:1,24.0,0.08333333333333333,137.16,
1446653,KO,7,16.3415647941,114.3909535587,False,0.14580615364104715,128,KO,5:1,5.0,1.4,81.70782397050002,
1546139,MSFT,2,14.6937244412,29.3874488824,False,0.02388174068516331,146,MSFT,30:1,30.0,0.06666666666666667,440.811733236,
1027390,AMZN,1,1.1670884242,1.1670884242,False,0.06416027859766844,783,AMZN,144:1,144.0,0.006944444444444444,168.06073308479998,
287267,SLV,6,11.4,68.4,False,0.0615836348509558,183,SLV,6:1,6.0,1.0,68.4,
311495,GOOGL,1,6.1981574545,6.1981574545,False,0.1540008973975471,84,GOOGL,58:1,58.0,0.017241379310344827,359.49313236100005,
399757,SLB,11,17.4982727273,192.4810000003,False,0.012648533111725774,235,SLB,3:1,3.0,3.6666666666666665,52.4948181819,
413561,INTC,7,10.106956333399998,70.74869433379999,False,0.11535955156614484,1810,INTC,5:1,5.0,1.4,50.53478166699999,
533370,SMH,1,5.8045454546,5.8045454546,False,0.06047089043465745,398,SMH,50:1,50.0,0.02,290.22727273000004,
551100,NVDA,2,8.3222646363,16.6445292726,False,0.05417998164032064,117,NVDA,24:1,24.0,0.08333333333333333,199.7343512712,
592411,JNJ,3,13.7228193384,41.1684580152,False,0.035730294738449485,317,JNJ,15:1,15.0,0.2,205.842290076,
618840,AMZN,1,1.2858530606,1.2858530606,False,0.015460304140485888,645,AMZN,144:1,144.0,0.006944444444444444,185.16284072640002,
669173,META,2,26.3875757576,52.7751515152,False,0.056521796863588686,231,META,24:1,24.0,0.08333333333333333,633.3018181824,
694664,NVDA,2,6.0022480605,12.004496121,False,0.05383683442548182,468,NVDA,24:1,24.0,0.08333333333333333,144.053953452,
721251,GOOGL,1,5.0417147491,5.0417147491,False,0.02440865924833704,185,GOOGL,58:1,58.0,0.017241379310344827,292.4194554478,
799202,IEUR,3,7.0269953636,21.0809860908,False,0.03258162425892832,115,IEUR,11:1,11.0,0.2727272727272727,77.2969489996,
818090,DIA,2,19.3822277274,38.7644554548,False,0.036649173325355375,1000,DIA,20:1,20.0,0.1,387.644554548,
901398,MU,7,88.6634881515,620.6444170605,False,0.19327698254213305,179,MU,5:1,5.0,1.4,443.31744075750004,
933206,ADBE,1,7.9005239697,7.9005239697,False,0.05214853414367544,389,ADBE,44:1,44.0,0.022727272727272728,347.6230546668,
957623,JNJ,3,13.5770891818,40.7312675454,False,0.011624445610759657,289,JNJ,15:1,15.0,0.2,203.656337727,
957623,QQQ,2,30.8205500303,61.6411000606,False,0.026088445867170938,304,QQQ,20:1,20.0,0.1,616.411000606,
1339310,GOOGL,1,6.1375757576,6.1375757576,False,0.10262991333296786,41,GOOGL,58:1,58.0,0.017241379310344827,355.9793939408,
72153,VIST,11,16.85,185.35000000000002,False,0.052383343825374705,742,VIST,3:1,3.0,3.6666666666666665,50.550000000000004,
270641,SPY,1,12.0036648438,12.0036648438,False,0.10202570864326006,172,SPY,60:1,60.0,0.016666666666666666,720.2198906279999,
496869,EEM,7,13.0461123437,91.3227864059,False,0.0500221766218085,197,EEM,5:1,5.0,1.4,65.2305617185,
511808,SID,256,14.6055669375,3739.025136,False,0.006024014007350468,286,SID,1:8,0.125,2048.0,1.8256958671875,
511808,HL,32,19.5714456395,626.286260464,False,0.010426563788563107,104,HL,1:1,1.0,32.0,19.5714456395,
511808,NEM,11,30.405022937500004,334.4552523125,False,0.023594282775119706,271,NEM,3:1,3.0,3.6666666666666665,91.21506881250001,
539608,XLE,16,21.786875,348.59,False,0.07001733676753814,349,XLE,2:1,2.0,8.0,43.57375,
554511,MELI,1,15.7667395177,15.7667395177,False,0.08659935880819268,547,MELI,120:1,120.0,0.008333333333333333,1892.008742124,
610243,RIO,4,7.0452907187,28.1811628748,False,0.10382578872680386,691,RIO,8:1,8.0,0.5,56.3623257496,
663884,NVDA,2,4.8822610625,9.764522125,False,0.18954430610247422,507,NVDA,24:1,24.0,0.08333333333333333,117.17426549999999,
679556,GLD,1,6.19,6.19,False,0.02086266100067097,420,GLD,50:1,50.0,0.02,309.5,
721251,SHOP,1,1.2204034907,1.2204034907,False,0.005908666360071876,285,SHOP,107:1,107.0,0.009345794392523364,130.5831735049,
901398,TSLA,3,22.257412437500005,66.77223731250001,False,0.022308227896730877,399,TSLA,15:1,15.0,0.2,333.86118656250005,
966156,FSLR,2,11.787977875,23.57595575,False,0.016284778235844732,760,FSLR,18:1,18.0,0.1111111111111111,212.18360174999998,
1175983,GOOGL,1,3.060625,3.060625,False,0.1423195615454241,670,GOOGL,58:1,58.0,0.017241379310344827,177.51624999999999,
1199836,LLY,1,21.6996875,21.6996875,False,0.009087649134250555,13,LLY,56:1,56.0,0.017857142857142856,1215.1825,
1257768,AMD,4,49.2225,196.89,False,0.04678442130502452,40,AMD,10:1,10.0,0.4,492.22499999999997,
1557046,SKHY,2,6.8274144872,13.6548289744,False,0.032587031416157555,33,SKHY,25:1,25.0,0.08,170.68536218,
271919,SLV,6,13.1617712258,78.9706273548,False,0.011938267753006682,245,SLV,6:1,6.0,1.0,78.9706273548,
302252,XLE,16,24.226766742,387.628267872,False,0.04004963585368384,263,XLE,2:1,2.0,8.0,48.453533484,
388524,TSLA,3,16.6372566703,49.9117700109,False,0.02143004699482138,709,TSLA,15:1,15.0,0.2,249.55885005450003,
536243,HUT,7,23.4856042813,164.3992299691,False,0.5202796190958501,123,HUT,5:1,5.0,1.4,117.4280214065,
645265,KO,7,14.2122528284,99.4857697988,False,0.08752356934284831,441,KO,5:1,5.0,1.4,71.061264142,
683388,MCD,2,12.0493548388,24.0987096776,False,0.006271031995175239,133,MCD,24:1,24.0,0.08333333333333333,289.1845161312,
688178,MELI,1,16.2185039222,16.2185039222,False,0.19378665080235802,79,MELI,120:1,120.0,0.008333333333333333,1946.220470664,
700596,URA,7,8.447929129,59.135503903,False,0.009844081089045978,384,URA,5:1,5.0,1.4,42.239645645,
738400,SMH,1,11.3516125806,11.3516125806,False,0.044506685490788005,35,SMH,50:1,50.0,0.02,567.58062903,
901398,MSFT,2,14.4040996452,28.8081992904,False,0.014946082310387718,637,MSFT,30:1,30.0,0.06666666666666667,432.122989356,
957623,JD,8,7.1538422903,57.2307383224,False,0.004270449801481576,166,JD,4:1,4.0,2.0,28.6153691612,
1183147,NFLX,1,1.4682410645,1.4682410645,False,0.11152753282382911,78,NFLX,48:1,48.0,0.020833333333333332,70.475571096,
1257768,JPM,3,25.0590322581,75.1770967743,False,0.015913054883538842,53,JPM,15:1,15.0,0.2,375.8854838715,
70374,BBD,30,1.7675707667,53.027123001,False,0.2059579546497751,621,BBD,1:1,1.0,30.0,1.7675707667,
271316,SPY,1,11.89,11.89,False,0.2770607256384961,239,SPY,60:1,60.0,0.016666666666666666,713.4000000000001,
274366,AVGO,1,3.0914557666,3.0914557666,False,0.013224221990994227,979,AVGO,39:1,39.0,0.02564102564102564,120.56677489740001,
274866,V,2,21.2333883333,42.4667766666,False,0.012986650276423449,63,V,18:1,18.0,0.1111111111111111,382.2009899994,
287267,GDX,3,8.87,26.61,False,0.05351913443496864,140,GDX,10:1,10.0,0.3,88.69999999999999,
311495,SPY,1,13.0005664666,13.0005664666,False,0.30243793000299135,64,SPY,60:1,60.0,0.016666666666666666,780.0339879960001,
324464,FSLR,2,11.7863829333,23.5727658666,False,0.01303154890262654,35,FSLR,18:1,18.0,0.1111111111111111,212.15489279940002,
324464,META,2,18.7194053785,37.438810757,False,0.041114211668427554,299,META,24:1,24.0,0.08333333333333333,449.265729084,
324464,V,2,17.7945798667,35.5891597334,False,0.027271351842045544,179,V,18:1,18.0,0.1111111111111111,320.3024376006,
373987,MCD,2,11.8670667,23.7341334,False,0.09050997993892385,80,MCD,24:1,24.0,0.08333333333333333,284.8096008,
383372,GOOGL,1,7.1888228001,7.1888228001,False,0.04481291845298366,141,GOOGL,58:1,58.0,0.017241379310344827,416.95172240579996,
416911,BRKB,2,22.4244416333,44.8488832666,False,0.007686064202437185,152,BRK/B,22:1,22.0,0.09090909090909091,493.33771593259996,
416911,EWZ,15,15.2013455666,228.020183499,False,0.007181921518189073,371,EWZ,2:1,2.0,7.5,30.4026911332,
456262,ORCL,10,89.68,896.8000000000001,False,0.21318885661156672,337,ORCL,3:1,3.0,3.3333333333333335,269.04,
469021,F,30,11.8044713333,354.134139999,False,0.0014974343521855064,363,F,1:1,1.0,30.0,11.8044713333,
469021,MCD,2,12.4846876334,24.9693752668,False,0.0011987122230133745,363,MCD,24:1,24.0,0.08333333333333333,299.6325032016,
472424,SPY,1,11.6376854334,11.6376854334,False,0.05759016174003685,243,SPY,60:1,60.0,0.016666666666666666,698.261126004,
472424,XOM,3,12.348143145,37.044429435,False,0.07295817087654044,531,XOM,10:1,10.0,0.3,123.48143145,
477211,NVDA,2,8.509840825,17.01968165,False,0.08597118142925574,186,NVDA,24:1,24.0,0.08333333333333333,204.2361798,
477211,WMT,2,7.0053831121,14.0107662242,False,0.050226022607766804,187,WMT,18:1,18.0,0.1111111111111111,126.09689601779999,
491900,XLC,2,5.9679411,11.9358822,False,0.006169166618989766,337,XLC,19:1,19.0,0.10526315789473684,113.3908809,
500071,IJH,3,6.026956019100001,18.080868057300002,False,0.060461918128214304,224,IJH,12:1,12.0,0.25,72.32347222920001,
518868,SPY,1,7.1192983,7.1192983,False,0.3766776882596749,1240,SPY,60:1,60.0,0.016666666666666666,427.157898,
545179,GLW,8,42.0294936667,336.2359493336,False,0.07924536241808436,1,GLW,4:1,4.0,2.0,168.1179746668,
554511,GOOGL,1,5.2448515667,5.2448515667,False,0.031308690206020916,282,GOOGL,58:1,58.0,0.017241379310344827,304.2013908686,
573397,NKE,3,6.5850161334,19.7550484002,False,0.003950096574382483,782,NKE,12:1,12.0,0.25,79.0201936008,
592411,SPCX,1,4.4174508,4.4174508,False,0.006555079663367165,112,SPCX,50:1,50.0,0.02,220.87254000000001,
607830,LLY,1,21.8837380667,21.8837380667,False,0.03585175698964573,29,LLY,56:1,56.0,0.017857142857142856,1225.4893317352,
618840,SHOP,1,0.8980694333,0.8980694333,False,0.011955320411797213,617,SHOP,107:1,107.0,0.009345794392523364,96.0934293631,
648777,GOOGL,1,5.0741179001,5.0741179001,False,0.032329424767299296,287,GOOGL,58:1,58.0,0.017241379310344827,294.2988382058,
648787,GOOGL,1,4.1898101334,4.1898101334,False,0.013550123732367504,422,GOOGL,58:1,58.0,0.017241379310344827,243.0089877372,
648787,META,2,26.6698102667,53.3396205334,False,0.07002043266881922,243,META,24:1,24.0,0.08333333333333333,640.0754464008,
653137,SPY,1,13.34,13.34,False,0.1550981587798321,36,SPY,60:1,60.0,0.016666666666666666,800.4,
742032,MSFT,1,14.8928908999,14.8928908999,False,0.05063946420895481,161,MSFT,30:1,30.0,0.03333333333333333,446.78672699699996,
818090,SHEL,15,32.6916832,490.375248,False,0.06279403148801437,631,SHEL,2:1,2.0,7.5,65.3833664,
818090,AVGO,1,3.4725980333,3.4725980333,False,0.01209325903857261,909,AVGO,39:1,39.0,0.02564102564102564,135.4313232987,
841472,CRWD,1,3.2803071,3.2803071,False,0.0036292523009946467,15,CRWD,79:1,79.0,0.012658227848101266,259.1442609,
841472,WDC,1,5.2291161667,5.2291161667,False,0.005068240356988052,25,WDC,92:1,92.0,0.010869565217391304,481.0786873364,
841472,HAPV3,30,1.8896226333,56.688678999,False,0.001783182097582054,1,HAPV3,1:1,1.0,30.0,1.8896226333,
841472,RIOT,10,7.9760027333,79.760027333,False,0.006784138943493346,17,RIOT,3:1,3.0,3.3333333333333335,23.9280081999,
846126,CEG,1,6.1583790333,6.1583790333,False,0.07150469210009813,63,CEG,45:1,45.0,0.022222222222222223,277.1270564985,
846126,VST,2,5.7369910666,11.4739821332,False,0.06694676153091265,63,VST,26:1,26.0,0.07692307692307693,149.1617677316,
905034,AMZN,1,1.5500674506,1.5500674506,False,0.02482030801758293,417,AMZN,144:1,144.0,0.006944444444444444,223.2097128864,
951102,MSFT,1,15.6110399333,15.6110399333,False,0.006810479086992992,488,MSFT,30:1,30.0,0.03333333333333333,468.33119799900004,
957623,MSFT,1,13.3547165333,13.3547165333,False,0.01097360165705792,342,MSFT,30:1,30.0,0.03333333333333333,400.64149599899997,
1157596,AMZN,1,1.8625826333,1.8625826333,False,0.026510198271577537,84,AMZN,144:1,144.0,0.006944444444444444,268.2118991952,
1199836,KO,6,16.7713333333,100.6279999998,False,0.007187732850808156,116,KO,5:1,5.0,1.2,83.85666666649999,
1246440,AVGO,1,9.71,9.71,False,0.005548530289572504,14,AVGO,39:1,39.0,0.02564102564102564,378.69000000000005,
1246440,MSFT,1,16.2009999999,16.2009999999,False,0.010443529730029608,273,MSFT,30:1,30.0,0.03333333333333333,486.02999999699995,
1334201,MCD,2,13.1590158334,26.3180316668,False,0.0023922342109710002,301,MCD,24:1,24.0,0.08333333333333333,315.8163800016,
1345152,MELI,1,14.642212361,14.642212361,False,0.135974813877016,192,MELI,120:1,120.0,0.008333333333333333,1757.06548332,
1401326,GLD,1,6.27,6.27,False,0.0358576067391678,425,GLD,50:1,50.0,0.02,313.5,
1471746,SPY,1,11.5178622,11.5178622,False,0.129234505568249,293,SPY,60:1,60.0,0.016666666666666666,691.071732,
1546139,XLP,2,5.5329658334,11.0659316668,False,0.0061035303693622546,214,XLP,16:1,16.0,0.125,88.5274533344,
1596393,GLD,1,9.59,9.59,False,0.034830358319544306,207,GLD,50:1,50.0,0.02,479.5,
302252,KO,6,12.2117558622,73.2705351732,False,0.020448562497920424,853,KO,5:1,5.0,1.2,61.058779311,
349646,PG,2,10.9661395173,21.9322790346,False,0.015176836207425527,474,PG,15:1,15.0,0.13333333333333333,164.4920927595,
418078,GOOGL,1,5.5729955517,5.5729955517,False,0.06996605503877767,227,GOOGL,58:1,58.0,0.017241379310344827,323.2337419986,
469787,NVDA,2,6.1947993473,12.3895986946,False,0.025202037067957924,259,NVDA,24:1,24.0,0.08333333333333333,148.67518433520002,
551100,MSFT,1,13.517463,13.517463,False,0.08352392278839996,148,MSFT,30:1,30.0,0.03333333333333333,405.52389,
635835,SPY,1,13.5065812069,13.5065812069,False,0.2208600741209437,1,SPY,60:1,60.0,0.016666666666666666,810.394872414,
711853,COIN,2,8.3395062069,16.6790124138,False,0.33857193309146943,301,COIN,27:1,27.0,0.07407407407407407,225.16666758629998,
793660,IBIT,3,5.064672931,15.194018792999998,False,0.024553086353712884,283,IBIT,10:1,10.0,0.3,50.64672931,
942255,NVDA,2,9.201952069,18.403904138,False,0.26545022863172707,57,NVDA,24:1,24.0,0.08333333333333333,220.84684965600002,
1014203,GOOGL,1,6.3869106552,6.3869106552,False,0.023042583641891993,103,GOOGL,58:1,58.0,0.017241379310344827,370.4408180016,
1070809,XLV,1,5.9553890689,5.9553890689,False,0.010574348805549746,74,XLV,29:1,29.0,0.034482758620689655,172.7062829981,
1083539,NOW,1,0.826008657,0.826008657,False,0.012026672419935075,2,NOW,172:1,172.0,0.005813953488372093,142.073489004,
1165128,NVDA,2,7.7366622759,15.4733245518,False,0.015736238805907906,214,NVDA,24:1,24.0,0.08333333333333333,185.6798946216,
1442842,DE,1,12.0446860344,12.0446860344,False,0.044092524929133514,324,DE,40:1,40.0,0.025,481.787441376,
1444848,QQQ,2,37.4337931034,74.8675862068,False,0.12627645172074797,72,QQQ,20:1,20.0,0.1,748.675862068,
287267,USO,2,9.1,18.2,False,0.054590764110927316,189,USO,15:1,15.0,0.13333333333333333,136.5,
302252,QQQ,2,21.3508919286,42.7017838572,False,0.043255610945723506,995,QQQ,20:1,20.0,0.1,427.01783857199996,
381179,QQQ,2,23.8757142857,47.7514285714,False,0.013256887970712741,300,QQQ,20:1,20.0,0.1,477.514285714,
399757,SLV,5,5.9781962143,29.890981071499997,False,0.005902149933711404,441,SLV,6:1,6.0,0.8333333333333334,35.8691772858,
477338,KO,6,10.7278927144,64.3673562864,False,0.018489531018363058,1048,KO,5:1,5.0,1.2,53.639463572,
511808,INTC,6,20.9134521071,125.4807126426,False,0.01237877535600466,26,INTC,5:1,5.0,1.2,104.5672605355,
539608,MSFT,1,13.6985891787,13.6985891787,False,0.03389652966310981,243,MSFT,30:1,30.0,0.03333333333333333,410.95767536100004,
648777,CIBR,3,9.2387454642,27.716236392600003,False,0.05356519937140588,124,CIBR,10:1,10.0,0.3,92.38745464200001,
650633,V,2,18.8661109285,37.732221857,False,0.034108861777412784,237,V,18:1,18.0,0.1111111111111111,339.589996713,
681044,TSM,4,17.8034711786,71.2138847144,False,0.1279255582080941,742,TSM,9:1,9.0,0.4444444444444444,160.2312406074,
905034,SNOW,1,7.3251790342,7.3251790342,False,0.14884052929510141,250,SNOW,30:1,30.0,0.03333333333333333,219.75537102599998,
916915,VIST,10,24.5851749429,245.851749429,False,0.13220646740793635,52,VIST,3:1,3.0,3.3333333333333335,73.7555248287,
1099551,XLY,1,2.4028400357,2.4028400357,False,0.023555042044585205,579,XLY,43:1,43.0,0.023255813953488372,103.32212153510001,
1157596,ISRG,1,4.9328953929,4.9328953929,False,0.06246833396866451,121,ISRG,90:1,90.0,0.011111111111111112,443.96058536099997,
1260792,EWY,1,3.7891071429,3.7891071429,False,0.01240714871726646,32,EWY,50:1,50.0,0.02,189.455357145,
1415140,BRKB,2,22.8278926786,45.6557853572,False,0.16113552849628934,332,BRK/B,22:1,22.0,0.09090909090909091,502.21363892920004,
1415140,NU,14,7.7124401071,107.9741614994,False,0.05331796238922113,221,NU,2:1,2.0,7.0,15.4248802142,
274866,SMH,1,12.6584916667,12.6584916667,False,0.007234953961131728,127,SMH,50:1,50.0,0.02,632.924583335,
275302,SPY,1,9.2153465926,9.2153465926,False,0.2419018249970093,769,SPY,60:1,60.0,0.016666666666666666,552.920795556,
416911,CSCO,6,24.5311396667,147.1868380002,False,0.006782456604434895,109,CSCO,5:1,5.0,1.2,122.6556983335,
466948,SPY,1,6.9088707408,6.9088707408,False,0.0678627828625871,1040,SPY,60:1,60.0,0.016666666666666666,414.53224444800003,
482152,NVDA,2,9.6930802222,19.3861604444,False,0.014229817759096097,72,NVDA,24:1,24.0,0.08333333333333333,232.6339253328,
533370,GLD,1,8.2727470741,8.2727470741,False,0.02962717944601451,297,GLD,50:1,50.0,0.02,413.637353705,
533370,SLV,5,10.8964041481,54.482020740500005,False,0.035791492859970166,291,SLV,6:1,6.0,0.8333333333333334,65.3784248886,
607830,HUT,6,19.398185037,116.389110222,False,0.028046459014209615,7,HUT,5:1,5.0,1.2,96.99092518500001,
721251,EWZ,14,15.2522829255,213.531960957,False,0.07165428434612339,623,EWZ,2:1,2.0,7.0,30.504565851,
771491,JNJ,2,18.5505587037,37.1011174074,False,0.006465864164829283,14,JNJ,15:1,15.0,0.13333333333333333,278.25838055549997,
849516,ETHA,6,3.0016973704,18.0101842224,False,0.10976868667558784,61,ETHA,5:1,5.0,1.2,15.008486852,
849516,IBIT,3,3.8141538519,11.4424615557,False,0.13071114509653986,61,IBIT,10:1,10.0,0.3,38.141538519,
917072,MSFT,1,15.4273298148,15.4273298148,False,0.06790067347023096,283,MSFT,30:1,30.0,0.03333333333333333,462.819894444,
921796,MELI,1,15.5780803704,15.5780803704,False,0.04492948114784022,184,MELI,120:1,120.0,0.008333333333333333,1869.3696444480001,
1099551,SNDK,1,9.0017813333,9.0017813333,False,0.08881151244022303,81,SNDK,170:1,170.0,0.0058823529411764705,1530.3028266610002,
1199836,SMH,1,11.4937037037,11.4937037037,False,0.004754978102547064,78,SMH,50:1,50.0,0.02,574.685185185,
1513760,SPY,1,11.6956054445,11.6956054445,False,0.07805470133858301,245,SPY,60:1,60.0,0.016666666666666666,701.73632667,
271996,GOOGL,1,3.0822911154,3.0822911154,False,0.1049740557187407,846,GOOGL,58:1,58.0,0.017241379310344827,178.77288469319998,
388524,VIST,9,23.6065234615,212.4587111535,False,0.0157544843281212,11,VIST,3:1,3.0,3.0,70.8195703845,
388524,HAL,13,14.997564653899998,194.96834050069998,False,0.01163468091618563,302,HAL,2:1,2.0,6.5,29.995129307799996,
469787,AMZN,1,1.6035269615,1.6035269615,False,0.0039747871097011184,632,AMZN,144:1,144.0,0.006944444444444444,230.907882456,
491900,TSLA,2,15.0673788077,30.1347576154,False,0.023102655659472504,768,TSLA,15:1,15.0,0.13333333333333333,226.0106821155,
507365,ORCL,9,57.1235049231,514.1115443079,False,0.15282964258079,167,ORCL,3:1,3.0,3.0,171.3705147693,
513722,VST,1,5.6739569231,5.6739569231,False,0.012068568220978546,15,VST,26:1,26.0,0.038461538461538464,147.52288000060003,
610243,O,2,4.8123727693,9.6247455386,False,0.029193463445259336,126,O,13:1,13.0,0.15384615384615385,62.56084600089999,
645265,MCD,2,11.5591721923,23.1183443846,False,0.041308065221446026,594,MCD,24:1,24.0,0.08333333333333333,277.42013261520003,
648777,QQQ,2,31.6273064615,63.254612923,False,0.17719446699017388,223,QQQ,20:1,20.0,0.1,632.54612923,
648777,RKLB,3,10.7493496923,32.248049076899996,False,0.02847151467007443,126,RKLB,12:1,12.0,0.25,128.99219630759998,
661178,GLD,1,9.2302454231,9.2302454231,False,0.06229657813061912,205,GLD,50:1,50.0,0.02,461.51227115499995,
700596,GOOGL,1,3.1832701539,3.1832701539,False,0.006145921797359205,555,GOOGL,58:1,58.0,0.017241379310344827,184.6296689262,
829702,SNOW,1,4.2643748077,4.2643748077,False,0.1826987966197856,723,SNOW,30:1,30.0,0.03333333333333333,127.93124423100001,
849640,ABBV,3,19.256126077,57.768378231,False,0.07846619088992289,442,ABBV,10:1,10.0,0.3,192.56126077000002,
917072,AAPL,2,11.4825204232,22.9650408464,False,0.062176865126912645,424,AAPL,20:1,20.0,0.1,229.650408464,
941426,MELI,1,17.1775456538,17.1775456538,False,0.0903183564819784,307,MELI,120:1,120.0,0.008333333333333333,2061.305478456,
957623,MELI,1,14.2333160385,14.2333160385,False,0.008428118702398648,829,MELI,120:1,120.0,0.008333333333333333,1707.99792462,
957623,INTC,6,10.0233304231,60.13998253860001,False,0.012628656364809152,302,INTC,5:1,5.0,1.2,50.1166521155,
1018218,AVGO,1,8.7784615384,8.7784615384,False,0.0200426056340826,182,AVGO,39:1,39.0,0.02564102564102564,342.3599999976,
1079591,MSFT,1,16.4284615385,16.4284615385,False,0.05801720377021394,275,MSFT,30:1,30.0,0.03333333333333333,492.853846155,
1157596,MSFT,1,13.9786013846,13.9786013846,False,0.22908594341853206,152,MSFT,30:1,30.0,0.03333333333333333,419.35804153799995,
1618554,ETHA,6,3.7405956538,22.4435739228,False,0.0008016318234568822,166,ETHA,5:1,5.0,1.2,18.702978269,
272639,AMZN,1,0.996,0.996,False,0.07395321788575861,1141,AMZN,144:1,144.0,0.006944444444444444,143.424,
272910,ADBE,1,6.48516884,6.48516884,False,0.11725368180875337,46,ADBE,44:1,44.0,0.022727272727272728,285.34742896,
273599,BRKB,2,21.30565304,42.61130608,False,0.020048274094040773,757,BRK/B,22:1,22.0,0.09090909090909091,468.72436688,
274866,MSFT,1,14.31553804,14.31553804,False,0.00923873809968568,153,MSFT,30:1,30.0,0.03333333333333333,429.4661412,
275675,QQQ,2,22.72339516,45.44679032,False,0.11594621877971016,769,QQQ,20:1,20.0,0.1,454.46790319999997,
391352,GLD,1,8.47,8.47,False,0.07188682050779904,32,GLD,50:1,50.0,0.02,423.50000000000006,
426494,WMT,2,7.59232648,15.18465296,False,0.020993979231109145,151,WMT,18:1,18.0,0.1111111111111111,136.66187664,
442120,HUT,5,17.11304908,85.5652454,False,0.15568627187801998,166,HUT,5:1,5.0,1.0,85.5652454,
469021,BRKB,2,23.4599078,46.9198156,False,0.0023613554636841127,363,BRK/B,22:1,22.0,0.09090909090909091,516.1179716,
472424,GOOGL,1,2.544525,2.544525,False,0.022216114764510037,547,GOOGL,58:1,58.0,0.017241379310344827,147.58245,
477211,VST,1,5.88994848,5.88994848,False,0.0400673938299407,109,VST,26:1,26.0,0.038461538461538464,153.13866048,
477338,PBR,25,5.48190556,137.047639,False,0.02307846274086576,1329,PBR,1:1,1.0,25.0,5.48190556,
500071,IREN,3,3.4950599614999995,10.485179884499999,False,0.027701900796865287,236,IREN,12:1,12.0,0.25,41.940719537999996,
500071,SWKS,2,2.9393366857,5.8786733714,False,0.03233929255442734,227,SWKS,21:1,21.0,0.09523809523809523,61.7260703997,
551100,META,2,26.11154316,52.22308632,False,0.12715812983637173,121,META,24:1,24.0,0.08333333333333333,626.67703584,
561063,SPY,1,11.39832516,11.39832516,False,0.0372121474441078,275,SPY,60:1,60.0,0.016666666666666666,683.8995096,
648568,NVDA,2,4.8819246,9.7638492,False,0.05739257775885987,746,NVDA,24:1,24.0,0.08333333333333333,117.16619039999999,
679556,AVGO,1,7.7972,7.7972,False,0.019942539699246142,420,AVGO,39:1,39.0,0.02564102564102564,304.0908,
709175,UBER,13,38.55108056,501.16404728000003,False,0.06865775258313564,73,UBER,2:1,2.0,6.5,77.10216112,
721251,BBD,25,3.1519935215999997,78.79983804,False,0.013296573566155729,189,BBD,1:1,1.0,25.0,3.1519935215999997,
742032,IBM,2,16.03075584,32.06151168,False,0.03546149117414596,161,IBM,15:1,15.0,0.13333333333333333,240.4613376,
841397,QQQ,2,34.7572,69.5144,False,0.26459308843011997,132,QQQ,20:1,20.0,0.1,695.144,
841472,KLAC,1,5.79235504,5.79235504,False,0.005343460347020625,27,KLAC,34:1,34.0,0.029411764705882353,196.94007136000002,
841472,NBIS,1,9.29986844,9.29986844,False,0.007634818912684937,18,NBIS,27:1,27.0,0.037037037037037035,251.09644787999997,
841472,MRNA,2,9.0006552,18.0013104,False,0.009402448037857286,16,MRNA,19:1,19.0,0.10526315789473684,171.01244880000002,
846126,VIST,9,22.95745224,206.61707016,False,0.2217937315996075,63,VIST,3:1,3.0,3.0,68.87235672,
916915,MELI,1,17.9775375,17.9775375,False,0.08253595838008773,309,MELI,120:1,120.0,0.008333333333333333,2157.3045,
978527,ABT,7,27.890000000000004,195.23000000000002,False,0.01539210805326737,60,ABT,4:1,4.0,1.75,111.56000000000002,
1082947,MU,5,220.20083756,1101.0041878,False,0.08874366529320003,5,MU,5:1,5.0,1.0,1101.0041878,
1099551,GOOGL,1,4.1576962,4.1576962,False,0.04911550533782061,419,GOOGL,58:1,58.0,0.017241379310344827,241.14637960000002,
1325491,SPY,1,12.72935176,12.72935176,False,0.04617964872664092,98,SPY,60:1,60.0,0.016666666666666666,763.7611056000001,
1415140,DISN,3,8.91796648,26.75389944,False,0.05396162067391983,56,DIS,12:1,12.0,0.25,107.01559776,
1442842,MELI,1,17.9570005032,17.9570005032,False,0.034520215509223316,339,MELI,120:1,120.0,0.008333333333333333,2154.840060384,
263939,TGT,1,3.6509759167,3.6509759167,False,0.018976314192045738,549,TGT,24:1,24.0,0.041666666666666664,87.6234220008,
377180,IBIT,3,5.45,16.35,False,0.15531450036413816,307,IBIT,10:1,10.0,0.3,54.5,
388524,AAPL,2,8.4588724604,16.9177449208,False,0.010910998893269208,1064,AAPL,20:1,20.0,0.1,169.177449208,
399757,GLD,1,6.3587710417,6.3587710417,False,0.0041879338909909134,441,GLD,50:1,50.0,0.02,317.93855208499997,
426494,GOOGL,1,7.1757877083,7.1757877083,False,0.020681893504197968,151,GOOGL,58:1,58.0,0.017241379310344827,416.19568708139997,
472424,NKE,2,5.9663769584,11.9327539168,False,0.010019395133843511,431,NKE,12:1,12.0,0.16666666666666666,71.5965235008,
537383,SPY,1,13.2552845417,13.2552845417,False,0.9679581151832461,25,SPY,60:1,60.0,0.016666666666666666,795.317072502,
571032,ETHA,5,6.0,30.0,False,0.09437171806819021,664,ETHA,5:1,5.0,1.0,30.0,
636624,SPY,1,8.5652095834,8.5652095834,False,0.04904989888025421,812,SPY,60:1,60.0,0.016666666666666666,513.912575004,
645265,DISN,2,8.514928625,17.02985725,False,0.03380662715846592,410,DIS,12:1,12.0,0.16666666666666666,102.1791435,
650633,B,12,17.4333470001,209.2001640012,False,0.028615313820208467,369,B,2:1,2.0,6.0,34.8666940002,
669830,VIST,8,15.7190524167,125.7524193336,False,0.13106441017121928,861,VIST,3:1,3.0,2.6666666666666665,47.1571572501,
721251,NKE,2,4.9152497917,9.8304995834,False,0.008339694385048288,486,NKE,12:1,12.0,0.16666666666666666,58.9829975004,
732276,AMD,3,15.685909083299999,47.0577272499,False,0.033829801893296346,445,AMD,10:1,10.0,0.3,156.85909083299998,
1059420,AMD,3,16.5966195417,49.7898586251,False,0.050983258930011,736,AMD,10:1,10.0,0.3,165.966195417,
1070809,RACE,1,5.05483325,5.05483325,False,0.006997820003213904,64,RACE,83:1,83.0,0.012048192771084338,419.55115974999995,
1099551,XLP,2,5.0231678751,10.0463357502,False,0.03996360648409043,518,XLP,16:1,16.0,0.125,80.3706860016,
1150296,QQQ,2,31.1868095238,62.3736190476,False,0.08587790585391461,239,QQQ,20:1,20.0,0.1,623.736190476,
1434447,QCOM,3,15.706250000000002,47.118750000000006,False,0.1976015957318978,60,QCOM,11:1,11.0,0.2727272727272727,172.76875000000004,
1442340,VALE,12,5.0006709584,60.00805150079999,False,0.0697355211143879,378,VALE,2:1,2.0,6.0,10.0013419168,
1442842,EWZ,12,15.421843191,185.062118292,False,0.04585288099378628,321,EWZ,2:1,2.0,6.0,30.843686382,
1446653,NVDA,1,8.1226835416,8.1226835416,False,0.059474721695822345,175,NVDA,24:1,24.0,0.041666666666666664,194.94440499840002,
1513760,AAPL,2,13.869050625,27.73810125,False,0.0893668214979606,245,AAPL,20:1,20.0,0.1,277.3810125,
1641377,NVDA,1,9.4700947083,9.4700947083,False,0.0838375601128931,124,NVDA,24:1,24.0,0.041666666666666664,227.2822729992,
316998,RIO,3,6.263860956600001,18.791582869800003,False,0.012313810603190502,468,RIO,8:1,8.0,0.375,50.11088765280001,
349394,GOOGL,1,6.28,6.28,False,0.3108795945331283,1,GOOGL,58:1,58.0,0.017241379310344827,364.24,
381179,TEN,23,18.1734782609,417.99000000070004,False,0.016811501355969417,1816,TS,1:1,1.0,23.0,18.1734782609,
418078,KO,5,13.4597978695,67.2989893475,False,0.1601753694124197,336,KO,5:1,5.0,1.0,67.2989893475,
449572,NVDA,1,7.2243956523,7.2243956523,False,0.07618359670839513,406,NVDA,24:1,24.0,0.041666666666666664,173.3854956552,
508033,META,1,31.1136578696,31.1136578696,False,0.11743116941925656,17,META,24:1,24.0,0.041666666666666664,746.7277888704,
511614,ASML,1,12.5765217392,12.5765217392,False,0.09985302283045368,104,ASML,146:1,146.0,0.00684931506849315,1836.1721739232,
645265,EWY,1,3.6126433043,3.6126433043,False,0.014408842480772278,140,EWY,50:1,50.0,0.02,180.63216521500001,
700596,VIST,8,11.0243688182,88.1949505456,False,0.02016279022198047,981,VIST,3:1,3.0,2.6666666666666665,33.073106454599994,
700596,BBD,23,2.5114041306,57.7622950038,False,0.003909147177118459,963,BBD,1:1,1.0,23.0,2.5114041306,
721251,ABEV,69,6.6792728847,460.8698290443,False,0.02766938967091632,777,ABEV,1:3,0.3333333333333333,207.0,2.2264242948999997,
721251,DISN,2,8.2722027143,16.5444054286,False,0.024499926512073354,511,DIS,12:1,12.0,0.16666666666666666,99.2664325716,
818090,COST,1,15.5663024783,15.5663024783,False,0.019126330179545674,909,COST,48:1,48.0,0.020833333333333332,747.1825189584,
941426,NIO,6,1.1513796522,6.908277913199999,False,0.004402893759526008,840,NIO,4:1,4.0,1.5,4.6055186088,
1070809,MSFT,1,15.283131087,15.283131087,False,0.025467456195405334,90,MSFT,30:1,30.0,0.03333333333333333,458.49393261,
1070809,KO,5,17.179863,85.899315,False,0.025123022767170888,118,KO,5:1,5.0,1.0,85.899315,
1260804,SPY,1,11.0234112609,11.0234112609,False,0.1936965077778472,326,SPY,60:1,60.0,0.016666666666666666,661.404675654,
1442842,BRKB,2,22.4010988621,44.8021977242,False,0.047026167270518004,380,BRK/B,22:1,22.0,0.09090909090909091,492.82417496619996,
1442842,PFE,6,5.9829796087,35.8978776522,False,0.014006051597290604,344,PFE,4:1,4.0,1.5,23.9319184348,
1546139,NVDA,1,9.3509553913,9.3509553913,False,0.009209341436497242,129,NVDA,24:1,24.0,0.041666666666666664,224.4229293912,
72153,GE,3,23.916363636399996,71.74909090919999,False,0.062094258613494414,742,GE,8:1,8.0,0.375,191.33090909119997,
273635,MELI,1,15.9065573706,15.9065573706,False,0.09265790233961203,389,MELI,120:1,120.0,0.008333333333333333,1908.7868844719999,
358472,AAPL,2,11.5950116365,23.190023273,False,0.1846945287872048,606,AAPL,20:1,20.0,0.1,231.90023273000003,
428028,GLOB,2,9.4689152273,18.9378304546,False,0.025228947956220684,705,GLOB,18:1,18.0,0.1111111111111111,170.4404740914,
495464,KO,5,18.4218095909,92.1090479545,False,0.093904245109771,20,KO,5:1,5.0,1.0,92.1090479545,
515833,TSM,3,37.3843214545,112.15296436349999,False,0.05220761827075128,261,TSM,9:1,9.0,0.3333333333333333,336.45889309049994,
551100,EWY,1,3.9028683636,3.9028683636,False,0.013869128924696925,92,EWY,50:1,50.0,0.02,195.14341818,
573397,COIN,1,10.2700532727,10.2700532727,False,0.007185259798785781,649,COIN,27:1,27.0,0.037037037037037035,277.2914383629,
573397,MSFT,1,13.7825004092,13.7825004092,False,0.0180403910398014,945,MSFT,30:1,30.0,0.03333333333333333,413.47501227600003,
604953,MU,5,190.4001166364,952.0005831820001,False,0.07580510644683204,99,MU,5:1,5.0,1.0,952.0005831820001,
612213,KO,5,12.349259091,61.746295455,False,0.023594462692956435,648,KO,5:1,5.0,1.0,61.746295455,
650633,MELI,1,17.375306091,17.375306091,False,0.02027475713005118,308,MELI,120:1,120.0,0.008333333333333333,2085.03673092,
721251,KO,5,16.6410262759,83.2051313795,False,0.046971823306577405,121,KO,5:1,5.0,1.0,83.2051313795,
721573,COIN,1,9.8310764545,9.8310764545,False,0.0070477068083490664,645,COIN,27:1,27.0,0.037037037037037035,265.4390642715,
777328,NVDA,1,9.8940137727,9.8940137727,False,0.25139419487990167,94,NVDA,24:1,24.0,0.041666666666666664,237.45633054479998,
823000,NVDA,1,2.7523370001,2.7523370001,False,0.3504529872673849,923,NVDA,24:1,24.0,0.041666666666666664,66.0560880024,
832563,XLI,1,6.398166409,6.398166409,False,0.16170350879226605,236,XLI,28:1,28.0,0.03571428571428571,179.148659452,
905029,VEA,3,7.4645454091,22.3936362273,False,0.20595265051450423,95,VEA,10:1,10.0,0.3,74.645454091,
917066,NU,11,7.054961500000001,77.60457650000001,False,0.4851072113913842,4,NU,2:1,2.0,5.5,14.109923000000002,
927453,KO,5,15.5855452727,77.9277263635,False,0.09308110215691479,202,KO,5:1,5.0,1.0,77.9277263635,
957623,KO,5,15.590904409199998,77.954522046,False,0.007938533407585768,294,KO,5:1,5.0,1.0,77.954522046,
1029759,NU,11,7.2858724091,80.1445965001,False,0.05984328148265049,151,NU,2:1,2.0,5.5,14.5717448182,
1257768,MRK,5,22.6954284091,113.4771420455,False,0.014229049187036706,173,MRK,5:1,5.0,1.0,113.4771420455,
1401326,VALE,11,4.7237878788,51.9616666668,False,0.024572395099993066,410,VALE,2:1,2.0,5.5,9.4475757576,
1442842,V,2,18.7670807727,37.5341615454,False,0.040154549534866656,259,V,18:1,18.0,0.1111111111111111,337.80745390860005,
381179,SPY,1,7.4198066667,7.4198066667,False,0.0033962519937639204,1709,SPY,60:1,60.0,0.016666666666666666,445.18840000200004,
386548,IBM,2,9.3158073334,18.6316146668,False,0.00367658174994703,1154,IBM,15:1,15.0,0.13333333333333333,139.73711000100002,
388524,BBV,21,14.8847605238,312.5799709998,False,0.01543820072331547,490,BBVA,1:1,1.0,21.0,14.8847605238,
431603,SPY,1,13.0076408571,13.0076408571,False,0.024367150440405962,127,SPY,60:1,60.0,0.016666666666666666,780.458451426,
561063,ADBE,1,6.9984098095,6.9984098095,False,0.013107394288439966,248,ADBE,44:1,44.0,0.022727272727272728,307.930031618,
562041,AMZN,1,1.8808617143,1.8808617143,False,0.015353530513394909,42,AMZN,144:1,144.0,0.006944444444444444,270.8440868592,
592411,XLF,11,27.042385131,297.466236441,False,0.03637311863179491,171,XLF,2:1,2.0,5.5,54.084770262,
610243,HSY,1,8.4160040001,8.4160040001,False,0.043690315283178925,715,HSY,21:1,21.0,0.047619047619047616,176.73608400209997,
648777,BRKB,1,22.5948077143,22.5948077143,False,0.08689623016215656,367,BRK/B,22:1,22.0,0.045454545454545456,497.0857697146,
648777,XLI,1,6.4914316667,6.4914316667,False,0.02299549277289447,28,XLI,28:1,28.0,0.03571428571428571,181.76008666759998,
650611,KO,5,15.870518952499998,79.35259476249999,False,0.2199430199430199,206,KO,5:1,5.0,1.0,79.35259476249999,
663884,SPY,1,9.5345028571,9.5345028571,False,0.16109188992329226,504,SPY,60:1,60.0,0.016666666666666666,572.070171426,
721251,VALE,11,5.4248862382,59.6737486202,False,0.018441913720432964,544,VALE,2:1,2.0,5.5,10.8497724764,
818112,GOOGL,1,3.1161983809,3.1161983809,False,0.012637976226524995,828,GOOGL,58:1,58.0,0.017241379310344827,180.73950609219997,
818205,XLV,1,6.0936575714,6.0936575714,False,0.018873959854532843,49,XLV,29:1,29.0,0.034482758620689655,176.71606957059998,
905034,NVDA,1,7.5751339979,7.5751339979,False,0.0987526598027567,270,NVDA,24:1,24.0,0.041666666666666664,181.8032159496,
917072,QQQ,2,29.3920621497,58.7841242994,False,0.11414012037075294,367,QQQ,20:1,20.0,0.1,587.841242994,
921796,META,1,27.5766976667,27.5766976667,False,0.06963858766909871,185,META,24:1,24.0,0.041666666666666664,661.8407440008,
957623,PBR,21,17.4919475239,367.3308980019,False,0.010593391800447919,268,PBR,1:1,1.0,21.0,17.4919475239,
1018218,JPM,2,20.5597066666,41.1194133332,False,0.03859536486934246,251,JPM,15:1,15.0,0.13333333333333333,308.395599999,
1059420,CVX,2,10.2730984285,20.546196857,False,0.009106721580231118,274,CVX,16:1,16.0,0.125,164.369574856,
1059420,WMT,2,6.3872429049,12.7744858098,False,0.004118194869201926,274,WMT,18:1,18.0,0.1111111111111111,114.9703722882,
1166086,SPY,1,10.6056647143,10.6056647143,False,0.5130114892537421,419,SPY,60:1,60.0,0.016666666666666666,636.339882858,
1246440,JPM,2,22.8704761904,45.7409523808,False,0.009260196596873462,273,JPM,15:1,15.0,0.13333333333333333,343.05714285600004,
1353300,KO,5,16.6710429524,83.355214762,False,0.048353429465834444,145,KO,5:1,5.0,1.0,83.355214762,
1446653,V,2,20.0037159524,40.0074319048,False,0.10693879688794508,121,V,18:1,18.0,0.1111111111111111,360.0668871432,
1546139,AAPL,2,14.8025907142,29.6051814284,False,0.014026541336637376,151,AAPL,20:1,20.0,0.1,296.051814284,
271996,AAL,10,8.0,80.0,False,0.08646368447613255,111,AAL,2:1,2.0,5.0,16.0,
272910,NU,10,6.496069350000001,64.9606935,False,0.1315660651317154,7,NU,2:1,2.0,5.0,12.992138700000002,
273635,NVDA,1,8.0555,8.0555,False,0.05418405086814728,318,NVDA,24:1,24.0,0.041666666666666664,193.332,
287267,META,1,25.512,25.512,False,0.12566124422050634,120,META,24:1,24.0,0.041666666666666664,612.288,
342068,GOOGL,1,5.34259355,5.34259355,False,0.2935048443232057,188,GOOGL,58:1,58.0,0.017241379310344827,309.8704259,
349646,SPOT,1,23.54967535,23.54967535,False,0.018482605137735218,373,SPOT,28:1,28.0,0.03571428571428571,659.3909098,
358472,JPM,2,13.47966765,26.9593353,False,0.22366410737424333,825,JPM,15:1,15.0,0.13333333333333333,202.19501474999998,
373987,PBR,20,11.67562145,233.512429,False,0.14990445689249765,441,PBR,1:1,1.0,20.0,11.67562145,
376888,MELI,1,16.9282121429,16.9282121429,False,0.07257950577581625,44,MELI,120:1,120.0,0.008333333333333333,2031.3854571480001,
378821,GOOGL,1,2.6508040255,2.6508040255,False,0.00691367407408228,627,GOOGL,58:1,58.0,0.017241379310344827,153.746633479,
378821,NVDA,1,8.8858857143,8.8858857143,False,0.011531837743309424,149,NVDA,24:1,24.0,0.041666666666666664,213.2612571432,
399757,IBIT,2,6.8186323,13.6372646,False,0.002229427206670763,441,IBIT,10:1,10.0,0.2,68.186323,
399757,AMD,2,10.96195485,21.9239097,False,0.02899663891290224,559,AMD,10:1,10.0,0.2,109.6195485,
399757,IWM,2,28.5808412,57.1616824,False,0.013016289564079854,162,IWM,10:1,10.0,0.2,285.808412,
399757,KO,4,16.60746885,66.4298754,False,0.00792866185069308,146,KO,5:1,5.0,0.8,83.03734425,
438742,SPY,1,10.1257482,10.1257482,False,0.7219440353460973,418,SPY,60:1,60.0,0.016666666666666666,607.544892,
466948,GOOGL,1,2.47637395,2.47637395,False,0.02327038279322901,949,GOOGL,58:1,58.0,0.017241379310344827,143.6296891,
469787,GOOGL,1,3.9453719,3.9453719,False,0.010419936550342294,475,GOOGL,58:1,58.0,0.017241379310344827,228.83157020000002,
472424,KO,4,12.3538126163,49.4152504652,False,0.05130169543658987,839,KO,5:1,5.0,0.8,61.76906308150001,
482152,MSFT,1,15.78538155,15.78538155,False,0.018490408986379273,262,MSFT,30:1,30.0,0.03333333333333333,473.5614465,
491900,XLF,10,25.853416349999996,258.5341635,False,0.01893389962273549,337,XLF,2:1,2.0,5.0,51.70683269999999,
496869,BRKB,1,22.7133609,22.7133609,False,0.05222458215866256,169,BRK/B,22:1,22.0,0.045454545454545456,499.6939398,
497632,MSFT,1,13.1616136,13.1616136,False,0.022793459550347207,193,MSFT,30:1,30.0,0.03333333333333333,394.848408,
500071,VIG,1,5.91831545,5.91831545,False,0.03973651325910995,259,VIG,39:1,39.0,0.02564102564102564,230.81430254999998,
511614,MSTR,1,10.8,10.8,False,0.0561616095633145,322,MSTR,20:1,20.0,0.05,216.0,
511808,PLTR,7,49.50520124999999,346.53640874999996,False,0.024034610685400023,122,PLTR,3:1,3.0,2.3333333333333335,148.51560374999997,
536243,SPCE,40,15.4722617667,618.890470668,False,0.11480480018810083,127,SPCE,1:2,0.5,80.0,7.73613088335,
551100,XLV,1,5.61365145,5.61365145,False,0.018968514096258982,98,XLV,29:1,29.0,0.034482758620689655,162.79589205,
558609,NVDA,1,3.9570943,3.9570943,False,0.09509844228221645,917,NVDA,24:1,24.0,0.041666666666666664,94.9702632,
573397,KO,4,12.19559745,48.7823898,False,0.01617851059444103,1132,KO,5:1,5.0,0.8,60.97798725,
610243,MSFT,1,13.68337575,13.68337575,False,0.09474320492498631,81,MSFT,30:1,30.0,0.03333333333333333,410.50127249999997,
612213,COIN,1,9.8196444,9.8196444,False,0.008660452051067255,635,COIN,27:1,27.0,0.037037037037037035,265.13039879999997,
618840,KO,4,12.9258162501,51.7032650004,False,0.0921682801530936,600,KO,5:1,5.0,0.8,64.62908125050001,
625209,MU,4,192.4125,769.65,False,0.034717203022402575,50,MU,5:1,5.0,0.8,962.0625,
648568,AVGO,1,4.2918392,4.2918392,False,0.04279245998751712,746,AVGO,39:1,39.0,0.02564102564102564,167.3817288,
648777,MELI,1,16.0920136308,16.0920136308,False,0.055889616108587906,624,MELI,120:1,120.0,0.008333333333333333,1931.041635696,
648787,NVDA,1,7.6762748,7.6762748,False,0.015067917090990155,260,NVDA,24:1,24.0,0.041666666666666664,184.23059519999998,
650633,META,1,28.438,28.438,False,0.036730342313076425,243,META,24:1,24.0,0.041666666666666664,682.512,
688145,NVDA,1,1.9554916,1.9554916,False,0.20331070853068997,1091,NVDA,24:1,24.0,0.041666666666666664,46.9317984,
700596,NFLX,1,2.4897684,2.4897684,False,0.001112894806819189,412,NFLX,48:1,48.0,0.020833333333333332,119.5088832,
721251,XPEV,5,3.3135087,16.5675435,False,0.005791322735268041,99,XPEV,4:1,4.0,1.25,13.2540348,
721251,V,2,17.60866208,35.21732416,False,0.05070666938492976,430,V,18:1,18.0,0.1111111111111111,316.95591743999995,
749844,TSLA,2,14.14415025,28.2883005,False,0.7237763675488972,990,TSLA,15:1,15.0,0.13333333333333333,212.16225375,
818205,GOOGL,1,3.71177075,3.71177075,False,0.01865572922661158,431,GOOGL,58:1,58.0,0.017241379310344827,215.2827035,
832563,XLV,1,5.57247315,5.57247315,False,0.1394011753932467,236,XLV,29:1,29.0,0.034482758620689655,161.60172135000002,
841472,NTRA,1,8.05800805,8.05800805,False,0.005875304381813301,12,NTRA,51:1,51.0,0.0196078431372549,410.95841055,
841472,BAK,10,0.9272787000000001,9.272787000000001,False,0.0005774886277341956,1,BAK,2:1,2.0,5.0,1.8545574000000002,
841472,MU,4,77.055169,308.220676,False,0.14999861375680695,256,MU,5:1,5.0,0.8,385.275845,
848379,KO,4,18.01604005,72.0641602,False,0.34367427928185756,4,KO,5:1,5.0,0.8,90.08020025,
849640,WMT,2,5.561282,11.122564,False,0.013225042109830266,471,WMT,18:1,18.0,0.1111111111111111,100.103076,
933206,ARM,1,10.4321814,10.4321814,False,0.06531566161321073,42,ARM,27:1,27.0,0.037037037037037035,281.66889779999997,
941426,NVDA,1,4.97907375,4.97907375,False,0.04469012300624691,823,NVDA,24:1,24.0,0.041666666666666664,119.49777,
957623,AAPL,1,12.23854245,12.23854245,False,0.006956758640859938,584,AAPL,20:1,20.0,0.05,244.770849,
957623,HD,1,10.02073145,10.02073145,False,0.0036734922816197176,837,HD,32:1,32.0,0.03125,320.6634064,
957623,HSY,1,8.27979505,8.27979505,False,0.003212953577538371,827,HSY,21:1,21.0,0.047619047619047616,173.87569605000002,
966156,AMD,2,23.3102175476,46.6204350952,False,0.06560016729401923,321,AMD,10:1,10.0,0.2,233.102175476,
1029759,GLD,1,7.70654525,7.70654525,False,0.05440204749586589,67,GLD,50:1,50.0,0.02,385.32726249999996,
1070809,VZ,5,11.2360392394,56.180196197,False,0.014451044063829337,259,VZ,4:1,4.0,1.25,44.9441569576,
1083539,LRCX,1,5.32826725,5.32826725,False,0.0643479657011545,16,LRCX,56:1,56.0,0.017857142857142856,298.382966,
1083539,SMH,1,12.17198045,12.17198045,False,0.1328653785366294,20,SMH,50:1,50.0,0.02,608.5990224999999,
1099551,VST,1,5.905349,5.905349,False,0.0366548188352186,28,VST,26:1,26.0,0.038461538461538464,153.539074,
1111856,VALE,10,4.1795681,41.795681,False,0.14834466257545878,524,VALE,2:1,2.0,5.0,8.3591362,
1135220,MSFT,1,14.701,14.701,False,0.018325099917456764,172,MSFT,30:1,30.0,0.03333333333333333,441.03000000000003,
1183147,AMZN,1,1.59372025,1.59372025,False,0.08970213599843228,666,AMZN,144:1,144.0,0.006944444444444444,229.49571600000002,
1260804,UNH,1,10.34612525,10.34612525,False,0.14863497219966262,476,UNH,33:1,33.0,0.030303030303030304,341.42213325,
1372828,NU,10,6.63874125,66.3874125,False,0.16527866084364348,6,NU,2:1,2.0,5.0,13.2774825,
1435405,NFLX,1,2.3982109,2.3982109,False,0.005631729370292915,427,NFLX,48:1,48.0,0.020833333333333332,115.1141232,
1472714,GOOGL,1,4.379053,4.379053,False,0.01310588877688172,383,GOOGL,58:1,58.0,0.017241379310344827,253.985074,
377180,BBD,19,3.5729295795999994,67.88566201239999,False,0.10892202333039468,1855,BBD,1:1,1.0,19.0,3.5729295795999994,
383372,KO,4,14.7629709474,59.0518837896,False,0.08192522483058413,296,KO,5:1,5.0,0.8,73.81485473699999,
388524,ADGO,19,10.3504640742,196.65881740979998,False,0.0055883752160376735,1124,AGRO,1:1,1.0,19.0,10.3504640742,
399757,MRNA,1,8.0022038421,8.0022038421,False,0.004651425865052969,48,MRNA,19:1,19.0,0.05263157894736842,152.0418729999,
399757,TSLA,2,16.5795675263,33.1591350526,False,0.011040396428690901,652,TSLA,15:1,15.0,0.13333333333333333,248.6935128945,
468654,NVDA,1,5.2133037895,5.2133037895,False,0.7351224770471696,372,NVDA,24:1,24.0,0.041666666666666664,125.11929094800001,
477211,SPCX,1,2.9102568947,2.9102568947,False,0.018563586408910964,51,SPCX,50:1,50.0,0.02,145.512844735,
477338,V,2,14.7366708422,29.4733416844,False,0.014898448165380437,1006,V,18:1,18.0,0.1111111111111111,265.26007515960004,
554511,HMY,19,20.127368421,382.41999999899997,False,0.057526645249009536,354,HMY,1:1,1.0,19.0,20.127368421,
558609,SPY,1,10.3258677895,10.3258677895,False,0.11700242108629118,353,SPY,60:1,60.0,0.016666666666666666,619.55206737,
592411,DE,1,13.9045993157,13.9045993157,False,0.020845596656330585,230,DE,40:1,40.0,0.025,556.183972628,
650633,KO,4,15.1183586843,60.4734347372,False,0.019491673111685436,254,KO,5:1,5.0,0.8,75.5917934215,
650633,NFLX,1,1.7194662631,1.7194662631,False,0.0015895181783700234,106,NFLX,48:1,48.0,0.020833333333333332,82.5343806288,
777328,IBIT,2,4.6490185263,9.2980370526,False,0.10564045141175955,42,IBIT,10:1,10.0,0.2,46.490185263,
809251,NU,10,7.3117812104999995,73.117812105,False,0.01744033250554272,58,NU,2:1,2.0,5.0,14.623562420999999,
849516,GOOGL,1,6.443222579,6.443222579,False,0.11333397056012233,61,GOOGL,58:1,58.0,0.017241379310344827,373.70690958200004,
917072,VIST,7,16.6528580526,116.5700063682,False,0.06055998567670675,280,VIST,3:1,3.0,2.3333333333333335,49.9585741578,
966156,DIA,1,19.3994004738,19.3994004738,False,0.025284300252932622,846,DIA,20:1,20.0,0.05,387.988009476,
1157596,WMT,2,5.9425092632,11.8850185264,False,0.0557515163505291,271,WMT,18:1,18.0,0.1111111111111111,106.9651667376,
1401326,UNH,1,10.5921052105,10.5921052105,False,0.034074223708290996,390,UNH,33:1,33.0,0.030303030303030304,349.5394719465,
271091,MO,5,17.7490189444,88.745094722,False,0.2654400240104045,43,MO,4:1,4.0,1.25,70.9960757776,
271919,MSFT,1,17.9094702223,17.9094702223,False,0.013215242641311586,363,MSFT,30:1,30.0,0.03333333333333333,537.284106669,
273635,MSFT,1,14.5075266668,14.5075266668,False,0.08554718916006653,249,MSFT,30:1,30.0,0.03333333333333333,435.225800004,
274529,SPY,1,11.8972222223,11.8972222223,False,0.010393038013719753,235,SPY,60:1,60.0,0.016666666666666666,713.833333338,
274726,SPY,1,9.3330972778,9.3330972778,False,0.17057037214075835,781,SPY,60:1,60.0,0.016666666666666666,559.985836668,
316998,BBD,18,2.6789500557,48.2211010026,False,0.0034576272637569854,915,BBD,1:1,1.0,18.0,2.6789500557,
377180,MELI,1,16.7775071111,16.7775071111,False,0.37216195842436783,1855,MELI,120:1,120.0,0.008333333333333333,2013.300853332,
399757,TSM,2,38.4936286666,76.9872573332,False,0.022334987173640908,247,TSM,9:1,9.0,0.2222222222222222,346.4426579994,
404591,IVV,1,1.1624293889,1.1624293889,False,0.06855192588980985,27,IVV,692:1,692.0,0.001445086705202312,804.4011371188,
436360,IBM,2,11.0586873334,22.1173746668,False,0.042439552064510576,818,IBM,15:1,15.0,0.13333333333333333,165.880310001,
482152,IBIT,2,3.5309006111,7.0618012222,False,0.0046160202280618795,106,IBIT,10:1,10.0,0.2,35.309006111,
496869,MO,5,17.9642276111,89.8211380555,False,0.03469687772780621,25,MO,4:1,4.0,1.25,71.8569104444,
497632,SID,144,11.5682142778,1665.8228560031998,False,0.011599574089353857,179,SID,1:8,0.125,1152.0,1.446026784725,
517270,IBM,2,9.6840643334,19.3681286668,False,0.22032370513955696,1083,IBM,15:1,15.0,0.13333333333333333,145.26096500100002,
517270,PFE,5,7.5780841111,37.8904205555,False,0.10247206068873096,1082,PFE,4:1,4.0,1.25,30.3123364444,
526836,BIDU,2,10.2168930556,20.4337861112,False,0.03325814581296693,105,BIDU,11:1,11.0,0.18181818181818182,112.3858236116,
533370,ARM,1,5.6091102778,5.6091102778,False,0.029101261372978332,361,ARM,27:1,27.0,0.037037037037037035,151.4459775006,
533370,SPY,1,10.6955555556,10.6955555556,False,0.033582636953218205,398,SPY,60:1,60.0,0.016666666666666666,641.733333336,
539608,JPM,2,21.0564406667,42.1128813334,False,0.027602255437214715,243,JPM,15:1,15.0,0.13333333333333333,315.8466100005,
557758,GLD,1,5.5808867222,5.5808867222,False,0.019580995239205895,545,GLD,50:1,50.0,0.02,279.04433611,
618840,AAPL,1,11.1302204999,11.1302204999,False,0.07996223827749238,603,AAPL,20:1,20.0,0.05,222.604409998,
636624,GLD,1,6.7461059444,6.7461059444,False,0.021636896730512088,355,GLD,50:1,50.0,0.02,337.30529722,
645265,WMT,1,6.9111111111,6.9111111111,False,0.01715644401115341,132,WMT,18:1,18.0,0.05555555555555555,124.3999999998,
688145,GOOGL,1,2.432573889,2.432573889,False,0.10970262219834952,1092,GOOGL,58:1,58.0,0.017241379310344827,141.089285562,
742032,JPM,2,13.5247748889,27.0495497778,False,0.03848710209703586,806,JPM,15:1,15.0,0.13333333333333333,202.8716233335,
751919,MU,4,226.75,907.0,False,0.01812015981008314,11,MU,5:1,5.0,0.8,1133.75,
771491,NEM,6,43.091673055600005,258.5500383336,False,0.00991301766203133,14,NEM,3:1,3.0,2.0,129.2750191668,
777328,GOOGL,1,6.1272685556,6.1272685556,False,0.12331489044043385,7,GOOGL,58:1,58.0,0.017241379310344827,355.38157622479997,
832563,XLK,1,3.1568042778,3.1568042778,False,0.0952485829208638,236,XLK,46:1,46.0,0.021739130434782608,145.2129967788,
841472,PLTR,6,45.7876390278,274.7258341668,False,0.04011213016891204,132,PLTR,3:1,3.0,2.0,137.3629170834,
966156,IWM,2,24.4011223889,48.8022447778,False,0.026502658779948614,669,IWM,10:1,10.0,0.2,244.011223889,
1029759,MELI,1,17.6769478333,17.6769478333,False,0.09993207034493168,289,MELI,120:1,120.0,0.008333333333333333,2121.233739996,
1032670,MSFT,1,13.2305555556,13.2305555556,False,0.11415631371105268,111,MSFT,30:1,30.0,0.03333333333333333,396.916666668,
1111856,WMT,1,4.3970634444,4.3970634444,False,0.10958163561553323,754,WMT,18:1,18.0,0.05555555555555555,79.14714199919999,
1257768,MU,4,197.3194444444,789.2777777776,False,0.08861136774862775,39,MU,5:1,5.0,0.8,986.597222222,
1306042,GFI,18,46.878709,843.816762,False,0.005995448887367096,280,GFI,1:1,1.0,18.0,46.878709,
1325491,JNJ,2,17.3966147222,34.7932294444,False,0.04337066766054354,98,JNJ,15:1,15.0,0.13333333333333333,260.94922083299997,
1596393,NU,9,6.48,58.32000000000001,False,0.020898800720446323,7,NU,2:1,2.0,4.5,12.96,
271919,MELI,1,18.5938560588,18.5938560588,False,0.011060548552386527,363,MELI,120:1,120.0,0.008333333333333333,2231.262727056,
271919,QQQ,1,36.9328757647,36.9328757647,False,0.026974888304904292,120,QQQ,20:1,20.0,0.05,738.657515294,
273220,STNE,6,4.7242772353,28.345663411799997,False,0.0535262405105072,314,STNE,3:1,3.0,2.0,14.172831705899998,
316998,F,17,9.9104144707,168.4770460019,False,0.00921491698398327,468,F,1:1,1.0,17.0,9.9104144707,
388524,META,1,25.2037255293,25.2037255293,False,0.014353201337293163,360,META,24:1,24.0,0.041666666666666664,604.8894127032,
418078,EEM,4,11.029979353,44.119917412,False,0.09427652385039474,292,EEM,5:1,5.0,0.8,55.149896765,
431603,NKE,2,3.9308203529,7.8616407058,False,0.00429000945971187,127,NKE,12:1,12.0,0.16666666666666666,47.1698442348,
449572,XLK,1,2.9738911764,2.9738911764,False,0.024693400879543297,338,XLK,46:1,46.0,0.021739130434782608,136.7989941144,
491900,TM,2,12.229203353,24.458406706,False,0.007326200868953587,816,TM,15:1,15.0,0.13333333333333333,183.438050295,
584711,NVDA,1,3.2195745883,3.2195745883,False,0.08829414083354539,888,NVDA,24:1,24.0,0.041666666666666664,77.2697901192,
618840,GOOGL,1,3.1518915882,3.1518915882,False,0.027141877647925666,648,GOOGL,58:1,58.0,0.017241379310344827,182.80971211559998,
618840,PEP,1,8.6905334117,8.6905334117,False,0.03163183855584437,704,PEP,18:1,18.0,0.05555555555555555,156.42960141060001,
648777,V,1,19.1258318823,19.1258318823,False,0.06279551694959158,406,V,18:1,18.0,0.05555555555555555,344.2649738814,
648787,SPGI,1,9.9924538235,9.9924538235,False,0.011154369790049443,240,SPGI,45:1,45.0,0.022222222222222223,449.6604220575,
781697,NVDA,1,5.8738144118,5.8738144118,False,0.025693593444184388,490,NVDA,24:1,24.0,0.041666666666666664,140.9715458832,
818090,AMGN,1,8.7804097059,8.7804097059,False,0.009875635224359374,909,AMGN,30:1,30.0,0.03333333333333333,263.412291177,
818205,VEA,2,7.5651810588,15.1303621176,False,0.018909833382410313,49,VEA,10:1,10.0,0.2,75.651810588,
849640,JNJ,2,14.6466091177,29.2932182354,False,0.032506940374220195,248,JNJ,15:1,15.0,0.13333333333333333,219.69913676550001,
890058,RBLX,9,23.3335654706,210.0020892354,False,0.02028981030270735,140,RBLX,2:1,2.0,4.5,46.6671309412,
904925,GOOGL,1,3.111076,3.111076,False,0.4286637843953291,834,GOOGL,58:1,58.0,0.017241379310344827,180.442408,
906314,GOOGL,1,3.1840648235,3.1840648235,False,0.017703500984547607,665,GOOGL,58:1,58.0,0.017241379310344827,184.675759763,
906314,MSFT,1,13.3752092941,13.3752092941,False,0.051800554016620495,97,MSFT,30:1,30.0,0.03333333333333333,401.256278823,
917630,MSFT,1,15.2469492949,15.2469492949,False,0.27334607222422797,130,MSFT,30:1,30.0,0.03333333333333333,457.408478847,
957623,JPM,2,19.0022909411,38.0045818822,False,0.007876834442445682,251,JPM,15:1,15.0,0.13333333333333333,285.0343641165,
987777,ASML,1,7.2154352941,7.2154352941,False,0.014205481277707509,351,ASML,146:1,146.0,0.00684931506849315,1053.4535529386,
987777,VST,1,7.5670477648,7.5670477648,False,0.006221695278376387,351,VST,26:1,26.0,0.038461538461538464,196.7432418848,
1021477,MSFT,1,14.2509390588,14.2509390588,False,0.2499738285244925,70,MSFT,30:1,30.0,0.03333333333333333,427.52817176400004,
1135220,AAPL,1,11.6107414118,11.6107414118,False,0.014811618273918093,734,AAPL,20:1,20.0,0.05,232.214828236,
1257773,SPY,1,12.1270280588,12.1270280588,False,0.09904186492758885,152,SPY,60:1,60.0,0.016666666666666666,727.6216835280001,
1260804,EWZ,9,12.7426152941,114.6835376469,False,0.23778971699881302,474,EWZ,2:1,2.0,4.5,25.4852305882,
1290242,SPY,1,12.4472823529,12.4472823529,False,0.4943909910687319,149,SPY,60:1,60.0,0.016666666666666666,746.836941174,
1325491,AMD,2,47.8138559412,95.6277118824,False,0.15345395052356667,35,AMD,10:1,10.0,0.2,478.13855941200006,
270166,NVDA,1,6.083799,6.083799,False,0.013429307255776901,839,NVDA,24:1,24.0,0.041666666666666664,146.011176,
270641,AMZN,1,1.7035861875,1.7035861875,False,0.006929744687392832,263,AMZN,144:1,144.0,0.006944444444444444,245.31641100000002,
271091,SPCX,1,2.963965,2.963965,False,0.04733717944442592,54,SPCX,50:1,50.0,0.02,148.19825,
271091,NVDA,1,10.3377294375,10.3377294375,False,0.13885183579551139,1,NVDA,24:1,24.0,0.041666666666666664,248.1055065,
273599,XLF,8,26.5251161875,212.2009295,False,0.015063230897026644,126,XLF,2:1,2.0,4.0,53.050232375,
275825,NVDA,1,9.49716625,9.49716625,False,0.9767755556858836,124,NVDA,24:1,24.0,0.041666666666666664,227.93198999999998,
349394,NVDA,1,10.4,10.4,False,0.36073989040265114,1,NVDA,24:1,24.0,0.041666666666666664,249.60000000000002,
358472,BRKB,1,18.268600375,18.268600375,False,0.18536174985978685,840,BRK/B,22:1,22.0,0.045454545454545456,401.90920824999995,
372811,SPY,1,12.885587625,12.885587625,False,0.8540148875514729,97,SPY,60:1,60.0,0.016666666666666666,773.1352575,
373987,O,2,5.14657675,10.2931535,False,0.020611714001678702,90,O,13:1,13.0,0.15384615384615385,66.90549775000001,
404917,BRKB,1,14.484078875,14.484078875,False,0.00852383831076014,1587,BRK/B,22:1,22.0,0.045454545454545456,318.64973525,
428028,AAPL,1,10.2360480625,10.2360480625,False,0.1551373687737324,796,AAPL,20:1,20.0,0.05,204.72096125000002,
449572,ASML,1,5.2202070625,5.2202070625,False,0.06767773838996481,402,ASML,146:1,146.0,0.00684931506849315,762.150231125,
449572,XLB,1,2.680258375,2.680258375,False,0.0145455586881949,298,XLB,18:1,18.0,0.05555555555555555,48.244650750000005,
449572,XLI,1,5.726079125,5.726079125,False,0.03228598522214514,319,XLI,28:1,28.0,0.03571428571428571,160.3302155,
449572,XLV,1,4.987802375,4.987802375,False,0.030615362095629647,319,XLV,29:1,29.0,0.034482758620689655,144.646268875,
469787,DIA,1,22.914657625,22.914657625,False,0.03570212055434964,450,DIA,20:1,20.0,0.05,458.2931525,
491532,TSLA,2,15.3461821875,30.692364375,False,0.027253555155144306,767,TSLA,15:1,15.0,0.13333333333333333,230.1927328125,
500071,CEG,1,6.4228322083,6.4228322083,False,0.031234105080722642,212,CEG,45:1,45.0,0.022222222222222223,289.0274493735,
513722,PFE,4,6.8086111875,27.23444475,False,0.009104050736464921,171,PFE,4:1,4.0,1.0,27.23444475,
554511,TSLA,2,25.3462529248,50.6925058496,False,0.07064983802966474,267,TSLA,15:1,15.0,0.13333333333333333,380.193793872,
592411,GE,2,25.4332286585,50.866457317,False,0.03931139029754619,445,GE,8:1,8.0,0.25,203.465829268,
592411,NBIS,1,9.8354123125,9.8354123125,False,0.008898554508264352,98,NBIS,27:1,27.0,0.037037037037037035,265.5561324375,
592411,ARM,1,13.2122039375,13.2122039375,False,0.011508641178658246,101,ARM,27:1,27.0,0.037037037037037035,356.7295063125,
592411,LLY,1,17.131585125,17.131585125,False,0.02103401055610424,391,LLY,56:1,56.0,0.017857142857142856,959.368767,
610243,CVX,1,9.4802983125,9.4802983125,False,0.055821181280693605,441,CVX,16:1,16.0,0.0625,151.684773,
610243,SYY,2,9.15683875,18.3136775,False,0.04126725522293968,635,SYY,8:1,8.0,0.25,73.25471,
650633,VIST,6,19.269488125,115.61692875,False,0.021088594993501828,224,VIST,3:1,3.0,2.0,57.808464375,
681044,GLD,1,6.494715375,6.494715375,False,0.010280072412680972,397,GLD,50:1,50.0,0.02,324.73576875000003,
700245,BA,1,8.356198375,8.356198375,False,0.014904694443732327,1090,BA,24:1,24.0,0.041666666666666664,200.548761,
721251,SLV,3,9.1825697689,27.5477093067,False,0.018164556061805715,230,SLV,6:1,6.0,0.5,55.0954186134,
742032,LLY,1,15.4205425625,15.4205425625,False,0.031578947368421054,806,LLY,56:1,56.0,0.017857142857142856,863.5503835,
786798,MRK,4,16.08781225,64.351249,False,0.02723459282154797,461,MRK,5:1,5.0,0.8,80.43906125,
789428,GOOGL,1,6.0512206875,6.0512206875,False,0.07255486121203313,206,GOOGL,58:1,58.0,0.017241379310344827,350.970799875,
802219,QQQ,1,26.115376375,26.115376375,False,0.9955381074007504,694,QQQ,20:1,20.0,0.05,522.3075275,
896688,EWZ,8,19.800290125,158.402321,False,0.11010979013241207,21,EWZ,2:1,2.0,4.0,39.60058025,
906928,SMH,1,12.5506744375,12.5506744375,False,0.014194923061975898,119,SMH,50:1,50.0,0.02,627.533721875,
921796,IEMG,2,5.655397,11.310794,False,0.011987433607387639,294,IEMG,12:1,12.0,0.16666666666666666,67.864764,
941426,GOOGL,1,2.9587711875,2.9587711875,False,0.021434858210076634,824,GOOGL,58:1,58.0,0.017241379310344827,171.608728875,
957623,TM,2,11.0007791875,22.001558375,False,0.004104383431023361,786,TM,15:1,15.0,0.13333333333333333,165.01168781249999,
957623,META,1,24.5171304375,24.5171304375,False,0.010335578267541137,273,META,24:1,24.0,0.041666666666666664,588.4111305,
1014203,NEE,1,4.7363615,4.7363615,False,0.008559001339492622,99,NEE,19:1,19.0,0.05263157894736842,89.9908685,
1014203,NVDA,1,9.213211375,9.213211375,False,0.021206511054633982,109,NVDA,24:1,24.0,0.041666666666666664,221.117073,
1018218,SPY,1,12.86625,12.86625,False,0.017138398387310797,122,SPY,60:1,60.0,0.016666666666666666,771.975,
1029759,VIST,6,24.155390868600005,144.93234521160002,False,0.1270387473497142,63,VIST,3:1,3.0,2.0,72.46617260580001,
1191812,VALE,8,4.2295105625,33.8360845,False,0.013430840517973873,664,VALE,2:1,2.0,4.0,8.459021125,
1257768,AAPL,1,12.70828725,12.70828725,False,0.00616566239591755,310,AAPL,20:1,20.0,0.05,254.165745,
1295402,AMZN,1,1.664104375,1.664104375,False,0.02318349778055593,607,AMZN,144:1,144.0,0.006944444444444444,239.63103,
1472714,ASML,1,6.7301344375,6.7301344375,False,0.022332829301075267,361,ASML,146:1,146.0,0.00684931506849315,982.599627875,
1472714,AMZN,1,1.715699125,1.715699125,False,0.0030766969086021504,353,AMZN,144:1,144.0,0.006944444444444444,247.060674,
1513760,JPM,2,21.0960110625,42.192022125,False,0.07936283276933567,245,JPM,15:1,15.0,0.13333333333333333,316.4401659375,
1546139,EWZ,8,19.7377700625,157.9021605,False,0.013780353687025487,213,EWZ,2:1,2.0,4.0,39.475540125,
1546139,IEUR,2,6.410625,12.82125,False,0.004284434439651906,189,IEUR,11:1,11.0,0.18181818181818182,70.516875,
1546139,EEM,4,12.247743125,48.9909725,False,0.00882851991600385,222,EEM,5:1,5.0,0.8,61.238715625,
271919,B,8,26.5216147999,212.1729183992,False,0.012626209829168423,252,B,2:1,2.0,4.0,53.0432295998,
275675,INTC,3,4.0889314667,12.2667944001,False,0.04274152132551599,779,INTC,5:1,5.0,0.6,20.4446573335,
373987,KO,3,17.4410017333,52.323005199899995,False,0.08042288986647776,79,KO,5:1,5.0,0.6,87.20500866649999,
376963,MU,3,185.8773242717,557.6319728151,False,0.06609018918324103,72,MU,5:1,5.0,0.6,929.3866213585,
378821,AAPL,1,10.295025669,10.295025669,False,0.014427814672986703,705,AAPL,20:1,20.0,0.05,205.90051337999998,
378821,AMZN,1,1.5383333333,1.5383333333,False,0.0015216619406701404,210,AMZN,144:1,144.0,0.006944444444444444,221.5199999952,
389598,AMZN,1,1.1007656667,1.1007656667,False,0.03215573348316711,1001,AMZN,144:1,144.0,0.006944444444444444,158.5102560048,
403701,NVDA,1,6.5715589999,6.5715589999,False,0.022833360630805585,466,NVDA,24:1,24.0,0.041666666666666664,157.7174159976,
404682,SPY,1,11.5687292121,11.5687292121,False,0.04141907600290862,203,SPY,60:1,60.0,0.016666666666666666,694.1237527259999,
416911,PLTR,5,43.2801896667,216.40094833349997,False,0.010570957895692398,64,PLTR,3:1,3.0,1.6666666666666667,129.8405690001,
442120,BB,5,1.2204923333,6.1024616665,False,0.015777676366369592,654,BB,3:1,3.0,1.6666666666666667,3.6614769998999996,
449572,XLP,1,5.1168567334,5.1168567334,False,0.025247093115759865,342,XLP,16:1,16.0,0.0625,81.8697077344,
467692,AMZN,1,1.0396012667,1.0396012667,False,0.00746384234365193,1132,AMZN,144:1,144.0,0.006944444444444444,149.7025824048,
469021,TM,1,13.5743979333,13.5743979333,False,0.0007571726916255352,363,TM,15:1,15.0,0.06666666666666667,203.6159689995,
469787,IBM,1,11.1170434001,11.1170434001,False,0.01921522791784939,928,IBM,15:1,15.0,0.06666666666666667,166.7556510015,
469787,QQQ,1,31.6837975334,31.6837975334,False,0.04942143930539322,262,QQQ,20:1,20.0,0.05,633.675950668,
482152,IEUR,2,6.4717909334,12.9435818668,False,0.005286879809303734,348,IEUR,11:1,11.0,0.18181818181818182,71.1897002674,
482152,AAPL,1,13.3288813999,13.3288813999,False,0.01318732728530215,347,AAPL,20:1,20.0,0.05,266.577627998,
484220,GOOGL,1,6.2044164,6.2044164,False,0.0763165833652678,53,GOOGL,58:1,58.0,0.017241379310344827,359.8561512,
495464,MELI,1,15.964,15.964,False,0.05751691290593936,18,MELI,120:1,120.0,0.008333333333333333,1915.68,
497632,TSLA,1,16.8644330667,16.8644330667,False,0.02471829605782998,820,TSLA,15:1,15.0,0.06666666666666667,252.96649600049997,
500071,EEM,3,11.398337902,34.195013706,False,0.06755458433019987,308,EEM,5:1,5.0,0.6,56.99168951,
511614,MELI,1,17.4672842572,17.4672842572,False,0.07927948525329066,316,MELI,120:1,120.0,0.008333333333333333,2096.074110864,
511808,UBER,8,37.3246442,298.5971536,False,0.009932083750186206,58,UBER,2:1,2.0,4.0,74.6492884,
533370,GOOGL,1,4.3595045999,4.3595045999,False,0.012954192535838549,365,GOOGL,58:1,58.0,0.017241379310344827,252.8512667942,
535485,SPY,1,11.809959,11.809959,False,0.4624373956594324,246,SPY,60:1,60.0,0.016666666666666666,708.59754,
551100,QCOM,2,16.3286802,32.6573604,False,0.04052851901741015,49,QCOM,11:1,11.0,0.18181818181818182,179.6154822,
561063,MELI,1,16.620890097,16.620890097,False,0.026801093552632743,125,MELI,120:1,120.0,0.008333333333333333,1994.50681164,
566660,GOOGL,1,2.8603970667,2.8603970667,False,0.18581751766854598,574,GOOGL,58:1,58.0,0.017241379310344827,165.90302986860002,
592411,DIA,1,22.7325170666,22.7325170666,False,0.024685299528842106,433,DIA,20:1,20.0,0.05,454.650341332,
610243,CVS,1,4.0131791333,4.0131791333,False,0.023576841357017403,679,CVS,15:1,15.0,0.06666666666666667,60.19768699950001,
648787,IVV,1,1.17,1.17,False,0.0012717038298044818,8,IVV,692:1,692.0,0.001445086705202312,809.64,
650611,GOOGL,1,5.2144977333,5.2144977333,False,0.054421768707482984,195,GOOGL,58:1,58.0,0.017241379310344827,302.4408685314,
661179,GOOGL,1,6.145555,6.145555,False,0.04971345715666643,29,GOOGL,58:1,58.0,0.017241379310344827,356.44219,
681044,AMD,2,10.1548586667,20.3097173334,False,0.08007532993311389,727,AMD,10:1,10.0,0.2,101.548586667,
700596,MSFT,1,12.1026978667,12.1026978667,False,0.010375149339270792,751,MSFT,30:1,30.0,0.03333333333333333,363.080936001,
700596,SMH,1,8.604267,8.604267,False,0.007523214349297453,219,SMH,50:1,50.0,0.02,430.21335,
700596,AMZN,1,1.5989387333,1.5989387333,False,0.0010405452805760083,299,AMZN,144:1,144.0,0.006944444444444444,230.24717759520001,
700596,KO,3,10.5527271875,31.6581815625,False,0.010234995806757824,1087,KO,5:1,5.0,0.6,52.7636359375,
706938,SPY,1,13.3130228667,13.3130228667,False,0.15062421786544306,7,SPY,60:1,60.0,0.016666666666666666,798.781372002,
709175,TSM,2,46.3232408667,92.6464817334,False,0.06395619237904089,73,TSM,9:1,9.0,0.2222222222222222,416.9091678003,
742032,VIST,5,15.9887438667,79.9437193335,False,0.032091073384700006,806,VIST,3:1,3.0,1.6666666666666667,47.9662316001,
818090,INTC,3,9.0753797333,27.2261391999,False,0.015112418610255834,937,INTC,5:1,5.0,0.6,45.3768986665,
818205,GLD,1,5.7588612667,5.7588612667,False,0.017776827793613614,551,GLD,50:1,50.0,0.02,287.94306333500003,
823171,NKE,2,5.8945298667,11.7890597334,False,0.4280708584777107,818,NKE,12:1,12.0,0.16666666666666666,70.7343584004,
841472,GEV,1,5.6546644667,5.6546644667,False,0.002908067732518628,7,GEV,180:1,180.0,0.005555555555555556,1017.839604006,
841472,IREN,2,3.6427161333,7.2854322666,False,0.0017899442594993158,7,IREN,12:1,12.0,0.16666666666666666,43.7125935996,
841472,AMD,2,48.7498884333,97.4997768666,False,0.03341048960080929,125,AMD,10:1,10.0,0.2,487.498884333,
843899,GLD,1,9.4244014,9.4244014,False,0.01856558131983753,242,GLD,50:1,50.0,0.02,471.22007,
849640,ABEV,45,5.2185784667,234.8360310015,False,0.016554681884563063,582,ABEV,1:3,0.3333333333333333,135.0,1.7395261555666668,
849640,AVGO,1,4.3105957379,4.3105957379,False,0.015823944481355864,823,AVGO,39:1,39.0,0.02564102564102564,168.1132337781,
896688,INTC,3,20.7062716,62.1188148,False,0.1117879931642426,21,INTC,5:1,5.0,0.6,103.53135800000001,
927453,COPX,2,6.2464833333,12.4929666666,False,0.0227412054577014,144,COPX,14:1,14.0,0.14285714285714285,87.4507666662,
927453,GOOGL,1,6.6399383333,6.6399383333,False,0.021984887738492578,124,GOOGL,58:1,58.0,0.017241379310344827,385.1164233314,
933206,GOOGL,1,6.0470550666,6.0470550666,False,0.026166520831178413,69,GOOGL,58:1,58.0,0.017241379310344827,350.7291938628,
933206,NVDA,1,8.8557305333,8.8557305333,False,0.04365000601047219,63,NVDA,24:1,24.0,0.041666666666666664,212.5375327992,
957623,AMD,2,28.9329485333,57.8658970666,False,0.019794951101566913,255,AMD,10:1,10.0,0.2,289.329485333,
1022635,AXP,1,21.9219785333,21.9219785333,False,0.16976688167438372,20,AXP,15:1,15.0,0.06666666666666667,328.8296779995,
1099551,AVGO,1,7.8429077999,7.8429077999,False,0.0458130141449885,251,AVGO,39:1,39.0,0.02564102564102564,305.8734041961,
1150296,COPX,2,6.1931466667,12.3862933334,False,0.008778650525023505,225,COPX,14:1,14.0,0.14285714285714285,86.70405333379999,
1157596,BRKB,1,22.2008230667,22.2008230667,False,0.17343093306826354,206,BRK/B,22:1,22.0,0.045454545454545456,488.4181074674,
1175983,AAPL,1,12.44,12.44,False,0.1856304922636144,669,AAPL,20:1,20.0,0.05,248.79999999999998,
1295402,PBR,15,12.0578172667,180.8672590005,False,0.29887722241124204,588,PBR,1:1,1.0,15.0,12.0578172667,
1353300,BMY,5,23.0864277333,115.4321386665,False,0.039119391862440456,39,BMY,3:1,3.0,1.6666666666666667,69.2592831999,
1435405,GOOGL,1,3.2829789333,3.2829789333,False,0.01794179268411902,437,GOOGL,58:1,58.0,0.017241379310344827,190.4127781314,
1452743,SPY,1,11.3683702667,11.3683702667,False,0.8433498769654252,241,SPY,60:1,60.0,0.016666666666666666,682.102216002,
1501198,NVDA,1,8.4623235333,8.4623235333,False,0.07991074398775799,183,NVDA,24:1,24.0,0.041666666666666664,203.09576479919997,
1550233,GOOGL,1,5.9561452666,5.9561452666,False,0.0008666630555706018,233,GOOGL,58:1,58.0,0.017241379310344827,345.4564254628,
1550233,NVDA,1,8.7076787999,8.7076787999,False,0.0014457347168460872,166,NVDA,24:1,24.0,0.041666666666666664,208.9842911976,
1585940,MELI,1,16.36,16.36,False,0.05264116694100884,224,MELI,120:1,120.0,0.008333333333333333,1963.1999999999998,
1618554,COIN,1,7.8968130667,7.8968130667,False,0.0007907587993571868,166,COIN,27:1,27.0,0.037037037037037035,213.2139528009,
1618554,NVDA,1,8.7076787999,8.7076787999,False,0.0011318093219509684,166,NVDA,24:1,24.0,0.041666666666666664,208.9842911976,
1641377,WMT,1,6.774046,6.774046,False,0.030612690070843444,124,WMT,18:1,18.0,0.05555555555555555,121.932828,
271091,AAPL,1,16.99144,16.99144,False,0.20266282055557408,16,AAPL,20:1,20.0,0.05,339.8288,
271821,COST,1,21.4450065,21.4450065,False,0.02651635244470397,156,COST,48:1,48.0,0.020833333333333332,1029.360312,
274366,BP,3,6.4238605,19.2715815,False,0.00591918430032579,979,BP,5:1,5.0,0.6,32.1193025,
279119,MU,3,209.2723562143,627.8170686429,False,0.04585960623541081,35,MU,5:1,5.0,0.6,1046.3617810715,
311495,BRKB,1,23.0426318572,23.0426318572,False,0.2508674842955429,113,BRK/B,22:1,22.0,0.045454545454545456,506.9379008584,
316998,BP,3,5.4649320001,16.3947960003,False,0.005576638648627245,468,BP,5:1,5.0,0.6,27.3246600005,
316998,MO,4,14.0569275001,56.2277100004,False,0.010601050087864057,468,MO,4:1,4.0,1.0,56.2277100004,
370592,AAPL,1,7.1061613572,7.1061613572,False,0.04605852762014835,1919,AAPL,20:1,20.0,0.05,142.123227144,
383372,BRKB,1,20.5476305,20.5476305,False,0.08029988581933602,363,BRK/B,22:1,22.0,0.045454545454545456,452.047871,
383372,QQQ,1,36.4711901428,36.4711901428,False,0.13225567851320977,141,QQQ,20:1,20.0,0.05,729.423802856,
388524,DOW,3,8.3850254287,25.1550762861,False,0.0018089432331148936,1072,DOW,6:1,6.0,0.5,50.3101525722,
388524,V,1,16.120904,16.120904,False,0.007840586779397684,945,V,18:1,18.0,0.05555555555555555,290.176272,
418078,VIST,5,20.2937634286,101.468817143,False,0.1252638660140574,167,VIST,3:1,3.0,1.6666666666666667,60.88129028579999,
449572,WMT,1,5.3638249285,5.3638249285,False,0.027092733903148408,411,WMT,18:1,18.0,0.05555555555555555,96.548848713,
484220,ASML,1,10.7734209286,10.7734209286,False,0.15172813032524235,96,ASML,146:1,146.0,0.00684931506849315,1572.9194555756,
511614,SLV,3,12.6107142857,37.8321428571,False,0.04379593036548323,247,SLV,6:1,6.0,0.5,75.6642857142,
512446,ORCL,5,62.652386785800005,313.261933929,False,0.011797199934764838,265,ORCL,3:1,3.0,1.6666666666666667,187.95716035740003,
533370,ASML,1,5.9386307144,5.9386307144,False,0.025754761634553373,365,ASML,146:1,146.0,0.00684931506849315,867.0400843024,
563332,SATL,14,4.0056963165,56.079748431,False,0.061793333598188394,187,SATL,1:1,1.0,14.0,4.0056963165,
613242,AMZN,1,1.017426,1.017426,False,0.029439118204259717,1106,AMZN,144:1,144.0,0.006944444444444444,146.509344,
618840,WMT,1,4.1458014285,4.1458014285,False,0.021782066763544078,677,WMT,18:1,18.0,0.05555555555555555,74.62442571300001,
648777,NU,7,8.0700762857,56.49053399990001,False,0.019168667000535343,223,NU,2:1,2.0,3.5,16.1401525714,
694664,VIST,5,24.9787515714,124.893757857,False,0.05078059491661168,130,VIST,3:1,3.0,1.6666666666666667,74.9362547142,
700596,GLD,1,6.754795,6.754795,False,0.00420460597538904,363,GLD,50:1,50.0,0.02,337.73974999999996,
700596,XP,4,4.4417712857,17.7670851428,False,0.003901571310496136,365,XP,4:1,4.0,1.0,17.7670851428,
721251,GLD,1,6.5251516214,6.5251516214,False,0.013156709447702673,341,GLD,50:1,50.0,0.02,326.25758107,
721251,MSFT,1,14.4473685217,14.4473685217,False,0.030300731560456855,218,MSFT,30:1,30.0,0.03333333333333333,433.42105565099996,
721251,MO,4,14.3781863571,57.5127454284,False,0.02935250024891072,359,MO,4:1,4.0,1.0,57.5127454284,
741270,ETHA,3,3.8504762856999997,11.5514288571,False,0.0072791413180196335,256,ETHA,5:1,5.0,0.6,19.252381428499998,
743657,MSFT,1,15.1062685715,15.1062685715,False,0.037712523880123625,812,MSFT,30:1,30.0,0.03333333333333333,453.18805714499996,
781590,MU,3,202.6682809286,608.0048427858001,False,0.0907305264098966,65,MU,5:1,5.0,0.6,1013.341404643,
818090,ABBV,2,16.7235792143,33.4471584286,False,0.016144982818297786,909,ABBV,10:1,10.0,0.2,167.235792143,
832563,XLY,1,2.8040437142,2.8040437142,False,0.04336436031482919,236,XLY,43:1,43.0,0.023255813953488372,120.57387971060001,
840696,CVX,1,9.9741544287,9.9741544287,False,0.01974620561771002,881,CVX,16:1,16.0,0.0625,159.5864708592,
840696,MO,4,10.132396643,40.529586572,False,0.025973072497847288,881,MO,4:1,4.0,1.0,40.529586572,
841472,RENT3,7,5.321463071399999,37.2502414998,False,0.002477318018389023,1,RENT3,2:1,2.0,3.5,10.642926142799999,
849516,COIN,1,5.7341705,5.7341705,False,0.09732364748614031,61,COIN,27:1,27.0,0.037037037037037035,154.8226035,
890058,LAC,14,7.0345923,98.4842922,False,0.0019270917801272201,369,LAC,1:1,1.0,14.0,7.0345923,
950946,WMT,1,5.3099317857,5.3099317857,False,0.31752069814276124,407,WMT,18:1,18.0,0.05555555555555555,95.5787721426,
963867,VALE,7,4.7773293572,33.4413055004,False,0.013317738411012652,782,VALE,2:1,2.0,3.5,9.5546587144,
1014203,TJX,1,6.6965342857,6.6965342857,False,0.01130929037449769,42,TJX,22:1,22.0,0.045454545454545456,147.3237542854,
1032670,WMT,1,5.2777812857,5.2777812857,False,0.029570611382983527,433,WMT,18:1,18.0,0.05555555555555555,95.0000631426,
1059420,META,1,24.013874,24.013874,False,0.014557984931876137,736,META,24:1,24.0,0.041666666666666664,576.332976,
1070809,GLD,1,9.13687676,9.13687676,False,0.006731005375708348,247,GLD,50:1,50.0,0.02,456.843838,
1083539,WDC,1,5.2102056429,5.2102056429,False,0.03510162713803328,6,WDC,92:1,92.0,0.010869565217391304,479.3389191468,
1150296,CIBR,2,7.2642200714,14.5284401428,False,0.014061980065336661,323,CIBR,10:1,10.0,0.2,72.642200714,
1191812,BP,3,5.5467062858,16.6401188574,False,0.01475863006559643,664,BP,5:1,5.0,0.6,27.733531429,
1339310,SPY,1,13.3,13.3,False,0.09405790095338719,41,SPY,60:1,60.0,0.016666666666666666,798.0,
1345152,META,1,27.3729120879,27.3729120879,False,0.12645159121846833,337,META,24:1,24.0,0.041666666666666664,656.9498901096,
1425104,SPY,1,13.41,13.41,False,0.04484612880460223,6,SPY,60:1,60.0,0.016666666666666666,804.6,
1435405,SLV,3,5.8844816429,17.6534449287,False,0.025703151506554698,439,SLV,6:1,6.0,0.5,35.3068898574,
1442842,VIST,5,16.3711068095,81.85553404749999,False,0.02764689117535126,326,VIST,3:1,3.0,1.6666666666666667,49.113320428499996,
1501198,AVGO,1,9.9725421429,9.9725421429,False,0.06951119026781921,113,AVGO,39:1,39.0,0.02564102564102564,388.9291435731,
1501198,SMH,1,11.7039918571,11.7039918571,False,0.09486522035078022,36,SMH,50:1,50.0,0.02,585.199592855,
1646744,SPY,1,13.34,13.34,False,0.2977048663143781,49,SPY,60:1,60.0,0.016666666666666666,800.4,
270641,NVDA,1,7.9461538462,7.9461538462,False,0.032004540993105735,266,NVDA,24:1,24.0,0.041666666666666664,190.7076923088,
271996,AAPL,1,9.9123688461,9.9123688461,False,0.14604495283446126,851,AAPL,20:1,20.0,0.05,198.247376922,
273635,BIOX,13,6.9829587692,90.77846399959999,False,0.001220689780822417,657,BIOX,1:1,1.0,13.0,6.9829587692,
374125,JNJ,1,17.8423076923,17.8423076923,False,0.001155273743781307,96,JNJ,15:1,15.0,0.06666666666666667,267.6346153845,
388524,ADBE,1,11.6416684667,11.6416684667,False,0.0019238840464507509,859,ADBE,44:1,44.0,0.022727272727272728,512.2334125348,
404917,EWZ,7,14.8052548462,103.6367839234,False,0.006471473778269481,1587,EWZ,2:1,2.0,3.5,29.6105096924,
496869,JPM,1,24.7674796154,24.7674796154,False,0.03276800202259509,25,JPM,15:1,15.0,0.06666666666666667,371.51219423099997,
511614,GLD,1,9.352962963,9.352962963,False,0.03366430414475618,249,GLD,50:1,50.0,0.02,467.64814815,
526836,TSLA,1,24.6869924615,24.6869924615,False,0.07696033148279358,29,TSLA,15:1,15.0,0.06666666666666667,370.30488692250003,
573397,QQQ,1,22.2729674615,22.2729674615,False,0.023039535544806602,945,QQQ,20:1,20.0,0.05,445.45934923,
610243,DEO,3,17.8743454616,53.6230363848,False,0.04925245743430627,551,DEO,6:1,6.0,0.5,107.2460727696,
635835,NVDA,1,10.4221455385,10.4221455385,False,0.07644852210069601,1,NVDA,24:1,24.0,0.041666666666666664,250.131492924,
648793,WMT,1,7.1380318461,7.1380318461,False,0.004293787151767942,173,WMT,18:1,18.0,0.05555555555555555,128.4845732298,
650633,MCD,1,11.4662427692,11.4662427692,False,0.007504507716367539,97,MCD,24:1,24.0,0.041666666666666664,275.1898264608,
661098,AMZN,1,1.3888436154,1.3888436154,False,0.0011769294153760068,573,AMZN,144:1,144.0,0.006944444444444444,199.99348061759997,
700596,EWZ,7,13.9090895384,97.3636267688,False,0.011025537488797187,558,EWZ,2:1,2.0,3.5,27.8181790768,
700596,NU,7,7.7498450769,54.2489155383,False,0.003904222863813949,313,NU,2:1,2.0,3.5,15.4996901538,
700596,IBIT,2,4.8362449231,9.6724898462,False,0.0024939752920685983,269,IBIT,10:1,10.0,0.2,48.362449231,
721251,HSY,1,9.1447573793,9.1447573793,False,0.012356639278585617,874,HSY,21:1,21.0,0.047619047619047616,192.0399049653,
721251,PFE,4,6.3976817692,25.5907270768,False,0.010995927346516908,465,PFE,4:1,4.0,1.0,25.5907270768,
781697,KO,3,13.0730626923,39.219188076900004,False,0.034000162617680026,697,KO,5:1,5.0,0.6,65.36531346150001,
799202,QQQ,1,36.399999923,36.399999923,False,0.07276543840240546,136,QQQ,20:1,20.0,0.05,727.99999846,
818090,AAPL,1,8.7176149999,8.7176149999,False,0.009379505781944046,909,AAPL,20:1,20.0,0.05,174.352299998,
818205,ETHA,3,5.499092,16.497276,False,0.008264363984771686,431,ETHA,5:1,5.0,0.6,27.49546,
841472,ARM,1,12.2754452308,12.2754452308,False,0.005134847651873086,4,ARM,27:1,27.0,0.037037037037037035,331.4370212316,
880772,MO,4,9.644385,38.57754,False,0.44283320815760585,911,MO,4:1,4.0,1.0,38.57754,
905034,ARKK,2,6.8581854615,13.716370923,False,0.05682377762015983,466,ARKK,10:1,10.0,0.2,68.581854615,
917072,JPM,1,24.2921908462,24.2921908462,False,0.04141222162541834,64,JPM,15:1,15.0,0.06666666666666667,364.382862693,
941426,AMD,2,14.9328686923,29.8657373846,False,0.18384389154841893,813,AMD,10:1,10.0,0.2,149.328686923,
951102,DIA,1,21.467188,21.467188,False,0.004319768279603112,407,DIA,20:1,20.0,0.05,429.34376,
1083539,SNDK,1,10.1546081538,10.1546081538,False,0.06815114371296543,33,SNDK,170:1,170.0,0.0058823529411764705,1726.2833861459999,
1099551,WMT,1,5.1751852308,5.1751852308,False,0.024889890725005432,658,WMT,18:1,18.0,0.05555555555555555,93.1533341544,
1199836,MU,3,185.2884615385,555.8653846155,False,0.038355590800276555,75,MU,5:1,5.0,0.6,926.4423076925,
1252449,MELI,1,14.8851013077,14.8851013077,False,0.28172163968234837,197,MELI,120:1,120.0,0.008333333333333333,1786.2121569239998,
1257768,QQQ,1,36.99,36.99,False,0.011385902510983875,42,QQQ,20:1,20.0,0.05,739.8000000000001,
1260792,O,1,5.2292307693,5.2292307693,False,0.006237388855628728,84,O,13:1,13.0,0.07692307692307693,67.9800000009,
1401326,ITUB,13,6.9515384616,90.3700000008,False,0.02028503978315992,382,ITUB,1:1,1.0,13.0,6.9515384616,
1434447,SPCE,26,7.0600000000000005,183.56,False,0.03966258921919684,110,SPCE,1:2,0.5,52.0,3.5300000000000002,
1550233,XOM,2,15.3639136924,30.7278273848,False,0.0020557321751900107,166,XOM,10:1,10.0,0.2,153.639136924,
1618554,XOM,2,15.3639136924,30.7278273848,False,0.0016093525404095941,166,XOM,10:1,10.0,0.2,153.639136924,
70374,VALE,6,3.7798629166999995,22.679177500199998,False,0.13603537439946142,621,VALE,2:1,2.0,3.0,7.559725833399999,
267343,VIST,4,13.4213248333,53.6852993332,False,0.006273614719817548,348,VIST,3:1,3.0,1.3333333333333333,40.2639744999,
271091,GOOGL,1,5.9645273333,5.9645273333,False,0.06242705172241304,62,GOOGL,58:1,58.0,0.017241379310344827,345.94258533140004,
272027,SPY,1,9.24790475,9.24790475,False,0.6179144385026738,571,SPY,60:1,60.0,0.016666666666666666,554.874285,
273635,SPY,1,9.309248,9.309248,False,0.04210468781314337,565,SPY,60:1,60.0,0.016666666666666666,558.55488,
275390,SPY,1,8.6318028333,8.6318028333,False,0.11702366226118914,942,SPY,60:1,60.0,0.016666666666666666,517.908169998,
281798,SPY,1,8.355352,8.355352,False,0.10321440420590564,987,SPY,60:1,60.0,0.016666666666666666,501.32112,
316510,MELI,1,16.23,16.23,False,0.3745828430332375,243,MELI,120:1,120.0,0.008333333333333333,1947.6000000000001,
376963,MSFT,1,13.82909706,13.82909706,False,0.004352382488453634,162,MSFT,30:1,30.0,0.03333333333333333,414.8729118,
384450,AMZN,1,1.56492075,1.56492075,False,0.09413831519410404,361,AMZN,144:1,144.0,0.006944444444444444,225.348588,
386548,ADBE,1,12.52994575,12.52994575,False,0.0007739271331002918,1154,ADBE,44:1,44.0,0.022727272727272728,551.3176129999999,
399757,ARM,1,4.1494480833,4.1494480833,False,0.0030851046972468666,264,ARM,27:1,27.0,0.037037037037037035,112.0350982491,
403701,KO,3,13.6841608333,41.0524824999,False,0.03161047287021222,441,KO,5:1,5.0,0.6,68.4208041665,
413561,AZN,6,29.13447325,174.8068395,False,0.07074828362749311,1806,AZN,2:1,2.0,3.0,58.2689465,
416911,MELI,1,11.3851615,11.3851615,False,0.0020762338584792896,1140,MELI,120:1,120.0,0.008333333333333333,1366.21938,
416911,MSFT,1,12.0113536667,12.0113536667,False,0.0023429002115046963,1141,MSFT,30:1,30.0,0.03333333333333333,360.340610001,
431603,MSFT,1,15.53537875,15.53537875,False,0.018860892311638545,135,MSFT,30:1,30.0,0.03333333333333333,466.0613625,
448685,ETHA,3,5.510000000000001,16.53,False,0.003023359957540274,431,ETHA,5:1,5.0,0.6,27.550000000000004,
449572,AVGO,1,8.1712069167,8.1712069167,False,0.03704646559789215,401,AVGO,39:1,39.0,0.02564102564102564,318.6770697513,
449572,XLU,1,2.8806689167,2.8806689167,False,0.010612434527484138,326,XLU,15:1,15.0,0.06666666666666667,43.210033750499996,
472424,AMD,2,18.37899155,36.7579831,False,0.1125729453547088,326,AMD,10:1,10.0,0.2,183.78991549999998,
477211,AMGN,1,12.0260601666,12.0260601666,False,0.04618734823999692,192,AMGN,30:1,30.0,0.03333333333333333,360.78180499800004,
484220,ARM,1,10.7387154167,10.7387154167,False,0.11429549846306881,53,ARM,27:1,27.0,0.037037037037037035,289.9453162509,
494507,RACE,1,5.5364369028,5.5364369028,False,0.4156461604956059,607,RACE,83:1,83.0,0.012048192771084338,459.5242629324,
496869,SNDK,1,9.9707316667,9.9707316667,False,0.013663414458721514,25,SNDK,170:1,170.0,0.0058823529411764705,1695.0243833390002,
496869,UNH,1,10.9859110834,10.9859110834,False,0.015556328074513449,165,UNH,33:1,33.0,0.030303030303030304,362.5350657522,
513722,VIST,4,24.8833511667,99.5334046668,False,0.022143781490024855,96,VIST,3:1,3.0,1.3333333333333333,74.6500535001,
517270,PEP,1,9.5876771668,9.5876771668,False,0.06961495201857038,1083,PEP,18:1,18.0,0.05555555555555555,172.57818900240002,
517270,XOM,2,12.0164111667,24.0328223334,False,0.16347987013505,1083,XOM,10:1,10.0,0.2,120.16411166699999,
533370,NVDA,1,7.7792651666,7.7792651666,False,0.017287480658670865,363,NVDA,24:1,24.0,0.041666666666666664,186.70236399840002,
533370,URA,3,8.6668381667,26.0005145001,False,0.013922988986168354,373,URA,5:1,5.0,0.6,43.3341908335,
609073,EWZ,6,19.3358333334,116.0150000004,False,0.0320702422814418,193,EWZ,2:1,2.0,3.0,38.6716666668,
610243,NKE,1,6.0957610834,6.0957610834,False,0.009126686608053172,827,NKE,12:1,12.0,0.08333333333333333,73.1491330008,
648787,NKE,1,6.1115515834,6.1115515834,False,0.002546302830536236,748,NKE,12:1,12.0,0.08333333333333333,73.3386190008,
648787,SPY,1,9.8310793333,9.8310793333,False,0.011708795022622141,575,SPY,60:1,60.0,0.016666666666666666,589.864759998,
669830,SPY,1,7.6667591667,7.6667591667,False,0.03817274838125083,1083,SPY,60:1,60.0,0.016666666666666666,460.005550002,
694664,META,1,25.7758333333,25.7758333333,False,0.060648330274481646,64,META,24:1,24.0,0.041666666666666664,618.6199999992,
700245,ADBE,1,13.3249145833,13.3249145833,False,0.007560465331426591,1090,ADBE,44:1,44.0,0.022727272727272728,586.2962416652,
700245,IBM,1,8.9595469168,8.9595469168,False,0.02052349228181598,1090,IBM,15:1,15.0,0.06666666666666667,134.393203752,
700596,HDB,6,18.5777025,111.466215,False,0.0052538635025807185,424,HDB,2:1,2.0,3.0,37.155405,
721251,CVX,1,8.2861367334,8.2861367334,False,0.01912819613216448,1022,CVX,16:1,16.0,0.0625,132.5781877344,
738400,URA,3,8.4507223333,25.3521669999,False,0.01090844819191929,8,URA,5:1,5.0,0.6,42.2536116665,
741270,IEUR,2,7.0637895,14.127579,False,0.01021035557169068,121,IEUR,11:1,11.0,0.18181818181818182,77.7016845,
742032,GE,2,37.3799971667,74.7599943334,False,0.044264697046031254,161,GE,8:1,8.0,0.25,299.0399773336,
742032,DIA,1,19.6997481667,19.6997481667,False,0.029648768447860675,806,DIA,20:1,20.0,0.05,393.99496333400003,
799202,EEM,3,9.7792175,29.337652499999997,False,0.024413525090063254,572,EEM,5:1,5.0,0.6,48.8960875,
818090,AMD,2,20.38938275,40.7787655,False,0.03284800737961382,937,AMD,10:1,10.0,0.2,203.8938275,
818090,XLE,6,20.2773035834,121.66382150039999,False,0.016456206396496347,1000,XLE,2:1,2.0,3.0,40.5546071668,
827639,SPY,1,8.9430321667,8.9430321667,False,0.02911145022782405,893,SPY,60:1,60.0,0.016666666666666666,536.581930002,
840696,IBM,1,11.1339712501,11.1339712501,False,0.01931199256593693,881,IBM,15:1,15.0,0.06666666666666667,167.0095687515,
843899,SPY,1,11.53241325,11.53241325,False,0.025253124443875532,348,SPY,60:1,60.0,0.016666666666666666,691.944795,
868002,SPY,1,12.1394819167,12.1394819167,False,0.988935077637853,156,SPY,60:1,60.0,0.016666666666666666,728.368915002,
905034,ASML,1,9.6669758247,9.6669758247,False,0.07206201914606213,160,ASML,146:1,146.0,0.00684931506849315,1411.3784704062,
905034,INTC,3,8.0065054525,24.019516357500002,False,0.13144733929370092,213,INTC,5:1,5.0,0.6,40.032527262500004,
927453,ARM,1,14.8642425833,14.8642425833,False,0.03292565772630224,124,ARM,27:1,27.0,0.037037037037037035,401.3345497491,
941426,INTC,3,6.2799693332999995,18.8399079999,False,0.062460554279458166,803,INTC,5:1,5.0,0.6,31.399846666499997,
947659,GOOGL,1,5.9525,5.9525,False,0.00507354540409827,252,GOOGL,58:1,58.0,0.017241379310344827,345.245,
957623,RIO,2,13.37597725,26.7519545,False,0.0030064223013714,112,RIO,8:1,8.0,0.25,107.007818,
957623,SBUX,1,5.9843346667,5.9843346667,False,0.001969959815544133,788,SBUX,12:1,12.0,0.08333333333333333,71.81201600039999,
1166086,IBIT,2,4.7733945,9.546789,False,0.11014461237360008,40,IBIT,10:1,10.0,0.2,47.733945000000006,
1238387,SPY,1,12.2759116667,12.2759116667,False,0.002612038563939078,166,SPY,60:1,60.0,0.016666666666666666,736.554700002,
1260792,TSM,2,48.7041666667,97.4083333334,False,0.0750083150402448,132,TSM,9:1,9.0,0.2222222222222222,438.3375000003,
1295402,VALE,6,4.10610725,24.636643499999998,False,0.07034965145628763,607,VALE,2:1,2.0,3.0,8.2122145,
1372828,SPY,1,13.4776581667,13.4776581667,False,0.16861404404790445,32,SPY,60:1,60.0,0.016666666666666666,808.659490002,
1386210,UNH,1,11.0033205001,11.0033205001,False,0.06016352678383277,166,UNH,33:1,33.0,0.030303030303030304,363.1095765033,
1435405,GLD,1,6.1912928333,6.1912928333,False,0.018236988845802177,439,GLD,50:1,50.0,0.02,309.564641665,
1435405,AAPL,1,10.7750697499,10.7750697499,False,0.03994157416228505,442,AAPL,20:1,20.0,0.05,215.501394998,
1472714,NVDA,1,7.5158294166,7.5158294166,False,0.01311638944892473,381,NVDA,24:1,24.0,0.041666666666666664,180.3799059984,
1501198,ASML,1,10.3855703333,10.3855703333,False,0.08163547312339746,157,ASML,146:1,146.0,0.00684931506849315,1516.2932686618,
270217,AMZN,1,1.2469441818,1.2469441818,False,0.07474762470308789,972,AMZN,144:1,144.0,0.006944444444444444,179.5599621792,
270641,QQQ,1,32.6900012728,32.6900012728,False,0.10267138110048131,198,QQQ,20:1,20.0,0.05,653.800025456,
271225,MSFT,1,14.613498,14.613498,False,0.24905145691258526,692,MSFT,30:1,30.0,0.03333333333333333,438.40494,
271821,PBR,11,11.5418209091,126.9600300001,False,0.026215395913994573,645,PBR,1:1,1.0,11.0,11.5418209091,
384450,NVDA,1,7.2639634545,7.2639634545,False,0.49061616248178935,364,NVDA,24:1,24.0,0.041666666666666664,174.335122908,
428028,BRKB,1,19.2760949091,19.2760949091,False,0.14718003127094037,787,BRK/B,22:1,22.0,0.045454545454545456,424.0740880002,
442120,MMM,2,10.4098674546,20.8197349092,False,0.06274830881563406,715,MMM,10:1,10.0,0.2,104.09867454600001,
444245,AAL,6,6.729209999999999,40.37526,False,0.5888007690459024,21,AAL,2:1,2.0,3.0,13.458419999999998,
449572,XLF,6,26.2490105454,157.4940632724,False,0.09846493600717891,229,XLF,2:1,2.0,3.0,52.4980210908,
484220,NVDA,1,9.11016,9.11016,False,0.09335735892439277,123,NVDA,24:1,24.0,0.041666666666666664,218.64384,
497265,AMZN,1,1.0042860909,1.0042860909,False,0.12158164805312406,1043,AMZN,144:1,144.0,0.006944444444444444,144.61719708959998,
504606,NVDA,1,9.8909090909,9.8909090909,False,0.01560019891956701,9,NVDA,24:1,24.0,0.041666666666666664,237.38181818159998,
526836,META,1,25.0275212728,25.0275212728,False,0.07953434559951211,183,META,24:1,24.0,0.041666666666666664,600.6605105472,
539608,CAT,1,34.7874655455,34.7874655455,False,0.03234384478455006,243,CAT,20:1,20.0,0.05,695.74931091,
609193,AMZN,1,1.2595678182,1.2595678182,False,0.1889483065953654,947,AMZN,144:1,144.0,0.006944444444444444,181.37776582080002,
648568,AMD,2,12.030785,24.06157,False,0.1598183586556423,1131,AMD,10:1,10.0,0.2,120.30785,
648793,VIST,4,15.7585447273,63.0341789092,False,0.013825820835132367,725,VIST,3:1,3.0,1.3333333333333333,47.2756341819,
700245,DIA,1,21.1679244546,21.1679244546,False,0.03276981877398522,578,DIA,20:1,20.0,0.05,423.358489092,
700596,EWY,1,3.4701506364,3.4701506364,False,0.0016651754835865062,85,EWY,50:1,50.0,0.02,173.50753182,
700596,PDD,1,5.3828923636,5.3828923636,False,0.0013496406387667702,346,PDD,25:1,25.0,0.04,134.57230909,
711853,TQQQ,1,3.005971,3.005971,False,0.06106527113365653,70,TQQQ,25:1,25.0,0.04,75.149275,
721251,COIN,1,7.9898463436,7.9898463436,False,0.009482313115461386,717,COIN,27:1,27.0,0.037037037037037035,215.7258512772,
721251,WMT,1,6.3907397272,6.3907397272,False,0.007928399053665151,92,WMT,18:1,18.0,0.05555555555555555,115.0333150896,
721251,XLU,1,3.1764089092,3.1764089092,False,0.003623428899245682,226,XLU,15:1,15.0,0.06666666666666667,47.646133638,
732276,NVDA,1,7.3505778181,7.3505778181,False,0.002449961934652561,413,NVDA,24:1,24.0,0.041666666666666664,176.4138676344,
743657,TSLA,1,17.0736994545,17.0736994545,False,0.04284481423292249,812,TSLA,15:1,15.0,0.06666666666666667,256.1054918175,
829702,INTC,3,5.1425183636,15.427555090799999,False,0.15928812445877752,759,INTC,5:1,5.0,0.6,25.712591818,
832563,XLP,1,5.7655802728,5.7655802728,False,0.06744021606834436,236,XLP,16:1,16.0,0.0625,92.2492843648,
849516,NVDA,1,7.1493460909,7.1493460909,False,0.10944370101319059,350,NVDA,24:1,24.0,0.041666666666666664,171.5843061816,
878665,MELI,1,13.6412588182,13.6412588182,False,0.11195602266794975,145,MELI,120:1,120.0,0.008333333333333333,1636.951058184,
880118,IVE,1,4.4642167274,4.4642167274,False,0.13585416923266413,499,IVE,40:1,40.0,0.025,178.568669096,
905034,SPY,1,12.6565570495,12.6565570495,False,0.06699314663136827,154,SPY,60:1,60.0,0.016666666666666666,759.39342297,
906928,AMD,2,48.4607013636,96.9214027272,False,0.048554878436916846,148,AMD,10:1,10.0,0.2,484.60701363600003,
950946,NVDA,1,7.5301071817,7.5301071817,False,0.42701573804728876,407,NVDA,24:1,24.0,0.041666666666666664,180.7225723608,
957623,V,1,17.0201509092,17.0201509092,False,0.004713360229808613,468,V,18:1,18.0,0.05555555555555555,306.3627163656,
957743,SNDK,1,10.7843474545,10.7843474545,False,0.15971816893187693,86,SNDK,170:1,170.0,0.0058823529411764705,1833.339067265,
1099551,URA,3,7.982103272699999,23.946309818099998,False,0.029029810571120043,398,URA,5:1,5.0,0.6,39.910516363499994,
1150296,NKE,1,3.7894758182,3.7894758182,False,0.002924101212889982,169,NKE,12:1,12.0,0.08333333333333333,45.4737098184,
1157596,MA,1,16.013555,16.013555,False,0.0945083260551725,156,MA,33:1,33.0,0.030303030303030304,528.447315,
1158487,SPY,1,13.4446570909,13.4446570909,False,0.18077091866588646,32,SPY,60:1,60.0,0.016666666666666666,806.679425454,
1325491,QQQ,1,37.6228904545,37.6228904545,False,0.05948325710261139,98,QQQ,20:1,20.0,0.05,752.4578090900001,
1334201,SPXL,1,9.227108,9.227108,False,0.0010620264345459734,301,SPXL,25:1,25.0,0.04,230.6777,
1501198,GOOGL,1,6.1830343637,6.1830343637,False,0.03512920114845465,78,GOOGL,58:1,58.0,0.017241379310344827,358.6159930946,
1641377,SPY,1,13.2326357273,13.2326357273,False,0.049764917897449835,5,SPY,60:1,60.0,0.016666666666666666,793.958143638,
1645910,MELI,1,15.8656576364,15.8656576364,False,0.1889536426653079,70,MELI,120:1,120.0,0.008333333333333333,1903.878916368,
1645910,VALE,6,7.5804274545,45.482564726999996,False,0.08651529144507075,70,VALE,2:1,2.0,3.0,15.160854909,
374067,VIST,4,18.4053429,73.6213716,False,0.1850640523293937,414,VIST,3:1,3.0,1.3333333333333333,55.2160287,
267343,AAPL,1,9.7248184,9.7248184,False,0.003922477531143305,1152,AAPL,20:1,20.0,0.05,194.49636800000002,
271316,VIG,1,6.105,6.105,False,0.0433519675545325,239,VIG,39:1,39.0,0.02564102564102564,238.09500000000003,
271658,TSM,2,46.0619882,92.1239764,False,0.22796284989952326,146,TSM,9:1,9.0,0.2222222222222222,414.5578938,
271658,XOM,1,16.0259377,16.0259377,False,0.06905196081206205,137,XOM,10:1,10.0,0.1,160.259377,
271996,QCOM,1,17.6921694,17.6921694,False,0.110829311214917,830,QCOM,11:1,11.0,0.09090909090909091,194.6138634,
273635,TSM,2,23.1721534,46.3443068,False,0.14674304870526197,421,TSM,9:1,9.0,0.2222222222222222,208.5493806,
274366,RIO,2,7.6893129,15.3786258,False,0.005682907656726387,979,RIO,8:1,8.0,0.25,61.5145032,
274366,INTC,2,8.9915408,17.9830816,False,0.011017307264143657,979,INTC,5:1,5.0,0.4,44.95770399999999,
274366,CVX,1,8.9761428,8.9761428,False,0.006110477506009151,979,CVX,16:1,16.0,0.0625,143.6182848,
274366,XOM,1,10.1158299,10.1158299,False,0.007759870229597285,979,XOM,10:1,10.0,0.1,101.158299,
274866,VIST,4,26.11232064,104.44928256,False,0.004683726524447441,160,VIST,3:1,3.0,1.3333333333333333,78.33696192,
275675,MELI,1,13.7237324286,13.7237324286,False,0.01901686274648061,860,MELI,120:1,120.0,0.008333333333333333,1646.847891432,
310908,NFLX,1,1.5594605,1.5594605,False,0.014081806765785713,98,NFLX,48:1,48.0,0.020833333333333332,74.85410399999999,
316998,CVX,1,8.5560461,8.5560461,False,0.005756861637118229,468,CVX,16:1,16.0,0.0625,136.8967376,
342068,VIST,4,16.5369802,66.1479208,False,0.5442338444172703,280,VIST,3:1,3.0,1.3333333333333333,49.61094059999999,
373987,NU,5,7.282475700000001,36.4123785,False,0.02360004047932281,65,NU,2:1,2.0,2.5,14.564951400000002,
373987,MSFT,1,14.6135825,14.6135825,False,0.054349443706953514,84,MSFT,30:1,30.0,0.03333333333333333,438.407475,
373987,NKE,1,3.7313916001,3.7313916001,False,0.008726865769375012,85,NKE,12:1,12.0,0.08333333333333333,44.776699201199996,
373987,V,1,21.0719682,21.0719682,False,0.06366564079363285,69,V,18:1,18.0,0.05555555555555555,379.29542760000004,
378821,BABA,2,13.8879468333,27.7758936666,False,0.007114752808870507,323,BABA,9:1,9.0,0.2222222222222222,124.99152149969999,
388524,TXR,3,6.7190576,20.1571728,False,0.003949617697429174,613,TX,4:1,4.0,0.75,26.8762304,
388524,ORCL,4,48.870934,195.483736,False,0.01302758553337643,182,ORCL,3:1,3.0,1.3333333333333333,146.612802,
398679,SPY,1,9.4496410256,9.4496410256,False,0.03517978721460949,741,SPY,60:1,60.0,0.016666666666666666,566.978461536,
399757,ASML,1,9.4163526,9.4163526,False,0.0029253254127411432,264,ASML,146:1,146.0,0.00684931506849315,1374.7874795999999,
403701,MELI,1,10.8456796,10.8456796,False,0.02366398371510798,1771,MELI,120:1,120.0,0.008333333333333333,1301.481552,
418078,XOM,1,10.806262,10.806262,False,0.06602642912926149,242,XOM,10:1,10.0,0.1,108.06262000000001,
426494,KO,2,16.2271903,32.4543806,False,0.024874337163057886,151,KO,5:1,5.0,0.4,81.1359515,
431603,MELI,1,14.6538368,14.6538368,False,0.013928758643069318,127,MELI,120:1,120.0,0.008333333333333333,1758.4604160000001,
431603,NU,5,6.690520000000001,33.452600000000004,False,0.006824936798967781,127,NU,2:1,2.0,2.5,13.381040000000002,
436360,EEM,2,8.5057085,17.011417,False,0.022040294526188983,818,EEM,5:1,5.0,0.4,42.5285425,
449572,XLRE,2,4.6838852,9.3677704,False,0.014959236795713022,318,XLRE,9:1,9.0,0.2222222222222222,42.1549668,
449572,XLY,1,2.7390051,2.7390051,False,0.008502676179141713,285,XLY,43:1,43.0,0.023255813953488372,117.7772193,
469021,AMD,1,21.7983291,21.7983291,False,0.002596848469711338,363,AMD,10:1,10.0,0.1,217.983291,
469021,ARKK,1,9.2178052,9.2178052,False,0.0003813851411639449,363,ARKK,10:1,10.0,0.1,92.17805200000001,
469021,IWM,1,24.889925,24.889925,False,0.0011657179735917497,363,IWM,10:1,10.0,0.1,248.89925000000002,
469787,IBIT,1,5.8610208,5.8610208,False,0.004228585740524295,663,IBIT,10:1,10.0,0.1,58.610208,
469787,GLD,1,8.1590788,8.1590788,False,0.00661963599933211,294,GLD,50:1,50.0,0.02,407.95394,
469787,MSFT,1,13.0800272,13.0800272,False,0.015244615127734179,738,MSFT,30:1,30.0,0.03333333333333333,392.400816,
469787,TSLA,1,19.8362263846,19.8362263846,False,0.022042912005343127,475,TSLA,15:1,15.0,0.06666666666666667,297.54339576899997,
477211,SNDK,1,9.3780924,9.3780924,False,0.028763510425671324,46,SNDK,170:1,170.0,0.0058823529411764705,1594.275708,
477211,MSFT,1,14.3108762878,14.3108762878,False,0.05027007086263001,188,MSFT,30:1,30.0,0.03333333333333333,429.326288634,
477211,IBM,1,16.3616291611,16.3616291611,False,0.04224227641381133,192,IBM,15:1,15.0,0.06666666666666667,245.4244374165,
482152,GOOGL,1,6.3290303,6.3290303,False,0.0031593688958106974,62,GOOGL,58:1,58.0,0.017241379310344827,367.0837574,
491900,XLE,5,21.449664,107.24831999999999,False,0.01110725956538859,337,XLE,2:1,2.0,2.5,42.899328,
500071,MSFT,1,15.694755,15.694755,False,0.057331600198431386,247,MSFT,30:1,30.0,0.03333333333333333,470.84265000000005,
500071,SMH,1,8.4897671,8.4897671,False,0.041570119749574565,236,SMH,50:1,50.0,0.02,424.488355,
504606,KO,2,17.454,34.908,False,0.024542042195472537,66,KO,5:1,5.0,0.4,87.27000000000001,
509911,GOOGL,1,4.7534903,4.7534903,False,0.36249564308121296,132,GOOGL,58:1,58.0,0.017241379310344827,275.7024374,
515995,SONY,2,2.1641473,4.3282946,False,0.013888573697946216,1153,SONY,8:1,8.0,0.25,17.3131784,
517270,INTC,2,7.7291503,15.4583006,False,0.19341741051842282,1083,INTC,5:1,5.0,0.4,38.645751499999996,
517270,KO,2,11.0220436,22.0440872,False,0.14368902609264445,1083,KO,5:1,5.0,0.4,55.110218,
545099,NVDA,1,1.6352781,1.6352781,False,0.1229942100909843,1224,NVDA,24:1,24.0,0.041666666666666664,39.2466744,
545099,QQQ,1,18.672918,18.672918,False,0.4663239985820631,1211,QQQ,20:1,20.0,0.05,373.45835999999997,
551100,CIBR,1,7.8441943,7.8441943,False,0.017473241240508648,148,CIBR,10:1,10.0,0.1,78.441943,
551100,KO,2,14.8097343,29.6194686,False,0.02841176155129827,320,KO,5:1,5.0,0.4,74.0486715,
561063,NIO,3,0.969,2.907,False,0.000984904027064986,27,NIO,4:1,4.0,0.75,3.876,
561063,GOOGL,1,6.24,6.24,False,0.006889911579468064,20,GOOGL,58:1,58.0,0.017241379310344827,361.92,
561063,PEP,1,7.49,7.49,False,0.008030501108569107,15,PEP,18:1,18.0,0.05555555555555555,134.82,
566660,SHOP,1,1.2001556,1.2001556,False,0.030929881680298577,81,SHOP,107:1,107.0,0.009345794392523364,128.4166492,
571032,QQQ,1,20.8677600927,20.8677600927,False,0.36484912358553356,995,QQQ,20:1,20.0,0.05,417.355201854,
607830,MU,2,232.2729388,464.5458776,False,0.12415713136688705,98,MU,5:1,5.0,0.4,1161.3646939999999,
610243,BP,2,6.3010113,12.6020226,False,0.024139800707201467,780,BP,5:1,5.0,0.4,31.5050565,
613242,NVDA,1,2.1615121,2.1615121,False,0.11951317526838509,1141,NVDA,24:1,24.0,0.041666666666666664,51.8762904,
618644,SATL,10,12.3721981,123.721981,False,0.028308040400746047,133,SATL,1:1,1.0,10.0,12.3721981,"Precio atípico, revisar"
618644,VIST,4,16.0287448,64.1149792,False,0.11793572979198305,336,VIST,3:1,3.0,1.3333333333333333,48.086234399999995,
625209,URA,2,11.2360443,22.4720886,False,0.0006560131118106776,342,URA,5:1,5.0,0.4,56.1802215,
636624,B,5,17.3482554,86.741277,False,0.03173825904240965,279,B,2:1,2.0,2.5,34.6965108,
645265,ASML,1,12.4147751,12.4147751,False,0.020833496601155778,32,ASML,146:1,146.0,0.00684931506849315,1812.5571646,
645265,META,1,28.0182846,28.0182846,False,0.05054301571602998,203,META,24:1,24.0,0.041666666666666664,672.4388304,
650611,ASML,1,9.9416637,9.9416637,False,0.0772835629978487,195,ASML,146:1,146.0,0.00684931506849315,1451.4829002,
679556,LLY,1,13.4388985,13.4388985,False,0.017556309121288267,515,LLY,56:1,56.0,0.017857142857142856,752.5783160000001,
681044,KO,2,11.7467807,23.4935614,False,0.01459679523645139,942,KO,5:1,5.0,0.4,58.733903500000004,
700596,VALE,5,4.2205505,21.1027525,False,0.0028064797902394053,514,VALE,2:1,2.0,2.5,8.441101,
706938,QQQ,1,38.67,38.67,False,0.2939708599010786,7,QQQ,20:1,20.0,0.05,773.4000000000001,
711853,ETHA,2,5.613301,11.226602,False,0.06827302789995826,428,ETHA,5:1,5.0,0.4,28.066505,
711853,IBIT,1,6.2458633,6.2458633,False,0.08130799113879346,398,IBIT,10:1,10.0,0.1,62.458633,
711853,ASTS,1,5.7359894,5.7359894,False,0.06474138761357433,235,ASTS,15:1,15.0,0.06666666666666667,86.03984100000001,
712984,GOOGL,1,2.731,2.731,False,0.08181353332197033,550,GOOGL,58:1,58.0,0.017241379310344827,158.398,
721251,SPHQ,1,5.8557046,5.8557046,False,0.007550291818186129,188,SPHQ,14:1,14.0,0.07142857142857142,81.9798644,
721251,BP,2,6.2708471556,12.5416943112,False,0.011029115442421024,821,BP,5:1,5.0,0.4,31.354235778000003,
721251,ADBE,1,7.6206402,7.6206402,False,0.006700439505212902,420,ADBE,44:1,44.0,0.022727272727272728,335.30816880000003,
738400,VIST,4,25.1771931,100.7087724,False,0.025094852535346737,28,VIST,3:1,3.0,1.3333333333333333,75.5315793,
741270,ICLN,2,4.7955624,9.5911248,False,0.0044249356122974095,124,ICLN,5:1,5.0,0.4,23.977812,
741270,EWJ,1,6.9658741,6.9658741,False,0.00907234036311364,124,EWJ,14:1,14.0,0.07142857142857142,97.5222374,
741270,GDX,1,9.0230007,9.0230007,False,0.011191908968562177,124,GDX,10:1,10.0,0.1,90.230007,
741270,GLD,1,8.5350852,8.5350852,False,0.009692075820416066,124,GLD,50:1,50.0,0.02,426.75426,
741270,IBB,1,6.5892952,6.5892952,False,0.00981920104242682,124,IBB,27:1,27.0,0.037037037037037035,177.9109704,
741270,IJH,1,6.5064468,6.5064468,False,0.007846315385452229,124,IJH,12:1,12.0,0.08333333333333333,78.0773616,
741270,ITA,1,4.7872543,4.7872543,False,0.0052818085029660514,124,ITA,50:1,50.0,0.02,239.36271499999998,
749844,GOOGL,1,2.2162204,2.2162204,False,0.08552748804122863,1062,GOOGL,58:1,58.0,0.017241379310344827,128.5407832,
818112,AMZN,1,1.3485648,1.3485648,False,0.0017657485288643466,813,AMZN,144:1,144.0,0.006944444444444444,194.1933312,
818112,NFLX,1,1.3765043,1.3765043,False,0.0014166491474067314,817,NFLX,48:1,48.0,0.020833333333333332,66.0722064,
818112,PFE,3,6.5686154,19.7058462,False,0.0068816938842031555,827,PFE,4:1,4.0,0.75,26.2744616,
818205,XLK,1,3.1437532,3.1437532,False,0.0068234439483600565,333,XLK,46:1,46.0,0.021739130434782608,144.6126472,
827639,AVGO,1,3.2798332,3.2798332,False,0.017457512434945976,965,AVGO,39:1,39.0,0.02564102564102564,127.91349480000001,
832563,XLRE,2,4.9184142,9.8368284,False,0.05449234371558728,236,XLRE,9:1,9.0,0.2222222222222222,44.2657278,
841472,KEEL,50,21.9288044,1096.44022,False,0.0060727595097973585,68,KEEL,1:5,0.2,250.0,4.38576088,
841472,BBD,10,4.4967824,44.967824,False,0.0015170910261377844,1,BBD,1:1,1.0,10.0,4.4967824,
841472,GPRK,10,11.3520424,113.520424,False,0.003964993640186717,4,GPRK,1:1,1.0,10.0,11.3520424,
841472,CLS,1,18.8535166,18.8535166,False,0.006748975701523583,54,CLS,20:1,20.0,0.05,377.070332,
841472,GLW,3,45.42798365000001,136.28395095000002,False,0.014007480303512876,102,GLW,4:1,4.0,0.75,181.71193460000003,
841472,META,1,28.6168769,28.6168769,False,0.01090297176729778,88,META,24:1,24.0,0.041666666666666664,686.8050456000001,
841472,MRVL,1,18.1805195,18.1805195,False,0.00681930218546311,42,MRVL,14:1,14.0,0.07142857142857142,254.52727299999998,
841472,XP,3,7.4026454,22.2079362,False,0.0024874612612649162,1,XP,4:1,4.0,0.75,29.6105816,
843899,MSFT,1,16.8053481,16.8053481,False,0.028504793988079813,312,MSFT,30:1,30.0,0.03333333333333333,504.160443,
843899,JNJ,1,16.3051904,16.3051904,False,0.02745108446223349,242,JNJ,15:1,15.0,0.06666666666666667,244.577856,
843899,KO,2,16.688794,33.377588,False,0.02811921435417753,98,KO,5:1,5.0,0.4,83.44397000000001,
846126,GOOGL,1,6.8114344,6.8114344,False,0.023920510304219825,63,GOOGL,58:1,58.0,0.017241379310344827,395.0631952,
848379,PBR,10,21.8335273,218.335273,False,0.24022666132448056,5,PBR,1:1,1.0,10.0,21.8335273,
849640,GOOGL,1,6.1670575,6.1670575,False,0.006785418744066836,46,GOOGL,58:1,58.0,0.017241379310344827,357.689335,
849640,AAPL,1,11.6993841,11.6993841,False,0.018881732543585984,714,AAPL,20:1,20.0,0.05,233.987682,
894229,AAPL,1,13.1372003,13.1372003,False,0.5176793274104108,349,AAPL,20:1,20.0,0.05,262.744006,
896688,IWM,1,29.844867,29.844867,False,0.09089344332837455,21,IWM,10:1,10.0,0.1,298.44867,
905034,ARM,1,6.7525428382,6.7525428382,False,0.052775907947106626,150,ARM,27:1,27.0,0.037037037037037035,182.31865663140002,"Precio atípico, revisar"
905034,MSFT,1,16.1842351818,16.1842351818,False,0.08249341543521374,428,MSFT,30:1,30.0,0.03333333333333333,485.52705545399994,
906314,WMT,1,5.2320881,5.2320881,False,0.010147515268831559,665,WMT,18:1,18.0,0.05555555555555555,94.1775858,
906928,MU,2,191.246379,382.492758,False,0.14862958855829567,40,MU,5:1,5.0,0.4,956.2318949999999,
927453,ASML,1,12.4136651,12.4136651,False,0.031220419638893517,124,ASML,146:1,146.0,0.00684931506849315,1812.3951046,
933206,ASML,1,11.0376288,11.0376288,False,0.03715869603504524,69,ASML,146:1,146.0,0.00684931506849315,1611.4938048000001,
941426,META,1,25.51226,25.51226,False,0.06922482450679433,320,META,24:1,24.0,0.041666666666666664,612.2942400000001,
951102,TSLA,1,23.6552417,23.6552417,False,0.003282531568708944,491,TSLA,15:1,15.0,0.06666666666666667,354.82862550000004,
957743,GOOGL,1,5.6158632,5.6158632,False,0.08671725173017593,286,GOOGL,58:1,58.0,0.017241379310344827,325.7200656,
1029759,KO,2,18.3158471,36.6316942,False,0.061798832158859326,53,KO,5:1,5.0,0.4,91.5792355,
1034437,IBIT,1,4.3575156,4.3575156,False,0.19417289630055584,173,IBIT,10:1,10.0,0.1,43.575156,
1059420,JPM,1,22.6777478,22.6777478,False,0.007458605224699754,274,JPM,15:1,15.0,0.06666666666666667,340.16621699999996,
1059420,LMT,1,25.6702637,25.6702637,False,0.008547568036797076,274,LMT,20:1,20.0,0.05,513.405274,
1070809,EWZ,5,19.5480523,97.74026149999999,False,0.01357722615874864,83,EWZ,2:1,2.0,2.5,39.0961046,
1070809,LLY,1,20.7699836,20.7699836,False,0.012947179799707111,108,LLY,56:1,56.0,0.017857142857142856,1163.1190816,
1083539,BKNG,1,0.2498418,0.2498418,False,0.0011991550723256083,8,BKNG,700:1,700.0,0.0014285714285714286,174.88926,
1099551,NVDA,1,4.8907847,4.8907847,False,0.03276990545871256,565,NVDA,24:1,24.0,0.041666666666666664,117.3788328,
1099551,AMZN,1,1.6125848,1.6125848,False,0.005764405504361869,236,AMZN,144:1,144.0,0.006944444444444444,232.2122112,
1099551,IBM,1,16.6472171,16.6472171,False,0.04830641073671684,402,IBM,15:1,15.0,0.06666666666666667,249.70825649999998,
1150296,AMZN,1,1.4634284,1.4634284,False,0.001660164130481103,512,AMZN,144:1,144.0,0.006944444444444444,210.7336896,
1191812,CVX,1,9.4826014,9.4826014,False,0.015235592010604187,664,CVX,16:1,16.0,0.0625,151.7216224,
1191812,DE,1,11.2852378,11.2852378,False,0.020186479658309445,664,DE,40:1,40.0,0.025,451.40951200000006,
1246440,JNJ,1,18.67,18.67,False,0.003352491243201363,14,JNJ,15:1,15.0,0.06666666666666667,280.05,
1267841,MELI,1,19.6424804,19.6424804,False,0.17099381835473132,424,MELI,120:1,120.0,0.008333333333333333,2357.097648,
1295402,GOOGL,1,2.9800119,2.9800119,False,0.04937372906166178,578,GOOGL,58:1,58.0,0.017241379310344827,172.8406902,
1334201,NVDA,1,8.542,8.542,False,0.0008188617153473362,146,NVDA,24:1,24.0,0.041666666666666664,205.00799999999998,
1401326,IBIT,1,6.65,6.65,False,0.007635532587819931,425,IBIT,10:1,10.0,0.1,66.5,
1434447,COST,1,20.4624673,20.4624673,False,0.09619091105717237,127,COST,48:1,48.0,0.020833333333333332,982.1984304,
1435405,IBIT,1,6.7341126,6.7341126,False,0.009708886746267398,439,IBIT,10:1,10.0,0.1,67.341126,
1435405,MSFT,1,16.8415441,16.8415441,False,0.035001830599574076,441,MSFT,30:1,30.0,0.03333333333333333,505.246323,
1442340,DE,1,11.5782262,11.5782262,False,0.06987670201418084,378,DE,40:1,40.0,0.025,463.129048,
1446653,GLD,1,9.0500118,9.0500118,False,0.018876593880641078,259,GLD,50:1,50.0,0.02,452.50059,
1446653,MA,1,16.8096122,16.8096122,False,0.04238841645160984,83,MA,33:1,33.0,0.030303030303030304,554.7172026,
1550233,VIST,4,21.7101354,86.8405416,False,0.0021428614417810295,190,VIST,3:1,3.0,1.3333333333333333,65.1304062,
1550233,EEM,2,11.7735605,23.547121,False,0.001328142614220589,265,EEM,5:1,5.0,0.4,58.8678025,
1641377,AAPL,1,16.1540599,16.1540599,False,0.0582721717156463,124,AAPL,20:1,20.0,0.05,323.081198,
273635,LMT,1,27.0825007778,27.0825007778,False,0.06209120556780294,82,LMT,20:1,20.0,0.05,541.650015556,
274529,AMZN,1,1.4534061111,1.4534061111,False,0.0007058613907525305,498,AMZN,144:1,144.0,0.006944444444444444,209.2904799984,
370592,MSFT,1,9.3289391112,9.3289391112,False,0.03113767916860085,1919,MSFT,30:1,30.0,0.03333333333333333,279.86817333600004,
370592,JPM,1,9.8522897779,9.8522897779,False,0.039442197106776426,1919,JPM,15:1,15.0,0.06666666666666667,147.78434666849998,
377180,VALE,5,6.7332948889,33.6664744445,False,0.08519554857091752,1855,VALE,2:1,2.0,2.5,13.4665897778,
388524,MMM,1,14.1134343889,14.1134343889,False,0.0040059098953043664,396,MMM,10:1,10.0,0.1,141.134343889,
389598,ZM,1,1.6279353333,1.6279353333,False,0.021749309359928828,972,ZM,47:1,47.0,0.02127659574468085,76.5129606651,
404591,AMZN,1,1.5774807778,1.5774807778,False,0.05356736551275801,619,AMZN,144:1,144.0,0.006944444444444444,227.1572320032,
442120,GOOGL,1,2.9847521112,2.9847521112,False,0.01884462579190379,639,GOOGL,58:1,58.0,0.017241379310344827,173.1156224496,
449572,ACWI,1,5.83745,5.83745,False,0.018542325634677684,176,ACWI,26:1,26.0,0.038461538461538464,151.7737,
449572,GLD,1,9.0868272222,9.0868272222,False,0.022707745963456313,176,GLD,50:1,50.0,0.02,454.34136111,
449572,XLC,1,6.2424617778,6.2424617778,False,0.017498583948016573,270,XLC,19:1,19.0,0.05263157894736842,118.6067737782,
455742,SPY,1,6.7759911112,6.7759911112,False,0.925265004194311,1317,SPY,60:1,60.0,0.016666666666666666,406.559466672,
466948,EWZ,5,12.2373673403,61.1868367015,False,0.03757082634935965,792,EWZ,2:1,2.0,2.5,24.4747346806,
472424,JNJ,1,10.8033762222,10.8033762222,False,0.02253651895796012,1043,JNJ,15:1,15.0,0.06666666666666667,162.050643333,
477211,NEE,1,4.7054338889,4.7054338889,False,0.010409153227360574,54,NEE,19:1,19.0,0.05263157894736842,89.4032438891,
496376,TSM,1,49.8322222222,49.8322222222,False,0.055531175137372414,128,TSM,9:1,9.0,0.1111111111111111,448.48999999980003,
497632,SPY,1,10.1340068889,10.1340068889,False,0.00757264635061234,603,SPY,60:1,60.0,0.016666666666666666,608.040413334,
505046,BIOX,9,4.8900987778,44.010889000199995,False,0.01318191036300953,494,BIOX,1:1,1.0,9.0,4.8900987778,
511808,ORCL,3,73.6830866668,221.04926000039998,False,0.008164937536340728,117,ORCL,3:1,3.0,1.0,221.04926000039998,
533370,XLF,5,27.416803444499998,137.0840172225,False,0.035038599618571,306,XLF,2:1,2.0,2.5,54.833606888999995,
551100,V,1,18.1843053334,18.1843053334,False,0.030364449099208515,214,V,18:1,18.0,0.05555555555555555,327.3174960012,
584711,AMZN,1,0.9632683333,0.9632683333,False,0.00822269123495043,1042,AMZN,144:1,144.0,0.006944444444444444,138.71063999519998,
607830,AMAT,2,124.0775092222,248.1550184444,False,0.05693361774581651,92,AMAT,5:1,5.0,0.4,620.387546111,
618840,HMY,9,9.4459071111,85.0131639999,False,0.04168628093084181,573,HMY,1:1,1.0,9.0,9.4459071111,
618840,PG,1,10.3425826666,10.3425826666,False,0.023370822161730694,661,PG,15:1,15.0,0.06666666666666667,155.138739999,
636624,KO,2,13.9614744444,27.9229488888,False,0.024578010775999297,271,KO,5:1,5.0,0.4,69.807372222,
636624,WMT,1,3.81189,3.81189,False,0.008297276892243037,802,WMT,18:1,18.0,0.05555555555555555,68.61402,
645265,MA,1,16.6779918889,16.6779918889,False,0.025117121805109943,74,MA,33:1,33.0,0.030303030303030304,550.3737323337,
648777,JPM,1,21.146122,21.146122,False,0.0359490217072202,274,JPM,15:1,15.0,0.06666666666666667,317.19183,
648787,GLOB,1,6.3455142222,6.3455142222,False,0.001337568968399933,535,GLOB,18:1,18.0,0.05555555555555555,114.21925599960001,
648787,V,1,18.5460574445,18.5460574445,False,0.01393373388023112,353,V,18:1,18.0,0.05555555555555555,333.829034001,
650633,PG,1,9.6533333333,9.6533333333,False,0.00520252546019712,127,PG,15:1,15.0,0.06666666666666667,144.79999999950002,
669830,KO,2,10.8053366667,21.6106733334,False,0.038255337624827745,1089,KO,5:1,5.0,0.4,54.0266833335,
688145,SPY,1,7.0600494445,7.0600494445,False,0.11849211387274769,1091,SPY,60:1,60.0,0.016666666666666666,423.60296667,
694664,UBER,5,36.3920193333,181.9600966665,False,0.051225708773288144,67,UBER,2:1,2.0,2.5,72.7840386666,
700245,GE,2,10.5969091111,21.1938182222,False,0.04002933679014052,1090,GE,8:1,8.0,0.25,84.7752728888,
708357,SPY,1,11.4974701111,11.4974701111,False,0.0026759681168753834,208,SPY,60:1,60.0,0.016666666666666666,689.848206666,
742032,USO,1,10.26,10.26,False,0.0083252832177044,4,USO,15:1,15.0,0.06666666666666667,153.9,
769019,NVDA,1,5.5309106666,5.5309106666,False,0.6729401623446591,845,NVDA,24:1,24.0,0.041666666666666664,132.74185599839998,
818090,QCOM,1,15.5705735556,15.5705735556,False,0.006406053277820022,937,QCOM,11:1,11.0,0.09090909090909091,171.2763091116,
818205,IBIT,1,5.1612711111,5.1612711111,False,0.006812980836062461,232,IBIT,10:1,10.0,0.1,51.612711110999996,
818205,MCD,1,12.2577417778,12.2577417778,False,0.01363642478442252,409,MCD,24:1,24.0,0.041666666666666664,294.1858026672,
823000,AMZN,1,1.1063101111,1.1063101111,False,0.0252203721841332,992,AMZN,144:1,144.0,0.006944444444444444,159.3086559984,
848394,MELI,1,16.5103712222,16.5103712222,False,0.10523349494569968,684,MELI,120:1,120.0,0.008333333333333333,1981.244546664,
849516,SPY,1,10.5455555556,10.5455555556,False,0.11597208946664117,432,SPY,60:1,60.0,0.016666666666666666,632.733333336,
849640,MSFT,1,15.1419256673,15.1419256673,False,0.017870444173076025,828,MSFT,30:1,30.0,0.03333333333333333,454.257770019,
849732,NVDA,1,4.1140607666,4.1140607666,False,0.9371748699479793,923,NVDA,24:1,24.0,0.041666666666666664,98.7374583984,
878665,SPY,1,13.0113505556,13.0113505556,False,0.07631249567585587,145,SPY,60:1,60.0,0.016666666666666666,780.681033336,
906928,PANW,1,6.9471093333,6.9471093333,False,0.00510642004509409,76,PANW,50:1,50.0,0.02,347.355466665,
933206,MSFT,1,15.7569507778,15.7569507778,False,0.04594237215166518,61,MSFT,30:1,30.0,0.03333333333333333,472.708523334,
947659,PG,1,9.9411111111,9.9411111111,False,0.006189481472547769,258,PG,15:1,15.0,0.06666666666666667,149.1166666665,
1008839,SPY,1,12.8822105,12.8822105,False,0.9940193347534,84,SPY,60:1,60.0,0.016666666666666666,772.93263,
1111378,MELI,1,14.692558,14.692558,False,0.025857492618612636,195,MELI,120:1,120.0,0.008333333333333333,1763.10696,
1150296,MELI,1,15.1579485556,15.1579485556,False,0.013205150407606107,342,MELI,120:1,120.0,0.008333333333333333,1818.953826672,
1183147,GLD,1,6.2192343333,6.2192343333,False,0.1747991377621007,525,GLD,50:1,50.0,0.02,310.961716665,
1246440,MO,3,17.88,53.64,False,0.003035067420629269,14,MO,4:1,4.0,0.75,71.52,
1295402,AAPL,1,11.9144892222,11.9144892222,False,0.1236479589818251,578,AAPL,20:1,20.0,0.05,238.28978444400002,
1353300,TMUS,1,7.4928616667,7.4928616667,False,0.005946392986017285,396,TMUS,33:1,33.0,0.030303030303030304,247.2644350011,
1413310,SPY,1,11.688224,11.688224,False,0.24347808637020388,307,SPY,60:1,60.0,0.016666666666666666,701.29344,
1442340,FCX,3,14.9987804445,44.9963413335,False,0.08934005772730125,378,FCX,3:1,3.0,1.0,44.9963413335,
1442842,TSLA,1,29.2163612222,29.2163612222,False,0.02027694675925531,318,TSLA,15:1,15.0,0.06666666666666667,438.245418333,
1530467,SPY,1,13.0777777778,13.0777777778,False,0.9691668663631281,70,SPY,60:1,60.0,0.016666666666666666,784.666666668,
1550233,JPM,1,21.5901526667,21.5901526667,False,0.0019274919687834633,166,JPM,15:1,15.0,0.06666666666666667,323.8522900005,
1550233,KO,2,15.3529375555,30.705875111,False,0.0015011048565075425,166,KO,5:1,5.0,0.4,76.7646877775,
1550233,WMT,1,7.4563691111,7.4563691111,False,0.0005067571477711436,166,WMT,18:1,18.0,0.05555555555555555,134.2146439998,
1618554,JPM,1,21.5901526667,21.5901526667,False,0.001508958284555739,166,JPM,15:1,15.0,0.06666666666666667,323.8522900005,
1618554,KO,2,15.3529375555,30.705875111,False,0.0011751564446950877,166,KO,5:1,5.0,0.4,76.7646877775,
1618554,WMT,1,7.4563691111,7.4563691111,False,0.00039672040598422246,166,WMT,18:1,18.0,0.05555555555555555,134.2146439998,
270217,MSFT,1,12.467989875,12.467989875,False,0.5421615201900238,1022,MSFT,30:1,30.0,0.03333333333333333,374.03969625,
270641,BRKB,1,23.23,23.23,False,0.045336612939465254,270,BRK/B,22:1,22.0,0.045454545454545456,511.06,
271821,AMAT,2,82.86161475,165.7232295,False,0.08557008075666908,165,AMAT,5:1,5.0,0.4,414.30807375,
271919,RGTI,4,23.3280365,93.312146,False,0.002537866969452316,363,RGTI,2:1,2.0,2.0,46.656073,
271996,AMZN,1,1.2231355,1.2231355,False,0.009478397018672119,958,AMZN,144:1,144.0,0.006944444444444444,176.131512,
274866,AMD,1,43.162390125,43.162390125,False,0.010665935932741176,153,AMD,10:1,10.0,0.1,431.62390125,
316998,XOM,1,10.46370025,10.46370025,False,0.005848471422241914,468,XOM,10:1,10.0,0.1,104.63700250000001,
367345,SPY,1,12.9575,12.9575,False,0.07243651310707976,112,SPY,60:1,60.0,0.016666666666666666,777.4499999999999,
370592,BRKB,1,13.323246625,13.323246625,False,0.03631971351970973,1919,BRK/B,22:1,22.0,0.045454545454545456,293.11142574999997,
377180,PBR,8,5.48190556,43.85524448,True,0.25740094803684826,1855,PBR,1:1,1.0,8.0,5.48190556,"Precio estimado: comitente 477338 (1329 días, el más parecido a 1855). Compra más reciente: 21.83 (5 días)"
384450,IBIT,1,6.52051875,6.52051875,False,0.17362241837346817,412,IBIT,10:1,10.0,0.1,65.2051875,
386548,AMD,1,11.846821625,11.846821625,False,0.0060131958968968864,1154,AMD,10:1,10.0,0.1,118.46821625000001,
386548,MSFT,1,11.320415,11.320415,False,0.0016667444435101081,1154,MSFT,30:1,30.0,0.03333333333333333,339.61245,
386548,CVX,1,9.846195625,9.846195625,False,0.0012275810150414329,1154,CVX,16:1,16.0,0.0625,157.53913,
403701,MSFT,1,16.55299025,16.55299025,False,0.02136222185825593,466,MSFT,30:1,30.0,0.03333333333333333,496.58970750000003,
426494,JPM,1,20.951939625,20.951939625,False,0.025552364118426863,151,JPM,15:1,15.0,0.06666666666666667,314.279094375,
442120,JPM,1,11.212491125,11.212491125,False,0.06209062600665736,980,JPM,15:1,15.0,0.06666666666666667,168.187366875,
449572,SLV,2,11.844946625,23.68989325,False,0.02438155122926041,176,SLV,6:1,6.0,0.3333333333333333,71.06967975,
449572,AMD,1,15.875555125,15.875555125,False,0.16770510478784678,402,AMD,10:1,10.0,0.1,158.75555125,
469787,KO,2,11.90700475,23.8140095,False,0.012031223910502589,988,KO,5:1,5.0,0.4,59.53502375,
477211,WFC,2,18.17733725,36.3546745,False,0.03741348647443274,51,WFC,5:1,5.0,0.4,90.88668625,
485240,PEP,1,8.11930045,8.11930045,False,0.04329964425524314,504,PEP,18:1,18.0,0.05555555555555555,146.1474081,
500071,NEE,1,4.7148665,4.7148665,False,0.010552656531595175,53,NEE,19:1,19.0,0.05263157894736842,89.5824635,
500071,SPXL,1,9.1109415625,9.1109415625,False,0.030825939252365795,251,SPXL,25:1,25.0,0.04,227.77353906250002,
500071,V,1,18.66921025,18.66921025,False,0.05372718196032628,191,V,18:1,18.0,0.05555555555555555,336.04578449999997,
504606,VIST,3,23.22375,69.67125,False,0.025224636052127825,162,VIST,3:1,3.0,1.0,69.67125,
504606,GOOGL,1,6.02125,6.02125,False,0.006801414236373669,98,GOOGL,58:1,58.0,0.017241379310344827,349.2325,
505551,MELI,1,14.312219875,14.312219875,False,0.16163507878243064,129,MELI,120:1,120.0,0.008333333333333333,1717.466385,
513722,GE,1,11.009695875,11.009695875,False,0.025452750710232373,1141,GE,8:1,8.0,0.125,88.077567,
513722,RIO,1,14.109680875,14.109680875,False,0.00797740651763282,145,RIO,8:1,8.0,0.125,112.877447,
518868,DIA,1,17.523103125,17.523103125,False,0.19915242397429328,1147,DIA,20:1,20.0,0.05,350.4620625,
545099,MSFT,1,11.5382905,11.5382905,False,0.17261018551341134,1210,MSFT,30:1,30.0,0.03333333333333333,346.14871500000004,
551100,CEG,1,7.380126125,7.380126125,False,0.00784545061656346,215,CEG,45:1,45.0,0.022222222222222223,332.105675625,
561063,BA.C,2,14.97375,29.9475,False,0.012470298297838512,14,BAC,4:1,4.0,0.5,59.895,
561063,QQQ,1,32.3401210312,32.3401210312,False,0.0348603026261163,209,QQQ,20:1,20.0,0.05,646.802420624,
566660,AMZN,1,1.015268125,1.015268125,False,0.029083617882950843,1158,AMZN,144:1,144.0,0.006944444444444444,146.19861,
573397,IWM,1,20.862658375,20.862658375,False,0.0106238556912422,945,IWM,10:1,10.0,0.1,208.62658374999998,
592411,CAT,1,22.1512967813,22.1512967813,False,0.021846776398265114,572,CAT,20:1,20.0,0.05,443.02593562600003,
610243,T,3,6.415456375000001,19.246369125,False,0.017425797028508574,756,T,3:1,3.0,1.0,19.246369125,
618840,B,4,10.1356408751,40.5425635004,False,0.04284778648764813,535,B,2:1,2.0,2.0,20.2712817502,
636049,GLOB,1,4.78936175,4.78936175,False,0.2809988028048572,446,GLOB,18:1,18.0,0.05555555555555555,86.2085115,
636624,COIN,1,13.083288125,13.083288125,False,0.008820310060126074,461,COIN,27:1,27.0,0.037037037037037035,353.24877937499997,
636624,IBIT,1,6.0481205,6.0481205,False,0.006142986655832047,661,IBIT,10:1,10.0,0.1,60.481204999999996,
636624,MSFT,1,16.2930105,16.2930105,False,0.02214628555488513,271,MSFT,30:1,30.0,0.03333333333333333,488.790315,
636624,PG,1,11.231233375,11.231233375,False,0.012310229922348525,607,PG,15:1,15.0,0.06666666666666667,168.46850062500002,
648787,HSY,1,9.638970375,9.638970375,False,0.004643854167345222,937,HSY,21:1,21.0,0.047619047619047616,202.41837787499998,
669830,META,1,13.238606375,13.238606375,False,0.06087535159420837,1095,META,24:1,24.0,0.041666666666666664,317.72655299999997,
669830,AAPL,1,9.08726325,9.08726325,False,0.03277849092934136,1097,AAPL,20:1,20.0,0.05,181.745265,
673986,NVDA,1,4.420306125,4.420306125,False,0.111402464312949,538,NVDA,24:1,24.0,0.041666666666666664,106.087347,
681044,LLY,1,12.70409025,12.70409025,False,0.013841551070550503,543,LLY,56:1,56.0,0.017857142857142856,711.429054,
688145,AAPL,1,8.964914375,8.964914375,False,0.13566092094340543,1091,AAPL,20:1,20.0,0.05,179.2982875,
688145,IBM,1,9.4731505,9.4731505,False,0.11987890033693051,1039,IBM,15:1,15.0,0.06666666666666667,142.09725749999998,
688145,KO,2,11.314297,22.628594,False,0.1407392939108355,1023,KO,5:1,5.0,0.4,56.571484999999996,
700596,BRKB,1,22.024384125,22.024384125,False,0.0072610893641650905,403,BRK/B,22:1,22.0,0.045454545454545456,484.53645075000003,
700596,NVDA,1,7.14649575,7.14649575,False,0.003154212068204012,377,NVDA,24:1,24.0,0.041666666666666664,171.515898,
738400,NBIS,1,9.36099875,9.36099875,False,0.007835432071054553,8,NBIS,27:1,27.0,0.037037037037037035,252.74696625,
743657,BRKB,1,19.977389875,19.977389875,False,0.028278492030123992,812,BRK/B,22:1,22.0,0.045454545454545456,439.50257725,
777328,META,1,31.654549125,31.654549125,False,0.2832081851315154,8,META,24:1,24.0,0.041666666666666664,759.709179,
786798,HMY,8,12.5523159091,100.4185272728,False,0.00845908357104976,404,HMY,1:1,1.0,8.0,12.5523159091,
789428,DISN,1,9.32452525,9.32452525,False,0.05224531318122366,232,DIS,12:1,12.0,0.08333333333333333,111.89430300000001,
789428,SPY,1,12.75348825,12.75348825,False,0.07836796977183548,128,SPY,60:1,60.0,0.016666666666666666,765.209295,
832563,XLB,1,3.048615875,3.048615875,False,0.02649851047305521,236,XLB,18:1,18.0,0.05555555555555555,54.87508575,
832563,XLU,1,3.11205175,3.11205175,False,0.02576823656238046,236,XLU,15:1,15.0,0.06666666666666667,46.68077625,
848394,GOOGL,1,6.5375,6.5375,False,0.036070146029176936,120,GOOGL,58:1,58.0,0.017241379310344827,379.17499999999995,
853624,WMT,1,5.719972375,5.719972375,False,0.3556286549707602,606,WMT,18:1,18.0,0.05555555555555555,102.95950275,
921796,CIBR,1,7.577494625,7.577494625,False,0.009113205509879837,294,CIBR,10:1,10.0,0.1,75.77494625,
927453,NVDA,1,9.394713375,9.394713375,False,0.019558564123763642,124,NVDA,24:1,24.0,0.041666666666666664,225.473121,
947659,B,4,24.25625,97.025,False,0.011347721478076632,249,B,2:1,2.0,2.0,48.5125,
947709,AAL,4,5.874519125,23.4980765,False,0.046764698163877634,414,AAL,2:1,2.0,2.0,11.74903825,
950992,AMZN,1,1.658268125,1.658268125,False,0.06993173898515442,170,AMZN,144:1,144.0,0.006944444444444444,238.79061,
957743,GLD,1,7.698466375,7.698466375,False,0.08814864226354262,342,GLD,50:1,50.0,0.02,384.92331874999996,
957743,MRVL,1,20.615948125,20.615948125,False,0.22422802190166483,110,MRVL,14:1,14.0,0.07142857142857142,288.62327375,
1070809,JNJ,1,17.826690625,17.826690625,False,0.008530791317609464,79,JNJ,15:1,15.0,0.06666666666666667,267.400359375,
1083539,ASML,1,12.2061146875,12.2061146875,False,0.05335487464062979,53,ASML,146:1,146.0,0.00684931506849315,1782.092744375,
1083539,XLP,1,5.3858646316,5.3858646316,False,0.021228556949831168,31,XLP,16:1,16.0,0.0625,86.1738341056,
1158487,AAPL,1,17.292428375,17.292428375,False,0.16933635654378779,21,AAPL,20:1,20.0,0.05,345.8485675,
1191812,XOM,1,10.987295125,10.987295125,False,0.015478038224931174,664,XOM,10:1,10.0,0.1,109.87295125,
1199836,AVGO,1,12.9275,12.9275,False,0.001032291394273064,125,AVGO,39:1,39.0,0.02564102564102564,504.1725,
1361007,SPCX,1,3.159539125,3.159539125,False,0.1458890030832477,102,SPCX,50:1,50.0,0.02,157.97695625,
1400643,AMZN,1,1.785625,1.785625,False,0.020259431353025777,100,AMZN,144:1,144.0,0.006944444444444444,257.13,
1444848,GLD,1,7.946230875,7.946230875,False,0.006998624107794039,308,GLD,50:1,50.0,0.02,397.31154375,
1472714,FXI,2,8.207902875,16.41580575,False,0.00591817876344086,329,FXI,5:1,5.0,0.4,41.039514375,
1472714,GLD,1,8.508178,8.508178,False,0.0066605762768817195,273,GLD,50:1,50.0,0.02,425.40889999999996,
1550233,AAPL,1,14.1347725,14.1347725,False,0.0012861983445439347,166,AAPL,20:1,20.0,0.05,282.69545,
1585940,META,1,27.64875,27.64875,False,0.05594845403304685,224,META,24:1,24.0,0.041666666666666664,663.5699999999999,
1618554,VIST,3,23.767928,71.30378400000001,False,0.0013420211212117476,166,VIST,3:1,3.0,1.0,71.30378400000001,
1618554,AAPL,1,14.1347725,14.1347725,False,0.0010069145184591329,166,AAPL,20:1,20.0,0.05,282.69545,
263939,PEP,1,7.1975855716,7.1975855716,False,0.006071418775245402,526,PEP,18:1,18.0,0.05555555555555555,129.5565402888,
271091,EEM,2,13.8087358571,27.6174717142,False,0.08371127488578384,22,EEM,5:1,5.0,0.4,69.0436792855,
271091,META,1,27.8489374286,27.8489374286,False,0.18818988228232233,32,META,24:1,24.0,0.041666666666666664,668.3744982864,
271996,PYPL,1,8.6135600001,8.6135600001,False,0.03214244122099869,851,PYPL,8:1,8.0,0.125,68.9084800008,
272910,JPM,1,22.7470101429,22.7470101429,False,0.13433727442439328,5,JPM,15:1,15.0,0.06666666666666667,341.20515214349996,
316998,C,3,26.3885505714,79.1656517142,False,0.013372888212517578,468,C,3:1,3.0,1.0,79.1656517142,
370592,QCOM,1,12.5927741429,12.5927741429,False,0.022719478575556333,1919,QCOM,11:1,11.0,0.09090909090909091,138.5205155719,
386548,QCOM,1,10.7440245714,10.7440245714,False,0.0013681498235302372,1154,QCOM,11:1,11.0,0.09090909090909091,118.1842702854,
386548,MO,2,9.8347718572,19.6695437144,False,0.0014127621645360184,1154,MO,4:1,4.0,0.5,39.3390874288,
388524,JPM,1,15.6326187143,15.6326187143,False,0.004239195236266209,585,JPM,15:1,15.0,0.06666666666666667,234.48928071449998,
398646,AMZN,1,1.56,1.56,False,0.009169587297045992,348,AMZN,144:1,144.0,0.006944444444444444,224.64000000000001,
441195,AMZN,1,1.0301200476,1.0301200476,False,0.23254126609831308,795,AMZN,144:1,144.0,0.006944444444444444,148.33728685440002,
442120,AAPL,1,10.5142126666,10.5142126666,False,0.04078640073016214,666,AAPL,20:1,20.0,0.05,210.28425333200002,
442120,KO,2,11.404543,22.809086,False,0.04230980886932246,1014,KO,5:1,5.0,0.4,57.022715000000005,
469787,AAPL,1,9.9416474285,9.9416474285,False,0.010147770913341125,1032,AAPL,20:1,20.0,0.05,198.83294856999999,
477211,PBR,7,13.5126093674,94.5882655718,False,0.04852741177960456,234,PBR,1:1,1.0,7.0,13.5126093674,
482152,BRKB,1,23.0977727143,23.0977727143,False,0.008492322834845004,348,BRK/B,22:1,22.0,0.045454545454545456,508.1509997146,
485240,ACN,1,2.8646204286,2.8646204286,False,0.01410327017251388,252,ACN,75:1,75.0,0.013333333333333334,214.846532145,
508033,VIST,3,26.848780428599998,80.5463412858,False,0.025649672966669677,25,VIST,3:1,3.0,1.0,80.5463412858,
533370,RGTI,4,12.7,50.8,False,0.0076438039931021684,322,RGTI,2:1,2.0,2.0,25.4,
535485,SMH,1,9.6546548571,9.6546548571,False,0.2119514258924692,169,SMH,50:1,50.0,0.02,482.732742855,
539589,GOOGL,1,2.2659742858,2.2659742858,False,0.533593940874664,1205,GOOGL,58:1,58.0,0.017241379310344827,131.4265085764,
545179,FCX,3,22.7431797143,68.2295391429,False,0.011296992696932254,216,FCX,3:1,3.0,1.0,68.2295391429,
561063,CAT,1,41.4385714286,41.4385714286,False,0.034279518412847036,25,CAT,20:1,20.0,0.05,828.771428572,
613242,GOOGL,1,2.5592351428,2.5592351428,False,0.05015213272862965,1102,GOOGL,58:1,58.0,0.017241379310344827,148.4356382824,
618840,DIA,1,22.1429604285,22.1429604285,False,0.047864774146012,486,DIA,20:1,20.0,0.05,442.85920857,
636624,ETHA,2,6.1520075714,12.3040151428,False,0.004513245625471867,669,ETHA,5:1,5.0,0.4,30.760037857,
636624,MRVL,1,8.4637109999,8.4637109999,False,0.02140342685267444,607,MRVL,14:1,14.0,0.07142857142857142,118.4919539986,
648777,PG,1,10.3520171429,10.3520171429,False,0.012269673787279603,204,PG,15:1,15.0,0.06666666666666667,155.2802571435,
648787,BRKB,1,23.2563775714,23.2563775714,False,0.012140175490785755,362,BRK/B,22:1,22.0,0.045454545454545456,511.6403065708,
648787,PFE,2,6.3177275714,12.6354551428,False,0.0036160684881634555,657,PFE,4:1,4.0,0.5,25.2709102856,
650633,MSTR,1,11.3711635714,11.3711635714,False,0.0034273451800182018,328,MSTR,20:1,20.0,0.05,227.42327142800002,
700596,CIBR,1,7.5783398572,7.5783398572,False,0.002937542282805586,344,CIBR,10:1,10.0,0.1,75.783398572,
721251,TXR,2,7.7562742857,15.5125485714,False,0.012515468023269596,782,TX,4:1,4.0,0.5,31.0250971428,
741270,IBIT,1,6.4843124286,6.4843124286,False,0.004333258769501193,400,IBIT,10:1,10.0,0.1,64.843124286,
789428,V,1,19.1711191428,19.1711191428,False,0.10879959308240081,160,V,18:1,18.0,0.05555555555555555,345.08014457039997,
818112,AAPL,1,10.0435537142,10.0435537142,False,0.011721831440931805,846,AAPL,20:1,20.0,0.05,200.871074284,
818205,IBB,1,4.4508004286,4.4508004286,False,0.008404868635625104,539,IBB,27:1,27.0,0.037037037037037035,120.1716115722,
819255,TSLA,1,27.9966017143,27.9966017143,False,0.922992409109069,621,TSLA,15:1,15.0,0.06666666666666667,419.94902571449995,
840696,C,3,20.6978411429,62.093523428699996,False,0.03276420658053027,881,C,3:1,3.0,1.0,62.093523428699996,
841472,PSX,2,40.4657102857,80.9314205714,False,0.011077097436667281,53,PSX,6:1,6.0,0.3333333333333333,242.7942617142,
880772,CVX,1,9.9907777144,9.9907777144,False,0.1812929689756774,911,CVX,16:1,16.0,0.0625,159.8524434304,
890058,NVDA,1,7.4657142858,7.4657142858,False,0.0037512131204934344,383,NVDA,24:1,24.0,0.041666666666666664,179.1771428592,
902276,AMZN,1,1.7922015714,1.7922015714,False,0.17504096122337523,6,AMZN,144:1,144.0,0.006944444444444444,258.0770262816,
947659,AAPL,1,12.9342857142,12.9342857142,False,0.008235703043110908,259,AAPL,20:1,20.0,0.05,258.68571428399997,
947659,XOM,1,13.2885714287,13.2885714287,False,0.008100191680821957,259,XOM,10:1,10.0,0.1,132.88571428699998,
957743,SLV,2,9.1647314286,18.3294628572,False,0.09317935462353039,309,SLV,6:1,6.0,0.3333333333333333,54.9883885716,
1014203,RGTI,4,14.7814284286,59.1257137144,False,0.00703233626867268,305,RGTI,2:1,2.0,2.0,29.5628568572,
1070809,VIST,3,21.1625960586,63.48778817579999,False,0.009823629467250022,128,VIST,3:1,3.0,1.0,63.48778817579999,
1083539,NVDA,1,9.468384282,9.468384282,False,0.036556668857591554,37,NVDA,24:1,24.0,0.041666666666666664,227.241222768,
1135220,PLTR,3,26.75,80.25,False,0.02315074301455922,622,PLTR,3:1,3.0,1.0,80.25,
1150296,KO,2,16.450774,32.901548,False,0.011432555718861948,136,KO,5:1,5.0,0.4,82.25386999999999,
1157596,ABT,2,24.6904364286,49.3808728572,False,0.08830299023841807,92,ABT,4:1,4.0,0.5,98.7617457144,
1162489,XLK,1,4.2605188572,4.2605188572,False,0.41918131723956964,19,XLK,46:1,46.0,0.021739130434782608,195.9838674312,
1267841,AAPL,1,12.1531255714,12.1531255714,False,0.12844085169334812,595,AAPL,20:1,20.0,0.05,243.062511428,
1326192,NVDA,1,8.0890727144,8.0890727144,False,0.5553776964707676,251,NVDA,24:1,24.0,0.041666666666666664,194.1377451456,
1360758,NVDA,1,9.0978014286,9.0978014286,False,0.038060909993209005,33,NVDA,24:1,24.0,0.041666666666666664,218.3472342864,
1401326,SMH,1,11.9914345714,11.9914345714,False,0.013971592502253726,148,SMH,50:1,50.0,0.02,599.57172857,
1442340,BNG,2,15.166939,30.333878,False,0.061464673401518476,378,BG,5:1,5.0,0.4,75.834695,
1446653,URA,2,11.0978928571,22.1957857142,False,0.013969965051280344,236,URA,5:1,5.0,0.4,55.4894642855,
1472714,TSM,1,30.7177744286,30.7177744286,False,0.04144195228494624,378,TSM,9:1,9.0,0.1111111111111111,276.4599698574,
1501198,CIBR,1,10.0422457143,10.0422457143,False,0.03968924168214828,29,CIBR,10:1,10.0,0.1,100.422457143,
1543140,MRNA,1,3.2259167143,3.2259167143,False,0.29855439242302234,111,MRNA,19:1,19.0,0.05263157894736842,61.2924175717,
1641377,GLOB,1,2.2574681429,2.2574681429,False,0.004825811041643595,124,GLOB,18:1,18.0,0.05555555555555555,40.6344265722,
1641377,BA,1,9.4078354286,9.4078354286,False,0.01963212419583799,124,BA,24:1,24.0,0.041666666666666664,225.7880502864,
1646744,ABNB,1,12.81,12.81,False,0.125908983358309,49,ABNB,15:1,15.0,0.06666666666666667,192.15,
271919,META,1,30.7583273333,30.7583273333,False,0.007779253822079121,363,META,24:1,24.0,0.041666666666666664,738.1998559991999,
273220,UNH,1,10.3323778333,10.3323778333,False,0.056096065888122215,340,UNH,33:1,33.0,0.030303030303030304,340.96846849890005,
274726,AMGN,1,9.6961706667,9.6961706667,False,0.058963292046844466,589,AMGN,30:1,30.0,0.03333333333333333,290.885120001,
310908,SPY,1,11.7581738889,11.7581738889,False,0.07753141805423748,291,SPY,60:1,60.0,0.016666666666666666,705.490433334,
316510,SPY,1,11.5066666666,11.5066666666,False,0.15602152819305928,299,SPY,60:1,60.0,0.016666666666666666,690.3999999959999,
349394,AAPL,1,17.46,17.46,False,0.22564924516450433,1,AAPL,20:1,20.0,0.05,349.20000000000005,
349781,SPY,1,11.8086283333,11.8086283333,False,0.6669965363681345,281,SPY,60:1,60.0,0.016666666666666666,708.517699998,
380743,SPY,1,9.1311865,9.1311865,False,0.10454204689398444,757,SPY,60:1,60.0,0.016666666666666666,547.87119,
388524,INTC,2,5.6715916593,11.3431833186,False,0.003809018114829276,682,INTC,5:1,5.0,0.4,28.357958296499998,
388524,ABNB,1,10.2137645,10.2137645,False,0.0017914010133119266,819,ABNB,15:1,15.0,0.06666666666666667,153.2064675,
388524,PG,1,10.5063821666,10.5063821666,False,0.0015945092328368362,1758,PG,15:1,15.0,0.06666666666666667,157.595732499,
388524,UAL,2,15.4563531667,30.9127063334,False,0.003607151675007076,504,UAL,5:1,5.0,0.4,77.2817658335,
399757,URA,2,10.9972268333,21.9944536666,False,0.0011070107452669238,264,URA,5:1,5.0,0.4,54.986134166499994,
407717,KO,2,16.3857215001,32.7714430002,False,0.04451657014819635,225,KO,5:1,5.0,0.4,81.92860750050001,
418078,PBR,6,19.7552858333,118.5317149998,False,0.058413942950814604,64,PBR,1:1,1.0,6.0,19.7552858333,
442120,RIO,1,10.8717208333,10.8717208333,False,0.025179856115107917,231,RIO,8:1,8.0,0.125,86.9737666664,
449572,PM,1,9.4012831667,9.4012831667,False,0.020951205076148595,411,PM,18:1,18.0,0.05555555555555555,169.2230970006,
469787,AVGO,1,4.5886983333,4.5886983333,False,0.004859742861913508,732,AVGO,39:1,39.0,0.02564102564102564,178.9592349987,
472424,NVDA,1,7.4839328333,7.4839328333,False,0.008894420410174329,243,NVDA,24:1,24.0,0.041666666666666664,179.6143879992,
477211,JPM,1,20.7265484176,20.7265484176,False,0.038206355061970385,229,JPM,15:1,15.0,0.06666666666666667,310.898226264,
477211,MO,2,17.0497931667,34.0995863334,False,0.0292177580539481,54,MO,4:1,4.0,0.5,68.1991726668,
477338,ABT,2,24.5484515,49.096903,False,0.0057502782392696425,1429,ABT,4:1,4.0,0.5,98.193806,
484220,URA,2,9.4040715,18.808143,False,0.04101201007770267,53,URA,5:1,5.0,0.4,47.0203575,
485240,SBUX,1,7.6943036668,7.6943036668,False,0.03659407885923522,937,SBUX,12:1,12.0,0.08333333333333333,92.3316440016,
494774,SPY,1,11.3337501666,11.3337501666,False,0.2484182075066036,315,SPY,60:1,60.0,0.016666666666666666,680.025009996,
497265,GOOGL,1,2.6098318333,2.6098318333,False,0.22601871415635374,949,GOOGL,58:1,58.0,0.017241379310344827,151.37024633139998,
500071,BRKB,1,22.4979501667,22.4979501667,False,0.0451400008791264,227,BRK/B,22:1,22.0,0.045454545454545456,494.9549036674,
500071,ASML,1,9.2455141666,9.2455141666,False,0.02503940370112214,191,ASML,146:1,146.0,0.00684931506849315,1349.8450683236,
500071,URA,2,10.2905144286,20.5810288572,False,0.015792877820268888,252,URA,5:1,5.0,0.4,51.452572143,
533370,MSFT,1,16.9436218333,16.9436218333,False,0.015163048442590506,366,MSFT,30:1,30.0,0.03333333333333333,508.308654999,
545099,DIA,1,17.0871666668,17.0871666668,False,0.18949545078577337,1210,DIA,20:1,20.0,0.05,341.74333333600003,
551100,AMD,1,51.8314223333,51.8314223333,False,0.0623440452493541,81,AMD,10:1,10.0,0.1,518.314223333,
561927,DISN,1,7.8655090073,7.8655090073,False,0.4751916806204283,1195,DIS,12:1,12.0,0.08333333333333333,94.38610808760001,
563332,AMZN,1,1.6043891667,1.6043891667,False,0.008732271264550475,368,AMZN,144:1,144.0,0.006944444444444444,231.03204000480002,
566660,LYG,3,1.8024768334,5.4074305002,False,0.034165806400381166,517,LYG,2:1,2.0,1.5,3.6049536668,
600120,AAPL,1,9.3360953334,9.3360953334,False,0.2591800179122301,874,AAPL,20:1,20.0,0.05,186.72190666799997,
610243,MO,2,9.5346878333,19.0693756666,False,0.027533122504624308,992,MO,4:1,4.0,0.5,38.1387513332,
618840,BRKB,1,20.5533108333,20.5533108333,False,0.03678186209296138,438,BRK/B,22:1,22.0,0.045454545454545456,452.1728383326,
618840,GM,1,7.8244883334,7.8244883334,False,0.021469944124930924,576,GM,6:1,6.0,0.16666666666666666,46.9469300004,
618840,MO,2,11.7453298333,23.4906596666,False,0.027152111177060522,571,MO,4:1,4.0,0.5,46.9813193332,
618840,NKE,1,6.6350636667,6.6350636667,False,0.0045001944370535625,741,NKE,12:1,12.0,0.08333333333333333,79.6207640004,
645265,GOOGL,1,6.3251611667,6.3251611667,False,0.005868237381487153,57,GOOGL,58:1,58.0,0.017241379310344827,366.8593476686,
645265,FCX,2,22.2216968333,44.4433936666,False,0.02380366482709546,207,FCX,3:1,3.0,0.6666666666666666,66.6650904999,
648787,CIBR,1,6.814168,6.814168,False,0.004811050288395214,243,CIBR,10:1,10.0,0.1,68.14168,
648793,QQQ,1,24.569618,24.569618,False,0.012860180365129406,587,QQQ,20:1,20.0,0.05,491.39235999999994,
650611,URA,2,10.3755713333,20.7511426666,False,0.02924588638874353,195,URA,5:1,5.0,0.4,51.8778566665,
669830,MSFT,1,10.8298691667,10.8298691667,False,0.025852792932248504,1095,MSFT,30:1,30.0,0.03333333333333333,324.896075001,
681044,HMY,6,4.4347015714,26.6082094284,False,0.008801997993578805,969,HMY,1:1,1.0,6.0,4.4347015714,
700596,SPY,1,11.2667415,11.2667415,False,0.003063680462067257,287,SPY,60:1,60.0,0.016666666666666666,676.00449,
706938,XOM,1,17.0859895,17.0859895,False,0.07632888385674275,5,XOM,10:1,10.0,0.1,170.859895,
721251,GDX,1,9.0760023333,9.0760023333,False,0.0065119785320431065,129,GDX,10:1,10.0,0.1,90.76002333299999,
732281,AMZN,1,1.8479153333,1.8479153333,False,0.4454803404945277,159,AMZN,144:1,144.0,0.006944444444444444,266.0998079952,
741270,IBM,1,21.0886141667,21.0886141667,False,0.011254249221663603,343,IBM,15:1,15.0,0.06666666666666667,316.32921250050003,
741270,T,2,9.2541003333,18.5082006666,False,0.006158239120097887,371,T,3:1,3.0,0.6666666666666666,27.7623009999,
742032,META,1,23.4283333333,23.4283333333,False,0.017885585131706055,67,META,24:1,24.0,0.041666666666666664,562.2799999992,
743657,AAPL,1,11.7753900001,11.7753900001,False,0.01536884187854514,812,AAPL,20:1,20.0,0.05,235.507800002,
772135,SPY,1,12.432401,12.432401,False,0.2932347182945399,173,SPY,60:1,60.0,0.016666666666666666,745.94406,
809251,IBIT,1,4.1023278333,4.1023278333,False,0.0035183995276383655,52,IBIT,10:1,10.0,0.1,41.02327833300001,
818090,CAT,1,19.0465725001,19.0465725001,False,0.011057370680162718,909,CAT,20:1,20.0,0.05,380.931450002,
818205,QQQ,1,30.6170923333,30.6170923333,False,0.03539371944210685,315,QQQ,20:1,20.0,0.05,612.341846666,
824221,VIST,2,10.3226156667,20.6452313334,False,0.19042525472771904,993,VIST,3:1,3.0,0.6666666666666666,30.9678470001,
824221,GOOGL,1,3.0666666666,3.0666666666,False,0.051343234459209276,453,GOOGL,58:1,58.0,0.017241379310344827,177.86666666280001,
832563,XLC,1,6.2792988333,6.2792988333,False,0.04249498661164496,236,XLC,19:1,19.0,0.05263157894736842,119.3066778327,
832593,SPY,1,11.7634508333,11.7634508333,False,0.2780336885527673,271,SPY,60:1,60.0,0.016666666666666666,705.807049998,
880772,MMM,1,9.274005,9.274005,False,0.19642960309665491,911,MMM,10:1,10.0,0.1,92.74005000000001,
906314,SPY,1,10.0329791666,10.0329791666,False,0.013496645863231318,603,SPY,60:1,60.0,0.016666666666666666,601.978749996,
927453,URA,2,10.3767943333,20.7535886666,False,0.011814528346647186,124,URA,5:1,5.0,0.4,51.883971666499995,
933206,URA,2,7.8456305,15.691261,False,0.014061709378293527,69,URA,5:1,5.0,0.4,39.2281525,
947659,MSFT,1,15.56,15.56,False,0.007423312426188655,259,MSFT,30:1,30.0,0.03333333333333333,466.8,
947659,SPY,1,11.7366666666,11.7366666666,False,0.005480079490965118,259,SPY,60:1,60.0,0.016666666666666666,704.199999996,
950946,PM,1,9.0547025,9.0547025,False,0.24554337286492134,407,PM,18:1,18.0,0.05555555555555555,162.984645,
950992,EQNR,1,6.0122815001,6.0122815001,False,0.20697885340589048,170,EQNR,6:1,6.0,0.16666666666666666,36.0736890006,
950992,BB,2,2.4879365,4.975873,False,0.08978948875841328,133,BB,3:1,3.0,0.6666666666666666,7.4638095,
987777,URA,2,10.4640281667,20.9280563334,False,0.0031620821713886256,351,URA,5:1,5.0,0.4,52.320140833500005,
1014203,KO,2,18.0125445,36.025089,False,0.013761631430710542,59,KO,5:1,5.0,0.4,90.0627225,
1034437,SPY,1,10.3670611666,10.3670611666,False,0.3100632547441058,422,SPY,60:1,60.0,0.016666666666666666,622.023669996,
1059420,SAN,24,19.5196298333,468.47111599920004,False,0.011206933245966937,736,SAN,1:4,0.25,96.0,4.879907458325,
1111856,VIST,2,15.7789408333,31.5578816666,False,0.1390143058795263,754,VIST,3:1,3.0,0.6666666666666666,47.3368224999,
1138670,SPY,1,9.7278101666,9.7278101666,False,0.21193857764268118,713,SPY,60:1,60.0,0.016666666666666666,583.668609996,
1191812,FCX,2,14.278229,28.556458,False,0.017205750733569735,664,FCX,3:1,3.0,0.6666666666666666,42.834687,
1252449,GLOB,1,3.3438683333,3.3438683333,False,0.016498600565130635,250,GLOB,18:1,18.0,0.05555555555555555,60.189629999400005,
1346050,SPY,1,10.0783333333,10.0783333333,False,0.07929567246416595,468,SPY,60:1,60.0,0.016666666666666666,604.699999998,
1353300,GE,1,33.4485581666,33.4485581666,False,0.03060372761634261,423,GE,8:1,8.0,0.125,267.5884653328,
1362379,XLK,1,4.4733646667,4.4733646667,False,0.2722393400258424,10,XLK,46:1,46.0,0.021739130434782608,205.7747746682,
1386210,JPM,1,23.6,23.6,False,0.058490327475028456,13,JPM,15:1,15.0,0.06666666666666667,354.0,
1415140,UBER,3,40.5377028333,121.61310849990001,False,0.052330859572015276,56,UBER,2:1,2.0,1.5,81.0754056666,
1444848,XLE,3,22.5944856667,67.7834570001,False,0.02184877102042213,287,XLE,2:1,2.0,1.5,45.1889713334,
1472714,AVGO,1,9.2758821667,9.2758821667,False,0.006112441196236559,351,AVGO,39:1,39.0,0.02564102564102564,361.7594045013,
1472714,MSFT,1,17.1077158333,17.1077158333,False,0.01150453629032258,383,MSFT,30:1,30.0,0.03333333333333333,513.2314749989999,
1501198,KO,2,17.607962,35.215924,False,0.0553141617151075,54,KO,5:1,5.0,0.4,88.03981,
1501198,XLF,3,29.3674751667,88.1024255001,False,0.08637975771905851,28,XLF,2:1,2.0,1.5,58.7349503334,
1618554,AMD,1,31.4322746667,31.4322746667,False,0.002865114337097091,166,AMD,10:1,10.0,0.1,314.322746667,
70374,GGB,20,11.4316806,228.633612,False,0.16472352275161417,621,GGB,1:4,0.25,80.0,2.85792015,
70374,PBR,5,12.7282942,63.641471,False,0.19264665381437618,621,PBR,1:1,1.0,5.0,12.7282942,
374067,MELI,1,15.0315536,15.0315536,False,0.06470004957858205,516,MELI,120:1,120.0,0.008333333333333333,1803.786432,
267343,AMD,1,11.836075,11.836075,False,0.007440825120843662,1148,AMD,10:1,10.0,0.1,118.36075,
271996,MSFT,1,14.3046146,14.3046146,False,0.05907014660783375,851,MSFT,30:1,30.0,0.03333333333333333,429.138438,
271996,HD,1,10.0475666,10.0475666,False,0.029658001319858702,851,HD,32:1,32.0,0.03125,321.5221312,
273635,ORCL,2,55.1203756,110.2407512,False,0.0647512161349682,155,ORCL,3:1,3.0,0.6666666666666666,165.36112680000002,
274726,MSFT,1,14.7363984,14.7363984,False,0.06417916742819385,670,MSFT,30:1,30.0,0.03333333333333333,442.091952,
274726,HD,1,11.0158716,11.0158716,False,0.032223143865371374,798,HD,32:1,32.0,0.03125,352.5078912,
274726,HSY,1,8.4784588,8.4784588,False,0.028188221400553926,676,HSY,21:1,21.0,0.047619047619047616,178.0476348,
274726,KO,1,13.165559,13.165559,False,0.06331454118573296,770,KO,5:1,5.0,0.2,65.827795,
274726,MCD,1,11.3967692,11.3967692,False,0.0356254129820467,800,MCD,24:1,24.0,0.041666666666666664,273.5224608,
274726,NKE,1,7.399803,7.399803,False,0.010305220093070338,735,NKE,12:1,12.0,0.08333333333333333,88.79763600000001,
274726,PEP,1,7.0342388,7.0342388,False,0.025559195264941163,502,PEP,18:1,18.0,0.05555555555555555,126.61629839999999,
274726,PFE,2,6.8321804,13.6643608,False,0.02508119051301157,792,PFE,4:1,4.0,0.5,27.3287216,
274726,PG,1,11.1803206,11.1803206,False,0.035674619353568866,799,PG,15:1,15.0,0.06666666666666667,167.704809,
274726,SBUX,1,6.3368226,6.3368226,False,0.02879978630375796,831,SBUX,12:1,12.0,0.08333333333333333,76.0418712,
316510,NVDA,1,7.998,7.998,False,0.10040702945658674,364,NVDA,24:1,24.0,0.041666666666666664,191.952,
360883,SHOP,1,1.48,1.48,False,0.014484938638899221,4,SHOP,107:1,107.0,0.009345794392523364,158.35999999999999,
376888,USO,1,10.0837931861,10.0837931861,False,0.011219727703510343,10,USO,15:1,15.0,0.06666666666666667,151.2568977915,
388524,AMX,5,13.646575000000002,68.232875,False,0.0030348040259132623,613,AMX,1:1,1.0,5.0,13.646575000000002,
398679,VIST,2,11.872979125,23.74595825,False,0.030198093438725686,386,VIST,3:1,3.0,0.6666666666666666,35.618937375,
399757,AMAT,1,44.8704278,44.8704278,False,0.012436814555672738,350,AMAT,5:1,5.0,0.2,224.35213900000002,
399757,MU,1,85.9597134,85.9597134,False,0.02440925681064702,245,MU,5:1,5.0,0.2,429.798567,
399757,CAT,1,35.5924902,35.5924902,False,0.004880530872174812,207,CAT,20:1,20.0,0.05,711.849804,
418078,WFC,1,13.6230682,13.6230682,False,0.03283923697294455,257,WFC,5:1,5.0,0.2,68.115341,
428028,KO,1,12.1507342,12.1507342,False,0.05029595711413893,1207,KO,5:1,5.0,0.2,60.753671000000004,
464531,ORCL,2,70.4550202,140.9100404,False,0.052981288945868704,314,ORCL,3:1,3.0,0.6666666666666666,211.36506060000002,
467692,AMD,1,12.6378088,12.6378088,False,0.08949818090919218,1133,AMD,10:1,10.0,0.1,126.378088,
467692,MSFT,1,11.621565,11.621565,False,0.02480701878323339,1132,MSFT,30:1,30.0,0.03333333333333333,348.64695,
469787,INTC,1,8.0165694,8.0165694,False,0.010121055267991317,1083,INTC,5:1,5.0,0.2,40.082847,
469787,F,5,13.6775002,68.387501,False,0.005285523459676073,294,F,1:1,1.0,5.0,13.6775002,
472424,HPQ,5,18.9285616,94.64280799999999,False,0.02333681743226655,217,HPQ,1:1,1.0,5.0,18.9285616,
472424,JPM,1,8.8529884445,8.8529884445,False,0.016468775543334313,1044,JPM,15:1,15.0,0.06666666666666667,132.7948266675,
472424,QQQ,1,30.9055406,30.9055406,False,0.028098735756253577,243,QQQ,20:1,20.0,0.05,618.110812,
473456,AAPL,1,16.8740464,16.8740464,False,0.08486222839101917,26,AAPL,20:1,20.0,0.05,337.480928,
482152,NU,3,6.8635314,20.5905942,False,0.002007009343428462,146,NU,2:1,2.0,1.5,13.7270628,
482152,V,1,19.8474578333,19.8474578333,False,0.005414976016137085,348,V,18:1,18.0,0.05555555555555555,357.25424099939994,
495464,AAPL,1,17.8147804,17.8147804,False,0.02057272845751928,11,AAPL,20:1,20.0,0.05,356.295608,
495464,MCD,1,11.3539282,11.3539282,False,0.012009051810954588,34,MCD,24:1,24.0,0.041666666666666664,272.4942768,
495467,MELI,1,16.99,16.99,False,0.04297528562550791,43,MELI,120:1,120.0,0.008333333333333333,2038.7999999999997,
500071,MO,2,17.1551202,34.3102404,False,0.027767835276830622,54,MO,4:1,4.0,0.5,68.6204808,
500071,WFC,1,18.3795454,18.3795454,False,0.026668927277408334,54,WFC,5:1,5.0,0.2,91.897727,
505046,MELI,1,18.6047252,18.6047252,False,0.3281687284526465,347,MELI,120:1,120.0,0.008333333333333333,2232.567024,
508033,BBD,5,3.7430894,18.715447,False,0.0035529546998275775,25,BBD,1:1,1.0,5.0,3.7430894,
515995,KO,1,11.97343235,11.97343235,False,0.04088051741745149,1192,KO,5:1,5.0,0.2,59.867161749999994,
545099,GOOGL,1,2.2894934,2.2894934,False,0.03686635944700461,1209,GOOGL,58:1,58.0,0.017241379310344827,132.7906172,
553006,AMZN,1,2.005,2.005,False,0.8544776119402985,63,AMZN,144:1,144.0,0.006944444444444444,288.71999999999997,
553132,SMH,1,11.8186342364,11.8186342364,False,0.0836841240345355,106,SMH,50:1,50.0,0.02,590.9317118199999,
563332,INTC,1,13.6256237,13.6256237,False,0.0963251360692861,134,INTC,5:1,5.0,0.2,68.1281185,
600120,KO,1,11.9266822,11.9266822,False,0.22407702258931236,858,KO,5:1,5.0,0.2,59.633411,
600120,TSLA,1,11.8347562,11.8347562,False,0.3284157627624639,858,TSLA,15:1,15.0,0.06666666666666667,177.521343,
610243,TXN,1,38.524518,38.524518,False,0.07972490226039854,468,TXN,5:1,5.0,0.2,192.62259,
618840,BA.C,2,12.1837368,24.3674736,False,0.01805962054073968,383,BAC,4:1,4.0,0.5,48.7349472,
618840,NVDA,1,5.7488962,5.7488962,False,0.013316379786733253,646,NVDA,24:1,24.0,0.041666666666666664,137.9735088,
618840,MCD,1,12.1185232,12.1185232,False,0.012965881413864386,723,MCD,24:1,24.0,0.041666666666666664,290.8445568,
618840,QQQ,1,27.8115466,27.8115466,False,0.050481999222251786,449,QQQ,20:1,20.0,0.05,556.2309319999999,
618840,SPOT,1,12.5623198,12.5623198,False,0.022925663644364398,549,SPOT,28:1,28.0,0.03571428571428571,351.7449544,
618840,V,1,16.9418942,16.9418942,False,0.0273618985243251,554,V,18:1,18.0,0.05555555555555555,304.9540956,
636624,VZ,2,9.5861168,19.1722336,False,0.00903255540361484,853,VZ,4:1,4.0,0.5,38.3444672,
636624,JPM,1,18.0798532,18.0798532,False,0.017532981410339987,607,JPM,15:1,15.0,0.06666666666666667,271.197798,
645265,LIN,1,4.825,4.825,False,0.0038682718636512538,28,LIN,102:1,102.0,0.00980392156862745,492.15000000000003,
648568,LLY,1,16.643175,16.643175,False,0.023543241270254357,746,LLY,56:1,56.0,0.017857142857142856,932.0178,
648787,KO,1,10.6396988,10.6396988,False,0.006519201135486037,1092,KO,5:1,5.0,0.2,53.198494,
648793,FXI,1,6.0358816,6.0358816,False,0.001913358479089104,547,FXI,5:1,5.0,0.2,30.179408,
661179,JNJ,1,18.5471808,18.5471808,False,0.0466966576198089,39,JNJ,15:1,15.0,0.06666666666666667,278.207712,
688145,MSFT,1,11.0231088,11.0231088,False,0.08916450998583915,1091,MSFT,30:1,30.0,0.03333333333333333,330.693264,
700596,AEM,1,24.5824024,24.5824024,False,0.00604857191126236,360,AEM,6:1,6.0,0.16666666666666666,147.49441439999998,
700596,DIA,1,18.171456,18.171456,False,0.005062194077035957,854,DIA,20:1,20.0,0.05,363.42912,
706938,AAPL,1,17.2017832,17.2017832,False,0.0646713545080746,5,AAPL,20:1,20.0,0.05,344.035664,
708357,EWZ,3,18.6041744,55.8125232,False,0.0024690895135926743,208,EWZ,2:1,2.0,1.5,37.2083488,
711853,RGTI,3,14.280769,42.842307,False,0.06332873149902077,306,RGTI,2:1,2.0,1.5,28.561538,
721251,NOW,1,0.641092,0.641092,False,0.000489524414585694,93,NOW,172:1,172.0,0.005813953488372093,110.267824,
721251,IBM,1,16.1486879715,16.1486879715,False,0.009093538277727468,181,IBM,15:1,15.0,0.06666666666666667,242.23031957249998,
721251,JNJ,1,9.8116746,9.8116746,False,0.010421062113892062,809,JNJ,15:1,15.0,0.06666666666666667,147.175119,
741270,MRSH,1,12.7389176,12.7389176,False,0.006786531082727961,370,MRSH,16:1,16.0,0.0625,203.8226816,
741270,AMZN,1,1.6,1.6,False,0.0011196798400177977,102,AMZN,144:1,144.0,0.006944444444444444,230.4,
743657,META,1,20.707139,20.707139,False,0.02378644715393183,812,META,24:1,24.0,0.041666666666666664,496.97133600000006,
754241,AAL,3,6.089915,18.269745,False,0.8836286696641099,166,AAL,2:1,2.0,1.5,12.17983,Comitente no está en hoja 1
757027,SPY,1,13.408656,13.408656,False,0.1290717937915318,20,SPY,60:1,60.0,0.016666666666666666,804.51936,
770109,GM,1,7.0193102,7.0193102,False,0.9364038023831838,540,GM,6:1,6.0,0.16666666666666666,42.1158612,
781697,GE,1,28.37104,28.37104,False,0.02896772619828903,504,GE,8:1,8.0,0.125,226.96832,
789428,NVDA,1,7.9320694,7.9320694,False,0.03782153756721406,266,NVDA,24:1,24.0,0.041666666666666664,190.3696656,
789428,AAPL,1,14.3539772,14.3539772,False,0.06308676064525505,188,AAPL,20:1,20.0,0.05,287.079544,
809251,MELI,1,16.67,16.67,False,0.009367348002014482,62,MELI,120:1,120.0,0.008333333333333333,2000.4,
818112,AAL,3,5.9086198,17.7258594,False,0.0032219365564914158,855,AAL,2:1,2.0,1.5,11.8172396,
818205,MSFT,1,15.3153008,15.3153008,False,0.013646887896720113,440,MSFT,30:1,30.0,0.03333333333333333,459.459024,
821380,GOOGL,1,2.7481358,2.7481358,False,0.0886968387536957,970,GOOGL,58:1,58.0,0.017241379310344827,159.3918764,
824221,MSFT,1,13.0070758,13.0070758,False,0.12520398787729187,993,MSFT,30:1,30.0,0.03333333333333333,390.21227400000004,
827639,AAPL,1,9.7346548,9.7346548,False,0.015623762803855372,977,AAPL,20:1,20.0,0.05,194.693096,
841472,TSM,1,47.000046,47.000046,False,0.009531267222381132,67,TSM,9:1,9.0,0.1111111111111111,423.000414,
843899,KEEL,25,12.9665484,324.16371000000004,False,0.014019800372779015,816,KEEL,1:5,0.2,125.0,2.5933096800000004,
849516,NXE,5,7.340957999999999,36.704789999999996,False,0.04450391894475244,407,NXE,1:1,1.0,5.0,7.340957999999999,
849516,ARKK,1,7.273157,7.273157,False,0.04624354807876123,453,ARKK,10:1,10.0,0.1,72.73157,
849516,VIG,1,5.7337742,5.7337742,False,0.030242783406614415,343,VIG,39:1,39.0,0.02564102564102564,223.6171938,
874840,NVDA,1,9.53,9.53,False,0.9624630177514792,25,NVDA,24:1,24.0,0.041666666666666664,228.71999999999997,
878696,SATL,5,3.6236767999999997,18.118384,False,0.04705523654657249,483,SATL,1:1,1.0,5.0,3.6236767999999997,
905029,AMZN,1,1.874,1.874,False,0.011522882230105416,146,AMZN,144:1,144.0,0.006944444444444444,269.856,
906314,IBM,1,16.3069116,16.3069116,False,0.012802456362847511,603,IBM,15:1,15.0,0.06666666666666667,244.60367399999998,
919762,AMZN,1,1.3564102,1.3564102,False,0.2992486115648481,566,AMZN,144:1,144.0,0.006944444444444444,195.3230688,Comitente no está en hoja 1
926851,XME,1,4.2898332,4.2898332,False,0.051779222209981275,141,XME,30:1,30.0,0.03333333333333333,128.694996,
947659,MELI,1,18.7,18.7,False,0.005482112161399453,249,MELI,120:1,120.0,0.008333333333333333,2244.0,
947659,JNJ,1,15.318,15.318,False,0.005957079486222221,252,JNJ,15:1,15.0,0.06666666666666667,229.76999999999998,
947659,V,1,18.708,18.708,False,0.007246470098401576,258,V,18:1,18.0,0.05555555555555555,336.74399999999997,
957623,MA,1,13.911987,13.911987,False,0.0017834606709161494,833,MA,33:1,33.0,0.030303030303030304,459.095571,
1021477,AAPL,1,17.132,17.132,False,0.06991407703271837,81,AAPL,20:1,20.0,0.05,342.64000000000004,
1029621,SPY,1,13.0778544,13.0778544,False,0.7167925130277571,75,SPY,60:1,60.0,0.016666666666666666,784.671264,
1029759,PFE,2,5.53,11.06,False,0.012241061074935328,509,PFE,4:1,4.0,0.5,22.12,
1070809,PBR,5,18.0006615333,90.0033076665,False,0.007635143124823766,96,PBR,1:1,1.0,5.0,18.0006615333,
1083539,GOOGL,1,6.0968150952,6.0968150952,False,0.015654241948351036,25,GOOGL,58:1,58.0,0.017241379310344827,353.6152755216,
1083539,AMZN,1,1.8005983069,1.8005983069,False,0.0045959248797081895,29,AMZN,144:1,144.0,0.006944444444444444,259.2861561936,
1099551,GLD,1,4.9914664,4.9914664,False,0.012479575870721165,637,GLD,50:1,50.0,0.02,249.57332000000002,
1150296,BRKB,1,23.668722,23.668722,False,0.010863149343142597,116,BRK/B,22:1,22.0,0.045454545454545456,520.7118839999999,
1150296,B,3,20.3338672,61.0016016,False,0.009491315192723204,147,B,2:1,2.0,1.5,40.6677344,
1157596,META,1,26.1825614,26.1825614,False,0.07780313741006849,107,META,24:1,24.0,0.041666666666666664,628.3814736,
1158487,MSFT,1,17.42373,17.42373,False,0.1112980300370587,21,MSFT,30:1,30.0,0.03333333333333333,522.7119,
1183147,LLY,1,14.7259988,14.7259988,False,0.26148834019204387,697,LLY,56:1,56.0,0.017857142857142856,824.6559328,
1191812,BNG,1,16.4570124,16.4570124,False,0.012683109202759807,664,BG,5:1,5.0,0.2,82.285062,
1267841,BRKB,1,22.080471,22.080471,False,0.12660220848523274,595,BRK/B,22:1,22.0,0.045454545454545456,485.770362,
1290242,IBIT,1,4.7865662,4.7865662,False,0.05462311774604133,18,IBIT,10:1,10.0,0.1,47.865662,
1295402,GGB,20,11.1588978,223.177956,False,0.08518550754452735,607,GGB,1:4,0.25,80.0,2.78972445,
1327106,UAL,1,13.525046,13.525046,False,0.40921727972626176,553,UAL,5:1,5.0,0.2,67.62523,
1345152,AMD,1,20.86,20.86,False,0.0922604209264415,244,AMD,10:1,10.0,0.1,208.6,
1401326,GPRK,5,7.95,39.75,False,0.008840032200390143,326,GPRK,1:1,1.0,5.0,7.95,
1401326,KO,1,14.148,14.148,False,0.013578132678873468,503,KO,5:1,5.0,0.2,70.74,
1434447,ORCL,2,65.194,130.388,False,0.11957415106582393,112,ORCL,3:1,3.0,0.6666666666666666,195.582,
1435405,TM,1,11.264,11.264,False,0.012273643008163899,442,TM,15:1,15.0,0.06666666666666667,168.95999999999998,
1435405,JNJ,1,10.8775024,10.8775024,False,0.016853017230638295,442,JNJ,15:1,15.0,0.06666666666666667,163.162536,
1435405,KO,1,13.9836778,13.9836778,False,0.017265141742079063,442,KO,5:1,5.0,0.2,69.918389,
1471746,QQQ,1,31.0285206,31.0285206,False,0.06305462795788262,293,QQQ,20:1,20.0,0.05,620.570412,
1501198,MELI,1,13.986652,13.986652,False,0.04140885292717753,185,MELI,120:1,120.0,0.008333333333333333,1678.39824,
1501405,SMH,1,11.77,11.77,False,0.6388728044779001,138,SMH,50:1,50.0,0.02,588.5,
1550233,GE,1,35.7125142,35.7125142,False,0.0018473071177018243,166,GE,8:1,8.0,0.125,285.7001136,
1618554,GOOGL,1,6.0753484,6.0753484,False,0.00022615890127366604,166,GOOGL,58:1,58.0,0.017241379310344827,352.37020720000004,
1618554,CVS,1,5.1956272,5.1956272,False,0.00021956259998651744,166,CVS,15:1,15.0,0.06666666666666667,77.93440799999999,
1641377,CVX,1,12.1533756,12.1533756,False,0.022565197109882845,124,CVX,16:1,16.0,0.0625,194.4540096,
270166,QQQ,1,25.04700575,25.04700575,False,0.012728612689264136,839,QQQ,20:1,20.0,0.05,500.940115,
270217,JMIA,4,3.09664125,12.386565,False,0.10555225653206651,986,JMIA,1:1,1.0,4.0,3.09664125,
271380,GOOGL,1,2.44878575,2.44878575,False,0.19918601867368926,1093,GOOGL,58:1,58.0,0.017241379310344827,142.0295735,
272027,GOOGL,1,4.12567475,4.12567475,False,0.09533995416348358,318,GOOGL,58:1,58.0,0.017241379310344827,239.2891355,
292005,AMZN,1,1.3244465,1.3244465,False,0.001653800012200164,728,AMZN,144:1,144.0,0.006944444444444444,190.72029600000002,
316510,KO,1,13.2225,13.2225,False,0.13898802060224927,361,KO,5:1,5.0,0.2,66.1125,
376888,BHP,2,49.29376325,98.5875265,False,0.040716645249836855,38,BHP,2:1,2.0,1.0,98.5875265,
378821,BA,1,9.47,9.47,False,0.0018518077421406187,141,BA,24:1,24.0,0.041666666666666664,227.28000000000003,
380275,SPY,1,10.4391841546,10.4391841546,False,0.01390296288847462,365,SPY,60:1,60.0,0.016666666666666666,626.3510492759999,
388524,FDX,1,16.8784005,16.8784005,False,0.003156814092005539,665,FDX,10:1,10.0,0.1,168.784005,
392782,EWZ,2,12.113431,24.226862,False,0.6048899094961502,601,EWZ,2:1,2.0,1.0,24.226862,
404591,GOOGL,1,3.01968925,3.01968925,False,0.08113115553388592,480,GOOGL,58:1,58.0,0.017241379310344827,175.1419765,
418078,OGZD,2,4.99777325,9.9955465,False,0.0003479551833723817,1783,OGZD,2:1,2.0,1.0,9.9955465,
418078,PAAS,2,16.71180375,33.4236075,False,0.02441098919792464,294,PAAS,3:1,3.0,0.6666666666666666,50.135411250000004,
418078,MSFT,1,14.436314,14.436314,False,0.02823849621502084,866,MSFT,30:1,30.0,0.03333333333333333,433.08941999999996,
418078,SPY,1,13.054471,13.054471,False,0.0208463816527098,64,SPY,60:1,60.0,0.016666666666666666,783.2682599999999,
428028,MSFT,1,14.41274475,14.41274475,False,0.04078624078624079,972,MSFT,30:1,30.0,0.03333333333333333,432.3823425,
429602,AI,1,4.8527245,4.8527245,False,0.0002727179822167849,432,AI,5:1,5.0,0.2,24.2636225,
433569,AMZN,1,1.58181125,1.58181125,False,0.022645011600928074,554,AMZN,144:1,144.0,0.006944444444444444,227.78081999999998,
433569,KO,1,14.3504585,14.3504585,False,0.22289249806651198,290,KO,5:1,5.0,0.2,71.7522925,
442120,JNJ,1,10.36255875,10.36255875,False,0.023602759583378076,1078,JNJ,15:1,15.0,0.06666666666666667,155.43838125,
449572,QCOM,1,14.10839875,14.10839875,False,0.021804018405493644,402,QCOM,11:1,11.0,0.09090909090909091,155.19238625,
449572,TSM,1,26.14622,26.14622,False,0.07176360523652842,402,TSM,9:1,9.0,0.1111111111111111,235.31598,
467692,INTC,1,7.915223,7.915223,False,0.026353042188234463,1131,INTC,5:1,5.0,0.2,39.576115,
469787,GE,1,23.8858405,23.8858405,False,0.013325262982133913,732,GE,8:1,8.0,0.125,191.086724,
469787,CVX,1,8.63696,8.63696,False,0.004490733010519285,988,CVX,16:1,16.0,0.0625,138.19136,
469787,GS,1,44.3655025,44.3655025,False,0.024016530305560196,672,GS,13:1,13.0,0.07692307692307693,576.7515324999999,
472424,PFE,1,7.0305009167,7.0305009167,False,0.004065573210222175,748,PFE,4:1,4.0,0.25,28.1220036668,
477211,META,1,23.76859925,23.76859925,False,0.03551115246752818,48,META,24:1,24.0,0.041666666666666664,570.4463820000001,
477211,BMY,2,22.44779725,44.8955945,False,0.022467362996162296,54,BMY,3:1,3.0,0.6666666666666666,67.34339175,
482152,URA,1,10.0522405333,10.0522405333,False,0.0016976544723803315,348,URA,5:1,5.0,0.2,50.2612026665,
484220,MSFT,1,17.19624525,17.19624525,False,0.05955302616452095,53,MSFT,30:1,30.0,0.03333333333333333,515.8873575,
485240,ETHA,1,6.62722375,6.62722375,False,0.012659452540077103,377,ETHA,5:1,5.0,0.2,33.13611875,
491856,MGLU3,4,1.2079855,4.831942,False,0.8832199546485261,20,MGLU3,1:1,1.0,4.0,1.2079855,
494507,JD,1,8.70358525,8.70358525,False,0.19817029246506268,364,JD,4:1,4.0,0.25,34.814341,
494774,MELI,1,17.15126875,17.15126875,False,0.19881442349038642,315,MELI,120:1,120.0,0.008333333333333333,2058.15225,
504606,PM,1,11.24,11.24,False,0.005981211638157133,22,PM,18:1,18.0,0.05555555555555555,202.32,
513722,MO,1,18.98680325,18.98680325,False,0.005641194513968236,74,MO,4:1,4.0,0.25,75.947213,
515995,JNJ,1,11.12058975,11.12058975,False,0.03192556450697833,1131,JNJ,15:1,15.0,0.06666666666666667,166.80884625000002,
520303,WMT,1,6.72132775,6.72132775,False,0.5695550351288056,256,WMT,18:1,18.0,0.05555555555555555,120.9838995,
533370,META,1,28.5662155,28.5662155,False,0.017852150589720242,368,META,24:1,24.0,0.041666666666666664,685.589172,
533370,TSM,1,29.340941,29.340941,False,0.031211853639768264,362,TSM,9:1,9.0,0.1111111111111111,264.068469,
545179,BHP,2,38.5262365,77.052473,False,0.011576261395501861,216,BHP,2:1,2.0,1.0,77.052473,
554511,PBR,4,20.379081,81.516324,False,0.01684591829737988,191,PBR,1:1,1.0,4.0,20.379081,
558609,BRKB,1,17.1860865,17.1860865,False,0.04378511717144032,989,BRK/B,22:1,22.0,0.045454545454545456,378.09390299999995,
566660,MELI,1,10.68601025,10.68601025,False,0.12850393075518146,1189,MELI,120:1,120.0,0.008333333333333333,1282.32123,
566660,UGP,4,6.359442,25.437768,False,0.06430159612483126,81,UGP,1:1,1.0,4.0,6.359442,
618840,META,1,21.77044975,21.77044975,False,0.03300057307763156,538,META,24:1,24.0,0.041666666666666664,522.490794,
618840,MSFT,1,12.7691755,12.7691755,False,0.018686424200249702,655,MSFT,30:1,30.0,0.03333333333333333,383.075265,
618840,SBUX,1,6.29731975,6.29731975,False,0.00838637712601568,696,SBUX,12:1,12.0,0.08333333333333333,75.567837,
636624,NVDA,1,5.6849345,5.6849345,False,0.0063127829306230615,840,NVDA,24:1,24.0,0.041666666666666664,136.438428,
640159,AAPL,1,9.40882175,9.40882175,False,0.00591609132550767,1113,AAPL,20:1,20.0,0.05,188.176435,
645265,KLAC,1,5.96,5.96,False,0.003963881500475697,28,KLAC,34:1,34.0,0.029411764705882353,202.64,
645265,LLY,1,22.23,22.23,False,0.013385349155422086,8,LLY,56:1,56.0,0.017857142857142856,1244.88,
645265,UBER,2,38.59,77.18,False,0.022767632532981405,154,UBER,2:1,2.0,1.0,77.18,
648568,GE,1,23.3717765,23.3717765,False,0.035201280928761576,746,GE,8:1,8.0,0.125,186.974212,
648568,COST,1,18.78301025,18.78301025,False,0.017654674132869894,746,COST,48:1,48.0,0.020833333333333332,901.584492,
648787,AXP,1,22.04526275,22.04526275,False,0.006121115132986057,159,AXP,15:1,15.0,0.06666666666666667,330.67894125,
648793,AVGO,1,10.58,10.58,False,0.0021077900247927378,169,AVGO,39:1,39.0,0.02564102564102564,412.62,
650611,MSFT,1,12.88495675,12.88495675,False,0.042467585324728184,195,MSFT,30:1,30.0,0.03333333333333333,386.5487025,
650633,AAPL,1,15.85,15.85,False,0.003955855702958862,127,AAPL,20:1,20.0,0.05,317.0,
661098,MELI,1,13.82842425,13.82842425,False,0.00319960693226749,949,MELI,120:1,120.0,0.008333333333333333,1659.4109099999998,
661179,RIO,1,13.48289575,13.48289575,False,0.02657226775158143,29,RIO,8:1,8.0,0.125,107.863166,
661179,CSCO,1,23.0503015,23.0503015,False,0.049909974027905396,42,CSCO,5:1,5.0,0.2,115.2515075,
681044,MSFT,1,11.71640075,11.71640075,False,0.005918780458948591,1029,MSFT,30:1,30.0,0.03333333333333333,351.4920225,
681044,QCOM,1,11.33998075,11.33998075,False,0.005552503245443009,1029,QCOM,11:1,11.0,0.09090909090909091,124.73978825,
681044,AAPL,1,11.9425,11.9425,False,0.00562867594028709,634,AAPL,20:1,20.0,0.05,238.85000000000002,
693074,BRKB,1,19.14722875,19.14722875,False,0.005341933930559875,859,BRK/B,22:1,22.0,0.045454545454545456,421.2390325,
700245,GFI,4,11.208806,44.835224,False,0.016654647351050583,1090,GFI,1:1,1.0,4.0,11.208806,
700245,XLE,2,21.1518875,42.303775,False,0.01471409447739384,578,XLE,2:1,2.0,1.0,42.303775,
700596,BABA,1,14.88988175,14.88988175,False,0.0019462401352746746,219,BABA,9:1,9.0,0.1111111111111111,134.00893575,
700596,FXI,1,8.11750425,8.11750425,False,0.0010674396070852535,374,FXI,5:1,5.0,0.2,40.587521249999995,
700596,IBN,4,32.53673,130.14692,False,0.004384154014338085,424,IBN,1:1,1.0,4.0,32.53673,
700596,CVX,1,10.52980425,10.52980425,False,0.0020375293280736617,1085,CVX,16:1,16.0,0.0625,168.476868,
700596,IVE,1,4.88916075,4.88916075,False,0.0009117555479965242,614,IVE,40:1,40.0,0.025,195.56643000000003,
712984,VIST,2,14.925,29.85,False,0.12136985223741656,930,VIST,3:1,3.0,0.6666666666666666,44.775000000000006,
721251,HMY,4,15.638436,62.553744,False,0.00858386394777142,177,HMY,1:1,1.0,4.0,15.638436,
721251,HD,1,8.7543675,8.7543675,False,0.004347640563439045,1064,HD,32:1,32.0,0.03125,280.13976,
741270,SPY,1,12.61,12.61,False,0.006590953818096031,97,SPY,60:1,60.0,0.016666666666666666,756.5999999999999,
757027,NEE,1,4.28900825,4.28900825,False,0.032191347976790054,18,NEE,19:1,19.0,0.05263157894736842,81.49115675,
771491,MU,1,224.04417775,224.04417775,False,0.012083558608554966,14,MU,5:1,5.0,0.2,1120.2208887499999,
789428,MELI,1,16.361595,16.361595,False,0.0470353146345008,215,MELI,120:1,120.0,0.008333333333333333,1963.3914000000002,
790353,GLD,1,6.1599205,6.1599205,False,0.045075908341388526,529,GLD,50:1,50.0,0.02,307.99602500000003,
790559,XLE,2,20.785,41.57,False,0.058265582655826556,999,XLE,2:1,2.0,1.0,41.57,
790605,AMZN,1,1.948907,1.948907,False,0.03330148764842364,62,AMZN,144:1,144.0,0.006944444444444444,280.642608,
809251,VIST,2,23.87686725,47.7537345,False,0.010717283457501923,52,VIST,3:1,3.0,0.6666666666666666,71.63060175,
809251,JPM,1,24.70081725,24.70081725,False,0.010711494711980966,68,JPM,15:1,15.0,0.06666666666666667,370.51225875,
809251,MCD,1,11.700865,11.700865,False,0.004694672617497062,95,MCD,24:1,24.0,0.041666666666666664,280.82076,
823000,AAPL,1,9.942315,9.942315,False,0.10629897159647403,992,AAPL,20:1,20.0,0.05,198.8463,
824221,AAPL,1,9.04788425,9.04788425,False,0.09525376777608643,993,AAPL,20:1,20.0,0.05,180.95768499999997,
829702,TSM,1,13.3279025,13.3279025,False,0.1346830302487384,985,TSM,9:1,9.0,0.1111111111111111,119.9511225,
832563,XLF,2,26.72174825,53.4434965,False,0.1304292387763855,236,XLF,2:1,2.0,1.0,53.4434965,
848394,HMY,4,21.035,84.14,False,0.05232772386684682,47,HMY,1:1,1.0,4.0,21.035,
849516,AAL,2,6.477286,12.954572,False,0.025549608105524757,453,AAL,2:1,2.0,1.0,12.954572,
880772,IBM,1,12.68566725,12.68566725,False,0.11820440233404587,911,IBM,15:1,15.0,0.06666666666666667,190.28500875,
902276,SPY,1,12.4339395,12.4339395,False,0.7362097214636811,133,SPY,60:1,60.0,0.016666666666666666,746.0363699999999,
905029,ASML,1,12.59,12.59,False,0.06688555111077565,27,ASML,146:1,146.0,0.00684931506849315,1838.1399999999999,
905029,NVDA,1,9.8675,9.8675,False,0.05238131179711676,27,NVDA,24:1,24.0,0.041666666666666664,236.82,
905034,META,1,28.745049,28.745049,False,0.058273963072224655,465,META,24:1,24.0,0.041666666666666664,689.8811760000001,
905034,PLTR,2,45.566333136,91.132666272,False,0.1191049509602396,402,PLTR,3:1,3.0,0.6666666666666666,136.698999408,
905034,IBM,1,15.484685394,15.484685394,False,0.027729714345089924,312,IBM,15:1,15.0,0.06666666666666667,232.27028091,
926851,EWY,1,3.7364095,3.7364095,False,0.04403988101795748,143,EWY,50:1,50.0,0.02,186.82047500000002,
927453,MSFT,1,14.899219,14.899219,False,0.017155728636960448,124,MSFT,30:1,30.0,0.03333333333333333,446.97657000000004,
947659,ASML,1,6.8970309,6.8970309,False,0.003602569566451723,354,ASML,146:1,146.0,0.00684931506849315,1006.9665114,
950992,SPCX,1,2.90663375,2.90663375,False,0.06773593011599599,55,SPCX,50:1,50.0,0.02,145.33168750000002,
957623,PCAR,2,33.1466615,66.293323,False,0.003052896846541853,807,PCAR,3:1,3.0,0.6666666666666666,99.43998450000001,
1099551,BA.C,1,10.1402805,10.1402805,False,0.0177780436281439,518,BAC,4:1,4.0,0.25,40.561122,
1099551,MSFT,1,13.3041425,13.3041425,False,0.022994657457050302,117,MSFT,30:1,30.0,0.03333333333333333,399.12427499999995,
1138670,JNJ,1,16.63978725,16.63978725,False,0.1843194801111053,115,JNJ,15:1,15.0,0.06666666666666667,249.59680875,
1150296,FXI,1,7.55305225,7.55305225,False,0.0025550751063330135,220,FXI,5:1,5.0,0.2,37.76526125,
1150296,EWZ,2,18.67672175,37.3534435,False,0.00812038774035432,198,EWZ,2:1,2.0,1.0,37.3534435,
1150296,IEUR,1,6.7294245,6.7294245,False,0.002524247372615724,222,IEUR,11:1,11.0,0.09090909090909091,74.02366950000001,
1150296,NVDA,1,9.2830965,9.2830965,False,0.0037754906823174836,53,NVDA,24:1,24.0,0.041666666666666664,222.79431599999998,
1150296,MCD,1,11.610347,11.610347,False,0.0036766605948120546,54,MCD,24:1,24.0,0.041666666666666664,278.648328,
1150296,MRK,1,28.02789525,28.02789525,False,0.010569379174777835,116,MRK,5:1,5.0,0.2,140.13947625,
1150296,V,1,18.90088675,18.90088675,False,0.0077577085201509105,160,V,18:1,18.0,0.05555555555555555,340.21596150000005,
1150296,XOM,1,14.264279,14.264279,False,0.006193654383023711,116,XOM,10:1,10.0,0.1,142.64279,
1200812,EWZ,2,12.35561625,24.7112325,False,0.062282245109425094,560,EWZ,2:1,2.0,1.0,24.7112325,
1252295,AAPL,1,11.79924375,11.79924375,False,0.28262196362452696,602,AAPL,20:1,20.0,0.05,235.98487500000002,
1252449,ORCL,2,55.86707575,111.7341515,False,0.26653542779853495,128,ORCL,3:1,3.0,0.6666666666666666,167.60122725,
1260804,BRKB,1,23.9933235,23.9933235,False,0.05988005247704129,560,BRK/B,22:1,22.0,0.045454545454545456,527.853117,
1267841,TSLA,1,18.00300725,18.00300725,False,0.11159718920061287,580,TSLA,15:1,15.0,0.06666666666666667,270.04510875,
1298819,GOOGL,1,5.82764825,5.82764825,False,0.422192151556157,250,GOOGL,58:1,58.0,0.017241379310344827,338.0035985,
1353300,ABBV,1,18.198735,18.198735,False,0.014189791173211067,495,ABBV,10:1,10.0,0.1,181.98735,
1361007,GOOGL,1,6.0600845,6.0600845,False,0.12826310380267217,102,GOOGL,58:1,58.0,0.017241379310344827,351.48490100000004,
1400643,SPY,1,12.230657,12.230657,False,0.07456577054983958,214,SPY,60:1,60.0,0.016666666666666666,733.83942,
1435405,PEP,1,7.70159475,7.70159475,False,0.00557614048270323,442,PEP,18:1,18.0,0.05555555555555555,138.6287055,
1444848,KO,1,14.38290775,14.38290775,False,0.007949722007986134,308,KO,5:1,5.0,0.2,71.91453874999999,
1446653,META,1,26.30051175,26.30051175,False,0.03070868766129263,298,META,24:1,24.0,0.041666666666666664,631.212282,
1446653,MSFT,1,16.99265275,16.99265275,False,0.017388654521907233,327,MSFT,30:1,30.0,0.03333333333333333,509.77958250000006,
1472714,FSLR,1,14.900054,14.900054,False,0.0042926747311827955,336,FSLR,18:1,18.0,0.05555555555555555,268.20097200000004,
1501198,LLY,1,21.6206515,21.6206515,False,0.043706785811160075,53,LLY,56:1,56.0,0.017857142857142856,1210.756484,
1543140,ING,2,11.3225585,22.645117,False,0.18516814295026648,83,ING,3:1,3.0,0.6666666666666666,33.9676755,
1546139,XLE,2,28.18984975,56.3796995,False,0.005078004941447729,222,XLE,2:1,2.0,1.0,56.3796995,
1550233,QQQ,1,33.92668275,33.92668275,False,0.001461660576414265,166,QQQ,20:1,20.0,0.05,678.533655,
1582483,SPY,1,13.00105375,13.00105375,False,0.2962800153854607,105,SPY,60:1,60.0,0.016666666666666666,780.063225,
1618554,GE,1,35.713014,35.713014,False,0.0011569622510349308,166,GE,8:1,8.0,0.125,285.704112,
1618554,QQQ,1,33.92668275,33.92668275,False,0.0011442770562519527,166,QQQ,20:1,20.0,0.05,678.533655,
1618554,XLF,2,26.97199075,53.9439815,False,0.0008156217811318237,166,XLF,2:1,2.0,1.0,53.9439815,
1641377,BABA,1,14.45687225,14.45687225,False,0.01724271010567788,124,BABA,9:1,9.0,0.1111111111111111,130.11185025,
263939,MO,1,12.9845923334,12.9845923334,False,0.006329015800476793,546,MO,4:1,4.0,0.25,51.9383693336,
270217,GOOGL,1,2.5196736668,2.5196736668,False,0.06947743467933491,998,GOOGL,58:1,58.0,0.017241379310344827,146.14107267440002,
270641,GLD,1,6.1670466667,6.1670466667,False,0.005626574270070835,453,GLD,50:1,50.0,0.02,308.352333335,
271919,MU,1,208.44701,208.44701,False,0.026756162127562395,126,MU,5:1,5.0,0.2,1042.23505,
272910,AMD,1,48.508411,48.508411,False,0.16397427919518773,46,AMD,10:1,10.0,0.1,485.08411,
274366,AZN,2,32.9489113334,65.8978226668,False,0.005574311276302817,979,AZN,2:1,2.0,1.0,65.8978226668,
274366,SHEL,2,29.370085,58.74017,False,0.0068665627655272385,979,SHEL,2:1,2.0,1.0,58.74017,
281798,KO,1,11.7347716667,11.7347716667,False,0.034479238445244115,902,KO,5:1,5.0,0.2,58.6738583335,
292005,NVDA,1,6.1737969999,6.1737969999,False,0.007055761527460536,578,NVDA,24:1,24.0,0.041666666666666664,148.17112799760002,
316998,SHEL,2,32.9992876666,65.9985753332,False,0.006469191928921081,468,SHEL,2:1,2.0,1.0,65.9985753332,
363128,SPY,1,9.13,9.13,False,0.06070431414932901,825,SPY,60:1,60.0,0.016666666666666666,547.8000000000001,
376888,PLTR,1,62.3,62.3,False,0.044342929418650805,33,PLTR,3:1,3.0,0.3333333333333333,186.89999999999998,
376888,QCOM,1,17.9860293333,17.9860293333,False,0.011524721300887398,8,QCOM,11:1,11.0,0.09090909090909091,197.84632266629998,
378821,F,3,8.7218340476,26.1655021428,False,0.002104402516420045,641,F,1:1,1.0,3.0,8.7218340476,
380275,VIST,1,14.8946994211,14.8946994211,False,0.01790212747304883,694,VIST,3:1,3.0,0.3333333333333333,44.6840982633,
380743,BRKB,1,21.6284533333,21.6284533333,False,0.09290902980637489,697,BRK/B,22:1,22.0,0.045454545454545456,475.82597333260003,
384450,AAPL,1,13.1484203333,13.1484203333,False,0.22319821749935728,350,AAPL,20:1,20.0,0.05,262.968406666,
388524,GLOB,1,11.8882356667,11.8882356667,False,0.0001612836925168294,1069,GLOB,18:1,18.0,0.05555555555555555,213.9882420006,
388524,SHOP,1,0.5948601795,0.5948601795,False,0.00012227189026844048,912,SHOP,107:1,107.0,0.009345794392523364,63.650039206500004,
388524,AXP,1,20.7122653334,20.7122653334,False,0.0016607507494062483,620,AXP,15:1,15.0,0.06666666666666667,310.683980001,
389598,GOOGL,1,2.5189703334,2.5189703334,False,0.021913190054782976,1001,GOOGL,58:1,58.0,0.017241379310344827,146.1002793372,
398679,SMH,1,8.510757,8.510757,False,0.010365263319963569,237,SMH,50:1,50.0,0.02,425.53785,
404591,MSFT,1,13.8008,13.8008,False,0.17805948317893713,235,MSFT,30:1,30.0,0.03333333333333333,414.024,
404917,JPM,1,7.9827223334,7.9827223334,False,0.0015427751588075699,1587,JPM,15:1,15.0,0.06666666666666667,119.740835001,
418078,BRKB,1,18.8922123333,18.8922123333,False,0.02779002064534088,866,BRK/B,22:1,22.0,0.045454545454545456,415.62867133260005,
431061,JPM,1,10.1300000001,10.1300000001,False,0.44110355349310276,1119,JPM,15:1,15.0,0.06666666666666667,151.9500000015,
433569,NVDA,1,6.6697249999,6.6697249999,False,0.09661252900232019,487,NVDA,24:1,24.0,0.041666666666666664,160.0733999976,
433569,CVX,1,9.5948350001,9.5948350001,False,0.12479505027068834,458,CVX,16:1,16.0,0.0625,153.5173600016,
433569,PEP,1,7.8107743333,7.8107743333,False,0.06750193348801238,323,PEP,18:1,18.0,0.05555555555555555,140.5939379994,
433569,SPY,1,9.960887,9.960887,False,0.1251044083526682,628,SPY,60:1,60.0,0.016666666666666666,597.6532199999999,
442120,GLW,1,15.0169826667,15.0169826667,False,0.04170581445291528,460,GLW,4:1,4.0,0.25,60.0679306668,
442120,META,1,16.775166889,16.775166889,False,0.03246134435734994,896,META,24:1,24.0,0.041666666666666664,402.604005336,
442120,IBM,1,11.8559336668,11.8559336668,False,0.015445479437345647,929,IBM,15:1,15.0,0.06666666666666667,177.839005002,
442120,WMT,1,4.690865,4.690865,False,0.006120476752926017,608,WMT,18:1,18.0,0.05555555555555555,84.43557,
448685,NKE,1,9.8651720001,9.8651720001,False,0.000521268958196599,1208,NKE,12:1,12.0,0.08333333333333333,118.38206400119999,
449572,XLE,2,23.9078130001,47.8156260002,False,0.03150636109643792,320,XLE,2:1,2.0,1.0,47.8156260002,
452514,NVDA,1,5.0689436666,5.0689436666,False,0.36212894248608535,831,NVDA,24:1,24.0,0.041666666666666664,121.65464799840001,
463388,IBM,1,9.7174850001,9.7174850001,False,0.5641622747885771,1111,IBM,15:1,15.0,0.06666666666666667,145.7622750015,
467692,BRKB,1,23.35,23.35,False,0.019530432750698972,364,BRK/B,22:1,22.0,0.045454545454545456,513.7,
469787,CSCO,1,10.4461856667,10.4461856667,False,0.005884120888295208,988,CSCO,5:1,5.0,0.2,52.2309283335,
482152,VIST,1,16.1223762,16.1223762,False,0.0035153042057073196,460,VIST,3:1,3.0,0.3333333333333333,48.3671286,
482152,ASML,1,6.9695243333,6.9695243333,False,0.0020191607622585036,303,ASML,146:1,146.0,0.00684931506849315,1017.5505526618,
484220,AVGO,1,7.498158,7.498158,False,0.023726630084714668,413,AVGO,39:1,39.0,0.02564102564102564,292.428162,
484220,TSM,1,41.520328,41.520328,False,0.13790797981198072,119,TSM,9:1,9.0,0.1111111111111111,373.682952,
485240,TXN,1,37.549415,37.549415,False,0.13722221395293452,720,TXN,5:1,5.0,0.2,187.74707500000002,
485240,JNJ,1,9.597457,9.597457,False,0.03925844335620618,672,JNJ,15:1,15.0,0.06666666666666667,143.961855,
485240,NKE,1,5.3835723334,5.3835723334,False,0.006549275858476103,485,NKE,12:1,12.0,0.08333333333333333,64.6028680008,
485240,PFE,1,6.5863696667,6.5863696667,False,0.015934090469315154,944,PFE,4:1,4.0,0.25,26.3454786668,
485240,V,1,17.8294156667,17.8294156667,False,0.04775761725436494,624,V,18:1,18.0,0.05555555555555555,320.92948200060005,
494503,SPY,1,7.5491956667,7.5491956667,False,0.3779792503972334,1183,SPY,60:1,60.0,0.016666666666666666,452.951740002,
500071,BMY,1,22.5267923333,22.5267923333,False,0.01921833104132522,54,BMY,3:1,3.0,0.3333333333333333,67.58037699990001,
507537,SPY,1,7.379637,7.379637,False,0.18811927245662186,1197,SPY,60:1,60.0,0.016666666666666666,442.77822,
511614,MU,1,223.3133333333,223.3133333333,False,0.21734983832511354,104,MU,5:1,5.0,0.2,1116.5666666665,
515995,UNH,1,8.9296609999,8.9296609999,False,0.01619879723136276,252,UNH,33:1,33.0,0.030303030303030304,294.6788129967,
535485,QQQ,1,32.135745,32.135745,False,0.2707480504036408,246,QQQ,20:1,20.0,0.05,642.7149,
539589,AMZN,1,1.017947,1.017947,False,0.06706572196432935,1180,AMZN,144:1,144.0,0.006944444444444444,146.58436799999998,
551100,CAT,1,41.4973323333,41.4973323333,False,0.020985870617888387,32,CAT,20:1,20.0,0.05,829.946646666,
553121,NKE,1,5.8334533334,5.8334533334,False,0.022970503784912555,811,NKE,12:1,12.0,0.08333333333333333,70.00144000079999,
554511,INTC,1,22.8,22.8,False,0.012164917074867589,124,INTC,5:1,5.0,0.2,114.0,
554511,META,1,29.1033333334,29.1033333334,False,0.016178637308533,167,META,24:1,24.0,0.041666666666666664,698.4800000015999,
558096,VIST,1,11.6169226,11.6169226,False,0.12217353815833468,927,VIST,3:1,3.0,0.3333333333333333,34.8507678,
558609,KO,1,12.001251,12.001251,False,0.02468594399524919,1049,KO,5:1,5.0,0.2,60.006254999999996,
558609,TSLA,1,12.240585,12.240585,False,0.036183819834635235,929,TSLA,15:1,15.0,0.06666666666666667,183.60877499999998,
561063,MCD,1,10.3875193333,10.3875193333,False,0.0033577277424939717,13,MCD,24:1,24.0,0.041666666666666664,249.30046399920002,
563332,MELI,1,14.917053,14.917053,False,0.03857613920781852,78,MELI,120:1,120.0,0.008333333333333333,1790.0463599999998,
566660,LREN3,3,2.8837166666,8.6511499998,False,0.016775192567299292,510,LREN3,1:1,1.0,3.0,2.8837166666,
566660,TIMS3,3,3.5250039998999996,10.5750119997,False,0.02429921384896371,431,TIMS3,1:1,1.0,3.0,3.5250039998999996,
566660,META,1,13.0046490001,13.0046490001,False,0.19205113952195663,1174,META,24:1,24.0,0.041666666666666664,312.1115760024,
566660,CVS,1,4.2323816666,4.2323816666,False,0.036091479393313745,424,CVS,15:1,15.0,0.06666666666666667,63.485724999000006,
574875,IBM,1,8.4737570001,8.4737570001,False,0.03917480148767224,1182,IBM,15:1,15.0,0.06666666666666667,127.10635500150002,
580508,BNG,1,17.9878056667,17.9878056667,False,0.03736046142978714,281,BG,5:1,5.0,0.2,89.9390283335,
584711,VIST,1,10.6215066667,10.6215066667,False,0.034642078424915554,1093,VIST,3:1,3.0,0.3333333333333333,31.8645200001,
584711,MRNA,1,8.1990786667,8.1990786667,False,0.0166499518513529,23,MRNA,19:1,19.0,0.05263157894736842,155.7824946673,
584711,SPY,1,7.1655023334,7.1655023334,False,0.020177526307123505,1093,SPY,60:1,60.0,0.016666666666666666,429.930140004,
610243,CL,1,27.9186453334,27.9186453334,False,0.023299253106004985,267,CL,3:1,3.0,0.3333333333333333,83.7559360002,
610243,HD,1,9.328611,9.328611,False,0.007136871762010881,1047,HD,32:1,32.0,0.03125,298.515552,
610243,PCAR,1,34.0156226667,34.0156226667,False,0.029652651486653712,664,PCAR,3:1,3.0,0.3333333333333333,102.04686800009999,
613242,VIST,1,10.9810896667,10.9810896667,False,0.07971754980194042,1104,VIST,3:1,3.0,0.3333333333333333,32.9432690001,
618840,TM,1,12.2042273333,12.2042273333,False,0.009829304734030578,514,TM,15:1,15.0,0.06666666666666667,183.0634099995,
618840,ARCO,6,15.909888333299998,95.45932999979999,False,0.012917272150473813,424,ARCO,1:2,0.5,12.0,7.954944166649999,
618840,WFC,1,13.541425,13.541425,False,0.013037516117808389,468,WFC,5:1,5.0,0.2,67.707125,
630898,AMZN,1,1.2439993333,1.2439993333,False,0.001031222176724057,868,AMZN,144:1,144.0,0.006944444444444444,179.13590399519998,
636624,BRKB,1,18.9675893333,18.9675893333,False,0.010897282349980442,880,BRK/B,22:1,22.0,0.045454545454545456,417.2869653326,
643847,MELI,1,16.3725726667,16.3725726667,False,1.0,56,MELI,120:1,120.0,0.008333333333333333,1964.7087200040003,
645265,AAPL,1,15.9393673333,15.9393673333,False,0.00816443603636928,56,AAPL,20:1,20.0,0.05,318.787346666,
648787,VALE,2,4.183561,8.367122,False,0.0016089912428317377,462,VALE,2:1,2.0,1.0,8.367122,
648787,ADBE,1,6.8999556667,6.8999556667,False,0.001227552473163575,310,ADBE,44:1,44.0,0.022727272727272728,303.5980493348,
648787,AMAT,1,48.2758389999,48.2758389999,False,0.024540916365026044,315,AMAT,5:1,5.0,0.2,241.37919499950002,
648787,AMD,1,12.85,12.85,False,0.014304315758922012,642,AMD,10:1,10.0,0.1,128.5,
648787,TSM,1,55.9179906667,55.9179906667,False,0.012242230265972114,1,TSM,9:1,9.0,0.1111111111111111,503.2619160003,
648787,MRK,1,15.543735,15.543735,False,0.006328119854286047,462,MRK,5:1,5.0,0.2,77.718675,
650633,LLY,1,22.705341,22.705341,False,0.0036477477364600503,91,LLY,56:1,56.0,0.017857142857142856,1271.499096,
669173,TSLA,1,15.1218116667,15.1218116667,False,0.004207199670690089,1029,TSLA,15:1,15.0,0.06666666666666667,226.82717500049998,
669830,GOOGL,1,2.4356567334,2.4356567334,False,0.004417344685028222,1097,GOOGL,58:1,58.0,0.017241379310344827,141.2680905372,
700596,COIN,1,8.5860836667,8.5860836667,False,0.0008265270484953951,288,COIN,27:1,27.0,0.037037037037037035,231.8242590009,
700596,PKS,1,30.2244853334,30.2244853334,False,0.002300790693199372,1081,PKX,3:1,3.0,0.3333333333333333,90.6734560002,
700596,BIDU,1,10.8329773333,10.8329773333,False,0.0009363771145190726,285,BIDU,11:1,11.0,0.09090909090909091,119.16275066630001,
700596,MCD,1,11.5833333333,11.5833333333,False,0.0011519105199241505,84,MCD,24:1,24.0,0.041666666666666664,277.9999999992,
700596,V,1,17.5062273334,17.5062273334,False,0.0024307168057722045,244,V,18:1,18.0,0.05555555555555555,315.1120920012,
711853,MSTR,1,12.0447852667,12.0447852667,False,0.04140045590265515,348,MSTR,20:1,20.0,0.05,240.895705334,
712984,BRKB,1,22.1333333333,22.1333333333,False,0.09424289703819275,528,BRK/B,22:1,22.0,0.045454545454545456,486.9333333326,
712984,MELI,1,13.25,13.25,False,0.06365460004457787,930,MELI,120:1,120.0,0.008333333333333333,1590.0,
712984,OKLO,1,1.5,1.5,False,0.005244457264228868,43,OKLO,28:1,28.0,0.03571428571428571,42.0,
721251,ETHA,1,3.61873,3.61873,False,0.001512428941916091,148,ETHA,5:1,5.0,0.2,18.09365,
721251,LAC,3,5.131121,15.393363,False,0.0009506018898250039,298,LAC,1:1,1.0,3.0,5.131121,
721251,PAAS,1,19.9271428889,19.9271428889,False,0.0056135293643531405,220,PAAS,3:1,3.0,0.3333333333333333,59.7814286667,
721251,NVDA,1,7.3452303333,7.3452303333,False,0.0037016579824482383,386,NVDA,24:1,24.0,0.041666666666666664,176.28552799919999,
721251,DE,1,9.1107638,9.1107638,False,0.006336555739407071,1020,DE,40:1,40.0,0.025,364.43055200000003,
721251,PCAR,1,36.6986833334,36.6986833334,False,0.013547854863715455,603,PCAR,3:1,3.0,0.3333333333333333,110.0960500002,
741270,MCD,1,12.628133,12.628133,False,0.003717190385910614,370,MCD,24:1,24.0,0.041666666666666664,303.075192,
787454,NIO,1,1.6020476667,1.6020476667,False,0.019350630526163214,984,NIO,4:1,4.0,0.25,6.4081906668,
787454,AMZN,1,1.054286,1.054286,False,0.03978837512682998,1012,AMZN,144:1,144.0,0.006944444444444444,151.817184,
789428,ADBE,1,7.3469223333,7.3469223333,False,0.012323790146780991,266,ADBE,44:1,44.0,0.022727272727272728,323.2645826652,
792055,COIN,1,7.7324736667,7.7324736667,False,0.0023617121222288848,926,COIN,27:1,27.0,0.037037037037037035,208.77678900089998,
809251,GOOGL,1,6.0656296667,6.0656296667,False,0.002167306323046732,13,GOOGL,58:1,58.0,0.017241379310344827,351.8065206686,
818112,NKE,1,6.1367053334,6.1367053334,False,0.0008486393803389543,826,NKE,12:1,12.0,0.08333333333333333,73.6404640008,
818205,IBM,1,11.0359186668,11.0359186668,False,0.006880243700832714,992,IBM,15:1,15.0,0.06666666666666667,165.538780002,
818205,JNJ,1,9.8777076666,9.8777076666,False,0.007884702481401818,539,JNJ,15:1,15.0,0.06666666666666667,148.16561499899998,
818205,PG,1,11.0505276666,11.0505276666,False,0.004551453849453751,539,PG,15:1,15.0,0.06666666666666667,165.757914999,
823171,BABA,1,19.5546683333,19.5546683333,False,0.37502433326844464,341,BABA,9:1,9.0,0.1111111111111111,175.99201499970002,
827639,SBUX,1,8.0221920001,8.0221920001,False,0.004423313634171447,971,SBUX,12:1,12.0,0.08333333333333333,96.26630400120001,
829702,AMD,1,16.5899443333,16.5899443333,False,0.11802681477500074,919,AMD,10:1,10.0,0.1,165.899443333,
829702,SPY,1,8.618913,8.618913,False,0.024151213831407326,971,SPY,60:1,60.0,0.016666666666666666,517.13478,
846126,NVDA,1,9.198718,9.198718,False,0.01197175539744848,63,NVDA,24:1,24.0,0.041666666666666664,220.769232,
848757,GOOGL,1,2.6345163334,2.6345163334,False,0.24595979503350412,974,GOOGL,58:1,58.0,0.017241379310344827,152.8019473372,
849516,ARCO,6,17.0687703333,102.41262199980001,False,0.048260370865991206,95,ARCO,1:2,0.5,12.0,8.53438516665,
853624,SPY,1,11.3366666667,11.3366666667,False,0.2956140350877193,368,SPY,60:1,60.0,0.016666666666666666,680.2000000019999,
878665,BRKB,1,21.3378053333,21.3378053333,False,0.04521010623242824,621,BRK/B,22:1,22.0,0.045454545454545456,469.4317173326,
878696,AAPL,1,10.8660233333,10.8660233333,False,0.08823280315734201,739,AAPL,20:1,20.0,0.05,217.320466666,
878696,AMZN,1,1.2918493333,1.2918493333,False,0.00929925301082372,946,AMZN,144:1,144.0,0.006944444444444444,186.0263039952,
890058,TELFY,1,0.649787,0.649787,False,7.207930783270392e-05,383,TELFY,8:1,8.0,0.125,5.198296,
904325,SPY,1,9.29185,9.29185,False,0.16965933881523743,924,SPY,60:1,60.0,0.016666666666666666,557.511,
906314,GM,1,8.6911013334,8.6911013334,False,0.007001969095217435,665,GM,6:1,6.0,0.16666666666666666,52.14660800040001,
926851,RSP,1,7.080911,7.080911,False,0.06067533325988764,153,RSP,30:1,30.0,0.03333333333333333,212.42733,
957743,ASML,1,13.2631253333,13.2631253333,False,0.055421217932682953,111,ASML,146:1,146.0,0.00684931506849315,1936.4162986618,
957743,TSM,1,51.266772,51.266772,False,0.23505378137246724,126,TSM,9:1,9.0,0.1111111111111111,461.400948,
966156,ORCL,1,106.7497443333,106.7497443333,False,0.007432136384457589,362,ORCL,3:1,3.0,0.3333333333333333,320.2492329999,
999397,MELI,1,14.63,14.63,False,0.006736637037489281,160,MELI,120:1,120.0,0.008333333333333333,1755.6000000000001,
1070809,B,2,22.78,45.56,False,0.003808778807641814,203,B,2:1,2.0,1.0,45.56,
1070809,PLTR,1,57.4602306667,57.4602306667,False,0.011990285521971275,58,PLTR,3:1,3.0,0.3333333333333333,172.3806920001,
1070809,PFE,1,7.4507533333,7.4507533333,False,0.0012982957215668083,26,PFE,4:1,4.0,0.25,29.8030133332,
1070809,PG,1,10.130401,10.130401,False,0.0018464785017145873,69,PG,15:1,15.0,0.06666666666666667,151.956015,
1070809,UBER,2,38.48,76.96,False,0.006606694015165987,62,UBER,2:1,2.0,1.0,76.96,
1070809,XLF,2,29.83,59.66,False,0.005117383276180428,69,XLF,2:1,2.0,1.0,59.66,
1080778,COIN,1,7.4756783333,7.4756783333,False,0.2324986680873735,249,COIN,27:1,27.0,0.037037037037037035,201.84331499910002,
1080778,IBIT,1,4.8404163333,4.8404163333,False,0.16185402237613214,249,IBIT,10:1,10.0,0.1,48.404163333,
1083539,ALAB,1,8.5279843333,8.5279843333,False,0.01290973222214975,8,ALAB,44:1,44.0,0.022727272727272728,375.23131066519994,
1099551,JPM,1,19.0960796667,19.0960796667,False,0.021845554229801757,427,JPM,15:1,15.0,0.06666666666666667,286.4411950005,
1099551,KO,1,14.996896,14.996896,False,0.017013024219318156,341,KO,5:1,5.0,0.2,74.98447999999999,
1099551,XLE,2,28.8978850001,57.7957700002,False,0.031170605624624183,214,XLE,2:1,2.0,1.0,57.7957700002,
1138670,NVDA,1,6.408066,6.408066,False,0.08183533357790472,309,NVDA,24:1,24.0,0.041666666666666664,153.793584,
1138670,ABNB,1,8.1902656667,8.1902656667,False,0.08964414862952676,605,ABNB,15:1,15.0,0.06666666666666667,122.8539850005,
1138670,SPOT,1,17.1582633333,17.1582633333,False,0.14089932393480425,631,SPOT,28:1,28.0,0.03571428571428571,480.43137333239997,
1162489,SMH,1,12.5969753333,12.5969753333,False,0.5211230648123852,92,SMH,50:1,50.0,0.02,629.848766665,
1166086,CVX,1,13.4136756667,13.4136756667,False,0.07310354825849008,193,CVX,16:1,16.0,0.0625,214.6188106672,
1166086,TSLA,1,16.2003476667,16.2003476667,False,0.1435431843717154,546,TSLA,15:1,15.0,0.06666666666666667,243.00521500050002,
1182267,MP,1,5.8451493333,5.8451493333,False,0.04918964076858814,28,MP,10:1,10.0,0.1,58.451493333,
1191812,SHEL,2,30.4543063333,60.9086126666,False,0.017120781265931775,664,SHEL,2:1,2.0,1.0,60.9086126666,
1200812,PAAS,1,8.4036443334,8.4036443334,False,0.032935318539329746,553,PAAS,3:1,3.0,0.3333333333333333,25.2109330002,
1200812,AAPL,1,13.9779393333,13.9779393333,False,0.03622467784446129,221,AAPL,20:1,20.0,0.05,279.558786666,
1252449,VIST,1,14.1328573333,14.1328573333,False,0.09297872055495293,447,VIST,3:1,3.0,0.3333333333333333,42.3985719999,
1260804,EEM,1,13.898325,13.898325,False,0.026881989129755732,53,EEM,5:1,5.0,0.2,69.491625,
1290242,EWZ,2,11.857816,23.715632,False,0.1449065884281831,586,EWZ,2:1,2.0,1.0,23.715632,
1361007,NVDA,1,8.3410456666,8.3410456666,False,0.1604830421377184,102,NVDA,24:1,24.0,0.041666666666666664,200.1850959984,
1361007,SPY,1,11.601753,11.601753,False,0.20781089414182938,215,SPY,60:1,60.0,0.016666666666666666,696.10518,
1413310,QQQ,1,32.0459453333,32.0459453333,False,0.23757826296355755,307,QQQ,20:1,20.0,0.05,640.9189066659999,
1428915,MELI,1,14.9905096667,14.9905096667,False,0.23088263268023587,8,MELI,120:1,120.0,0.008333333333333333,1798.8611600039999,
1428915,GOOGL,1,6.1685753333,6.1685753333,False,0.08902415826517024,8,GOOGL,58:1,58.0,0.017241379310344827,357.7773693314,
1428915,NVDA,1,10.096967,10.096967,False,0.14851626402891382,8,NVDA,24:1,24.0,0.041666666666666664,242.32720799999998,
1432440,SPY,1,11.3708486667,11.3708486667,False,0.3096477794793262,340,SPY,60:1,60.0,0.016666666666666666,682.250920002,
1446653,AAPL,1,13.776044,13.776044,False,0.012401081791431377,327,AAPL,20:1,20.0,0.05,275.52088000000003,
1446653,TSLA,1,28.1599473333,28.1599473333,False,0.018857548256849283,327,TSLA,15:1,15.0,0.06666666666666667,422.3992099995,
1452743,NVDA,1,8.0898976666,8.0898976666,False,0.130249822746799,277,NVDA,24:1,24.0,0.041666666666666664,194.1575439984,
1472714,TMO,1,26.3241086667,26.3241086667,False,0.010068044354838709,319,TMO,22:1,22.0,0.045454545454545456,579.1303906674,
1501198,AMD,1,28.660218,28.660218,False,0.1011448721295031,173,AMD,10:1,10.0,0.1,286.60218,
1501198,ABBV,1,22.9097026667,22.9097026667,False,0.04261155722057597,117,ABBV,10:1,10.0,0.1,229.097026667,
1546139,SPY,1,13.0233333334,13.0233333334,False,0.0015555982109851235,131,SPY,60:1,60.0,0.016666666666666666,781.400000004,
1618554,PEP,1,8.7693230001,8.7693230001,False,0.00015816625723690363,166,PEP,18:1,18.0,0.05555555555555555,157.8478140018,
1641377,F,3,15.760895,47.282685,False,0.012749135011963852,124,F,1:1,1.0,3.0,15.760895,
270217,PFE,1,6.7075325,6.7075325,False,0.05296169833729216,964,PFE,4:1,4.0,0.25,26.83013,
271658,AMAT,1,109.4214725,109.4214725,False,0.09139539303172799,117,AMAT,5:1,5.0,0.2,547.1073624999999,
272027,MELI,1,16.8746866,16.8746866,False,0.12360580595874712,571,MELI,120:1,120.0,0.008333333333333333,2024.9623920000001,
272027,KO,1,15.5487045,15.5487045,False,0.13762414056531702,201,KO,5:1,5.0,0.2,77.7435225,
273220,META,1,27.561837,27.561837,False,0.05068135737076214,340,META,24:1,24.0,0.041666666666666664,661.484088,
273698,IEUR,1,6.154849,6.154849,False,0.0004055701801028784,358,IEUR,11:1,11.0,0.09090909090909091,67.703339,
274866,MU,1,185.9527275,185.9527275,False,0.008978474853328708,63,MU,5:1,5.0,0.2,929.7636375000001,
281798,QQQ,1,22.173946,22.173946,False,0.050359849934920764,987,QQQ,20:1,20.0,0.05,443.47892,
292005,B,1,9.9794525,9.9794525,False,0.009459645698199572,1908,B,2:1,2.0,0.5,19.958905,
292005,GOOGL,1,2.412883,2.412883,False,0.0028195934634232304,1156,GOOGL,58:1,58.0,0.017241379310344827,139.947214,
292005,MSFT,1,10.182699,10.182699,False,0.008250925743927594,347,MSFT,30:1,30.0,0.03333333333333333,305.48096999999996,
292005,AAPL,1,7.6071135,7.6071135,False,0.007846512899414165,1908,AAPL,20:1,20.0,0.05,152.14227,
292005,KO,1,10.5990625,10.5990625,False,0.008140220551854087,1908,KO,5:1,5.0,0.2,52.995312500000004,
292005,XOM,1,7.7427085,7.7427085,False,0.007717733390267431,1548,XOM,10:1,10.0,0.1,77.427085,
310908,MELI,1,14.4182745,14.4182745,False,0.03102023600686356,98,MELI,120:1,120.0,0.008333333333333333,1730.1929400000001,
310908,MSFT,1,12.637063,12.637063,False,0.035008004294519696,98,MSFT,30:1,30.0,0.03333333333333333,379.11188999999996,
349394,JPM,1,23.5,23.5,False,0.10019710195152591,1,JPM,15:1,15.0,0.06666666666666667,352.5,
367345,COIN,1,7.59,7.59,False,0.009772380766880024,173,COIN,27:1,27.0,0.037037037037037035,204.93,
378821,ICLN,1,4.17375,4.17375,False,0.00040104959775944004,163,ICLN,5:1,5.0,0.2,20.86875,
378821,AVGO,1,9.92,9.92,False,0.0010746356625045768,53,AVGO,39:1,39.0,0.02564102564102564,386.88,
378821,ORCL,1,57.14,57.14,False,0.00551221622555827,160,ORCL,3:1,3.0,0.3333333333333333,171.42000000000002,
380743,DIA,1,20.497558,20.497558,False,0.0691001215004007,757,DIA,20:1,20.0,0.05,409.95116,
380743,IWM,1,24.05489,24.05489,False,0.0764418478401365,697,IWM,10:1,10.0,0.1,240.5489,
380743,QQQ,1,22.9716915,22.9716915,False,0.10202155985833572,757,QQQ,20:1,20.0,0.05,459.43382999999994,
387997,HON,1,28.2315865,28.2315865,False,0.006339448987975416,4,HON,8:1,8.0,0.125,225.852692,
388524,XROX,2,6.931912,13.863824,False,0.00016416375845462993,587,XRX,1:1,1.0,2.0,6.931912,
388524,ARCO,4,23.472222,93.888888,False,0.0008813001769669606,1034,ARCO,1:2,0.5,8.0,11.736111,
392782,PBR,2,11.6267268206,23.2534536412,False,0.3401323787653654,746,PBR,1:1,1.0,2.0,11.6267268206,
404591,O,1,5.0040065,5.0040065,False,0.028148870469689585,49,O,13:1,13.0,0.07692307692307693,65.0520845,
416911,IBM,1,19.153747,19.153747,False,0.00032814716817761565,98,IBM,15:1,15.0,0.06666666666666667,287.306205,
428028,GOOGL,1,2.8813285,2.8813285,False,0.006968952423497879,896,GOOGL,58:1,58.0,0.017241379310344827,167.117053,
431061,BA.C,1,7.565,7.565,False,0.17945458012840887,1119,BAC,4:1,4.0,0.25,30.26,
431061,KO,1,11.665,11.665,False,0.22903820481851123,1119,KO,5:1,5.0,0.2,58.324999999999996,
433569,MELI,1,17.7036775,17.7036775,False,0.10010827532869296,451,MELI,120:1,120.0,0.008333333333333333,2124.4413,
433569,GLD,1,6.7174065,6.7174065,False,0.049064191802010826,387,GLD,50:1,50.0,0.02,335.870325,
433569,NKE,1,3.081811,3.081811,False,0.018128383604021657,6,NKE,12:1,12.0,0.08333333333333333,36.981732,
438742,AAPL,1,10.163134,10.163134,False,0.09299772392555897,987,AAPL,20:1,20.0,0.05,203.26268,
441195,AAPL,1,7.8972535,7.8972535,False,0.6299655360058044,1341,AAPL,20:1,20.0,0.05,157.94507,
442120,VIST,1,13.666346,13.666346,False,0.015532723075271126,836,VIST,3:1,3.0,0.3333333333333333,40.999038,
442120,ING,1,4.339447,4.339447,False,0.008100236228927306,933,ING,3:1,3.0,0.3333333333333333,13.018341,
442120,B,1,8.240994,8.240994,False,0.014049581230537957,858,B,2:1,2.0,0.5,16.481988,
442120,INTC,1,16.0408983334,16.0408983334,False,0.016270938473102115,259,INTC,5:1,5.0,0.2,80.20449166700001,
442120,C,1,20.047661,20.047661,False,0.029948056480188983,858,C,3:1,3.0,0.3333333333333333,60.142983,
442120,XOM,1,10.380735,10.380735,False,0.0114624718135939,953,XOM,10:1,10.0,0.1,103.80735,
449572,IBM,1,15.7020805,15.7020805,False,0.009765985476716288,411,IBM,15:1,15.0,0.06666666666666667,235.5312075,
467971,NVDA,1,8.6405675,8.6405675,False,0.5364596753414068,166,NVDA,24:1,24.0,0.041666666666666664,207.37362,Comitente no está en hoja 1
468654,MSFT,1,13.277606,13.277606,False,0.13574694272014276,994,MSFT,30:1,30.0,0.03333333333333333,398.32818000000003,
469787,TSM,1,16.7874412223,16.7874412223,False,0.009413925530138588,845,TSM,9:1,9.0,0.1111111111111111,151.0869710007,
472424,AXP,1,19.763302,19.763302,False,0.006022174818224021,587,AXP,15:1,15.0,0.06666666666666667,296.44953,
477211,GLW,1,39.211713,39.211713,False,0.022811489987281067,48,GLW,4:1,4.0,0.25,156.846852,
477211,ORCL,1,49.8497945,49.8497945,False,0.027395261508983092,48,ORCL,3:1,3.0,0.3333333333333333,149.5493835,
482152,WMT,1,5.691987,5.691987,False,0.0006156718873887513,418,WMT,18:1,18.0,0.05555555555555555,102.455766,
482618,GOOGL,1,2.164852,2.164852,False,0.21355236139630393,1197,GOOGL,58:1,58.0,0.017241379310344827,125.56141600000001,Comitente no está en hoja 1
484220,AMD,1,16.713778,16.713778,False,0.10742211387151744,413,AMD,10:1,10.0,0.1,167.13778000000002,
484220,META,1,25.697231,25.697231,False,0.05258179979942436,53,META,24:1,24.0,0.041666666666666664,616.7335439999999,
485240,RIO,1,6.9938096667,6.9938096667,False,0.018613339684146288,829,RIO,8:1,8.0,0.125,55.9504773336,
485240,AVY,1,10.5657905,10.5657905,False,0.014654004733340279,620,AVY,18:1,18.0,0.05555555555555555,190.18422900000002,
485240,BMY,1,13.1648685,13.1648685,False,0.030372266793682927,854,BMY,3:1,3.0,0.3333333333333333,39.494605500000006,
485240,CVS,1,3.6045978334,3.6045978334,False,0.009020139023264814,706,CVS,15:1,15.0,0.06666666666666667,54.068967501,
485240,HD,1,9.7110275,9.7110275,False,0.013649286277778604,924,HD,32:1,32.0,0.03125,310.75288,
485240,MCD,1,10.2170995,10.2170995,False,0.015085661551285294,841,MCD,24:1,24.0,0.041666666666666664,245.210388,
485240,TGT,1,6.040217,6.040217,False,0.009868567941294672,838,TGT,24:1,24.0,0.041666666666666664,144.96520800000002,
485240,TMUS,1,5.425088,5.425088,False,0.00769539913370942,62,TMUS,33:1,33.0,0.030303030303030304,179.02790399999998,
494507,MELI,1,18.847549,18.847549,False,0.23310762138020458,368,MELI,120:1,120.0,0.008333333333333333,2261.70588,
494507,BAK,1,2.5085205,2.5085205,False,0.012318109782452097,619,BAK,2:1,2.0,0.5,5.017041,
494507,MSTR,1,17.243235,17.243235,False,0.12382941939201846,412,MSTR,20:1,20.0,0.05,344.86469999999997,
497265,AAPL,1,9.6518855,9.6518855,False,0.20965891940839115,1083,AAPL,20:1,20.0,0.05,193.03771,
507537,KO,1,12.0287845,12.0287845,False,0.1676047820626134,1197,KO,5:1,5.0,0.2,60.1439225,
509911,VIST,1,22.141148,22.141148,False,0.26890902753572676,82,VIST,3:1,3.0,0.3333333333333333,66.423444,
515853,AMZN,1,1.06,1.06,False,0.12151394422310757,1023,AMZN,144:1,144.0,0.006944444444444444,152.64000000000001,Comitente no está en hoja 1
515995,DISN,1,7.35729,7.35729,False,0.008156132985362533,734,DIS,12:1,12.0,0.08333333333333333,88.28748,
539608,VALE,1,5.4478865,5.4478865,False,0.0009825273228119375,1104,VALE,2:1,2.0,0.5,10.895773,
553121,HSY,1,8.4648705,8.4648705,False,0.041868963717045155,1043,HSY,21:1,21.0,0.047619047619047616,177.7622805,
561063,TXN,1,58.0,58.0,False,0.013572242489554718,8,TXN,5:1,5.0,0.2,290.0,
563332,GLOB,1,2.1148005,2.1148005,False,0.003265662865996584,68,GLOB,18:1,18.0,0.05555555555555555,38.066409,
563332,NVDA,1,7.0845005,7.0845005,False,0.01654284692701919,440,NVDA,24:1,24.0,0.041666666666666664,170.028012,
566660,BBD,2,3.183403,6.366806,False,0.017807512109902328,372,BBD,1:1,1.0,2.0,3.183403,
566660,ADI,1,13.4657625,13.4657625,False,0.11520289049471928,1167,ADI,15:1,15.0,0.06666666666666667,201.9864375,
566660,XP,1,4.339024,4.339024,False,0.029202731676328118,81,XP,4:1,4.0,0.25,17.356096,
574875,NVDA,1,5.0949065,5.0949065,False,0.017719299738721182,827,NVDA,24:1,24.0,0.041666666666666664,122.27775599999998,
574875,KO,1,10.6837795,10.6837795,False,0.030664090758219218,1020,KO,5:1,5.0,0.2,53.4188975,
574875,V,1,14.9453345,14.9453345,False,0.03640882050060001,825,V,18:1,18.0,0.05555555555555555,269.01602099999997,
589301,AMZN,1,0.962271,0.962271,False,1.0,1161,AMZN,144:1,144.0,0.006944444444444444,138.567024,Comitente no está en hoja 1
609193,AAPL,1,8.862438,8.862438,False,0.3258279388310348,937,AAPL,20:1,20.0,0.05,177.24875999999998,
610243,BA.C,1,10.592746,10.592746,False,0.007323660117832321,722,BAC,4:1,4.0,0.25,42.370984,
610243,TSM,1,48.019579,48.019579,False,0.02925313194781341,46,TSM,9:1,9.0,0.1111111111111111,432.176211,
610243,SLB,1,14.7069835,14.7069835,False,0.009035886712862193,823,SLB,3:1,3.0,0.3333333333333333,44.1209505,
613242,COIN,1,9.6696585,9.6696585,False,0.016705895860841608,852,COIN,27:1,27.0,0.037037037037037035,261.0807795,
613242,AAPL,1,9.1442385,9.1442385,False,0.039875997474022616,1147,AAPL,20:1,20.0,0.05,182.88477,
613242,KO,1,11.2919705,11.2919705,False,0.0413686204718985,1117,KO,5:1,5.0,0.2,56.4598525,
618840,JNJ,1,9.600854,9.600854,False,0.008997830491823412,761,JNJ,15:1,15.0,0.06666666666666667,144.01281,
618840,TSLA,1,22.9160735,22.9160735,False,0.013510816840295545,481,TSLA,15:1,15.0,0.06666666666666667,343.7411025,
620388,GOOGL,1,2.3438545,2.3438545,False,0.3788706739526412,1082,GOOGL,58:1,58.0,0.017241379310344827,135.943561,
636624,PFE,1,6.75563,6.75563,False,0.002163386465417653,819,PFE,4:1,4.0,0.25,27.02252,
648568,ORCL,1,55.844264,55.844264,False,0.021946491230004788,746,ORCL,3:1,3.0,0.3333333333333333,167.532792,
648787,EWZ,1,14.1096495,14.1096495,False,0.0032411438530816562,735,EWZ,2:1,2.0,0.5,28.219299,
648787,IEUR,1,6.3,6.3,False,0.0010075194826908588,350,IEUR,11:1,11.0,0.09090909090909091,69.3,
648787,B,1,9.2419145,9.2419145,False,0.0030305201681225754,559,B,2:1,2.0,0.5,18.483829,
648787,CSCO,1,10.008709,10.008709,False,0.0034011020468134663,1069,CSCO,5:1,5.0,0.2,50.043544999999995,
648787,PEP,1,7.781425,7.781425,False,0.001053118424795402,559,PEP,18:1,18.0,0.05555555555555555,140.06565,
650633,MU,1,185.9970055,185.9970055,False,0.02526599228420198,87,MU,5:1,5.0,0.2,929.9850275,
650657,PBR,2,12.738144,25.476288,False,0.07938334463027476,764,PBR,1:1,1.0,2.0,12.738144,
663645,XME,1,4.201944,4.201944,False,0.8392857142857142,133,XME,30:1,30.0,0.03333333333333333,126.05832000000001,
669830,BRKB,1,17.1293785,17.1293785,False,0.011307647292016687,1083,BRK/B,22:1,22.0,0.045454545454545456,376.84632700000003,
688145,META,1,13.5438325,13.5438325,False,0.06298159089799306,1091,META,24:1,24.0,0.041666666666666664,325.05198,
700596,IEUR,1,6.286652,6.286652,False,0.0005272803169136525,200,IEUR,11:1,11.0,0.09090909090909091,69.153172,
700596,SLV,1,10.7804175,10.7804175,False,0.0007257680224185046,200,SLV,6:1,6.0,0.16666666666666666,64.682505,
700596,ORCL,1,70.935269,70.935269,False,0.003769372437936607,323,ORCL,3:1,3.0,0.3333333333333333,212.80580700000002,
700596,PLTR,1,60.297648,60.297648,False,0.004993253690772821,328,PLTR,3:1,3.0,0.3333333333333333,180.892944,
700596,IBM,1,17.339632,17.339632,False,0.0011625167331954021,217,IBM,15:1,15.0,0.06666666666666667,260.09448000000003,
700596,SCCO,1,78.655078,78.655078,False,0.008139132305692279,200,SCCO,2:1,2.0,0.5,157.310156,
712984,GLOB,1,12.05,12.05,False,0.005388679838995162,929,GLOB,18:1,18.0,0.05555555555555555,216.9,
712984,RSP,1,7.53,7.53,False,0.019260269302880516,61,RSP,30:1,30.0,0.03333333333333333,225.9,
712984,AMZN,1,1.31,1.31,False,0.004798678396769414,833,AMZN,144:1,144.0,0.006944444444444444,188.64000000000001,
712984,IWM,1,21.705,21.705,False,0.07753930065162382,916,IWM,10:1,10.0,0.1,217.04999999999998,
712984,T,1,5.5,5.5,False,0.022013609366600673,914,T,3:1,3.0,0.3333333333333333,16.5,
721251,ESGU,1,5.5579915,5.5579915,False,0.0013939000279728237,151,ESGU,30:1,30.0,0.03333333333333333,166.739745,
721251,FXI,1,6.1964895,6.1964895,False,0.0016700723974606365,664,FXI,5:1,5.0,0.2,30.9824475,
721251,GE,1,27.8347835,27.8347835,False,0.009459792621812164,400,GE,8:1,8.0,0.125,222.678268,
721251,ILF,1,6.2082925,6.2082925,False,0.0015598405074933978,251,ILF,6:1,6.0,0.16666666666666666,37.249755,
721251,VOD,2,8.2591666667,16.5183333334,False,0.00414140025317776,816,VOD,1:1,1.0,2.0,8.2591666667,
721251,VEA,1,5.848635,5.848635,False,0.0017637102394758178,391,VEA,10:1,10.0,0.1,58.48635,
721251,ASML,1,12.994637,12.994637,False,0.003150498532612045,53,ASML,146:1,146.0,0.00684931506849315,1897.217002,
721251,CIBR,1,7.4449645,7.4449645,False,0.0026266007329828036,391,CIBR,10:1,10.0,0.1,74.449645,
721251,TXN,1,31.558631125,31.558631125,False,0.01456957410190642,643,TXN,5:1,5.0,0.2,157.793155625,
721251,AAPL,1,15.91686,15.91686,False,0.004116509181249673,67,AAPL,20:1,20.0,0.05,318.3372,
721251,ABNB,1,11.448126,11.448126,False,0.0027036445270459276,1,ABNB,15:1,15.0,0.06666666666666667,171.72189,
721251,HOOD,1,2.8943025,2.8943025,False,0.0009743076726136575,148,HOOD,29:1,29.0,0.034482758620689655,83.9347725,
721251,MCD,1,12.1341635,12.1341635,False,0.0024025810856300287,435,MCD,24:1,24.0,0.041666666666666664,291.219924,
721251,PEP,1,7.866643,7.866643,False,0.0017245956978745396,270,PEP,18:1,18.0,0.05555555555555555,141.599574,
721251,PG,1,9.9862045,9.9862045,False,0.0024061369530483266,181,PG,15:1,15.0,0.06666666666666667,149.7930675,
721251,TQQQ,1,2.7340905,2.7340905,False,0.0008202200844874098,107,TQQQ,25:1,25.0,0.04,68.35226250000001,
721251,XLV,1,5.300018,5.300018,False,0.0014259028347375058,133,XLV,29:1,29.0,0.034482758620689655,153.70052199999998,
733526,GOOGL,1,2.1863185,2.1863185,False,0.18197725284339458,1076,GOOGL,58:1,58.0,0.017241379310344827,126.806473,Comitente no está en hoja 1
743657,JNJ,1,9.5711265,9.5711265,False,0.005188348712501753,812,JNJ,15:1,15.0,0.06666666666666667,143.5668975,
749844,CAT,1,11.1910365,11.1910365,False,0.12157513123809263,1062,CAT,20:1,20.0,0.05,223.82072999999997,
757027,VIST,1,23.9399365,23.9399365,False,0.0886458951722553,12,VIST,3:1,3.0,0.3333333333333333,71.8198095,
787454,AAL,1,7.631957,7.631957,False,0.09682562690244963,1002,AAL,2:1,2.0,0.5,15.263914,
809251,META,1,26.7436025,26.7436025,False,0.007466323972931825,168,META,24:1,24.0,0.041666666666666664,641.84646,
818112,MELI,1,14.6494785,14.6494785,False,0.0031206784486100636,872,MELI,120:1,120.0,0.008333333333333333,1757.9374200000002,
818112,NVDA,1,5.5033785,5.5033785,False,0.0020078036248473894,824,NVDA,24:1,24.0,0.041666666666666664,132.081084,
818112,MDLZ,1,4.236244,4.236244,False,0.0007811339750847192,813,MDLZ,15:1,15.0,0.06666666666666667,63.54366,
818205,CVX,1,8.771976,8.771976,False,0.00402082458293287,992,CVX,16:1,16.0,0.0625,140.351616,
818205,KO,1,12.2005485,12.2005485,False,0.005385513372604882,648,KO,5:1,5.0,0.2,61.0027425,
818205,MMM,1,9.15813,9.15813,False,0.005082083115974631,992,MMM,10:1,10.0,0.1,91.5813,
823000,GOOGL,1,2.5630175,2.5630175,False,0.01909892262487757,978,GOOGL,58:1,58.0,0.017241379310344827,148.655015,
823000,MSFT,1,13.7041675,13.7041675,False,0.055888834476003915,978,MSFT,30:1,30.0,0.03333333333333333,411.125025,
823171,SPGI,1,11.2490145,11.2490145,False,0.17646486276036596,446,SPGI,45:1,45.0,0.022222222222222223,506.2056525,
824221,PEP,1,7.35,7.35,False,0.0199530999300613,453,PEP,18:1,18.0,0.05555555555555555,132.29999999999998,
827639,JPM,1,12.0635725,12.0635725,False,0.008324755440063919,982,JPM,15:1,15.0,0.06666666666666667,180.9535875,
827639,PYPL,1,8.201874,8.201874,False,0.0025535728425098796,980,PYPL,8:1,8.0,0.125,65.614992,
830333,NVDA,1,7.6314965,7.6314965,False,0.005902832906167071,358,NVDA,24:1,24.0,0.041666666666666664,183.155916,
830333,C,1,32.519181,32.519181,False,0.025303930685658556,360,C,3:1,3.0,0.3333333333333333,97.55754300000001,
830333,KO,1,13.472778,13.472778,False,0.010215133026378463,361,KO,5:1,5.0,0.2,67.36389,
830333,TSLA,1,26.548308,26.548308,False,0.014972555512712923,358,TSLA,15:1,15.0,0.06666666666666667,398.22461999999996,
832593,NVDA,1,7.9788475,7.9788475,False,0.07157098659333105,271,NVDA,24:1,24.0,0.041666666666666664,191.49233999999998,
832593,AAPL,1,13.69295,13.69295,False,0.1193881058783087,289,AAPL,20:1,20.0,0.05,273.859,
841472,AMAT,1,101.1065295,101.1065295,False,0.007642595398889788,68,AMAT,5:1,5.0,0.2,505.53264749999994,
846126,MSFT,1,17.1914995,17.1914995,False,0.013999631992149167,63,MSFT,30:1,30.0,0.03333333333333333,515.7449849999999,
849516,HPQ,2,23.299161,46.598322,False,0.06265532402982221,95,HPQ,1:1,1.0,2.0,23.299161,
849516,NKE,1,5.7224585,5.7224585,False,0.005601223475434907,356,NKE,12:1,12.0,0.08333333333333333,68.669502,
849640,QQQ,1,26.1230255,26.1230255,False,0.008582902267134542,672,QQQ,20:1,20.0,0.05,522.46051,
878696,BB,1,0.963952,0.963952,False,0.010620458356623811,950,BB,3:1,3.0,0.3333333333333333,2.891856,
878696,NVDA,1,5.7792195,5.7792195,False,0.035266019614817824,704,NVDA,24:1,24.0,0.041666666666666664,138.701268,
905034,GOOGL,1,4.0115279814,4.0115279814,False,0.0056381041874669635,396,GOOGL,58:1,58.0,0.017241379310344827,232.66862292120004,
905034,V,1,16.8507284,16.8507284,False,0.01932677060415358,597,V,18:1,18.0,0.05555555555555555,303.31311120000004,
912133,VIST,1,14.50487,14.50487,False,0.04878897109972807,914,VIST,3:1,3.0,0.3333333333333333,43.514610000000005,
912133,MELI,1,13.2719635,13.2719635,False,0.03410695840974726,915,MELI,120:1,120.0,0.008333333333333333,1592.63562,
912819,AMZN,1,1.3102715,1.3102715,False,0.12059308072487644,832,AMZN,144:1,144.0,0.006944444444444444,188.67909600000002,Comitente no está en hoja 1
917072,MELI,1,14.8487365,14.8487365,False,0.004456747786087125,873,MELI,120:1,120.0,0.008333333333333333,1781.84838,
918043,GOOGL,1,3.32,3.32,False,0.91899852724595,823,GOOGL,58:1,58.0,0.017241379310344827,192.56,Comitente no está en hoja 1
921793,NVDA,1,7.9005215,7.9005215,False,0.013955452479740463,266,NVDA,24:1,24.0,0.041666666666666664,189.612516,
926851,ICLN,1,4.0864125,4.0864125,False,0.01994050897873747,168,ICLN,5:1,5.0,0.2,20.4320625,
927453,MELI,1,15.6782145,15.6782145,False,0.007600758196769442,61,MELI,120:1,120.0,0.008333333333333333,1881.38574,
927453,META,1,27.581894,27.581894,False,0.015147493699309681,124,META,24:1,24.0,0.041666666666666664,661.9654559999999,
927453,TSM,1,51.51691,51.51691,False,0.02648521304906435,124,TSM,9:1,9.0,0.1111111111111111,463.65219,
933206,META,1,25.7438365,25.7438365,False,0.01802862102994333,69,META,24:1,24.0,0.041666666666666664,617.852076,
933206,TSM,1,43.8490125,43.8490125,False,0.03152283000986836,69,TSM,9:1,9.0,0.1111111111111111,394.6411125,
942255,SPY,1,12.9293525238,12.9293525238,False,0.023707351389377417,99,SPY,60:1,60.0,0.016666666666666666,775.7611514280001,
1007413,MSFT,1,13.9544425,13.9544425,False,0.08377491799142064,776,MSFT,30:1,30.0,0.03333333333333333,418.633275,
1014203,TRVV,1,59.297493,59.297493,False,0.01592493748185573,89,TRV,6:1,6.0,0.16666666666666666,355.784958,
1032670,CAR,1,5.856645,5.856645,False,0.0030147158421928236,359,CAR,26:1,26.0,0.038461538461538464,152.27277,
1032670,IBM,1,16.6729915,16.6729915,False,0.010659173870610342,433,IBM,15:1,15.0,0.06666666666666667,250.09487249999998,
1034437,EWZ,1,10.981927,10.981927,False,0.17166954188230782,655,EWZ,2:1,2.0,0.5,21.963854,
1034437,QQQ,1,27.630631,27.630631,False,0.30258769407705577,411,QQQ,20:1,20.0,0.05,552.61262,
1070809,IBIT,1,4.9613095,4.9613095,False,0.0006142800401434736,10,IBIT,10:1,10.0,0.1,49.613094999999994,
1070809,HAL,1,20.3644585,20.3644585,False,0.0020726645382136157,162,HAL,2:1,2.0,0.5,40.728917,
1070809,VST,1,5.63567,5.63567,False,0.0007058459691283348,10,VST,26:1,26.0,0.038461538461538464,146.52742,
1080778,GLD,1,9.4145755,9.4145755,False,0.16899307405434205,249,GLD,50:1,50.0,0.02,470.728775,
1083539,AVGO,1,9.9459306846,9.9459306846,False,0.009733727365320837,40,AVGO,39:1,39.0,0.02564102564102564,387.8912966994,
1083539,MRVL,1,18.144327,18.144327,False,0.020240132057579515,19,MRVL,14:1,14.0,0.07142857142857142,254.020578,
1091907,AVGO,1,4.4799405,4.4799405,False,0.3780939388033521,734,AVGO,39:1,39.0,0.02564102564102564,174.71767949999997,Comitente no está en hoja 1
1099551,PBR,2,11.33407,22.66814,False,0.015854476308010037,699,PBR,1:1,1.0,2.0,11.33407,
1099551,GLW,1,42.4056195,42.4056195,False,0.02608621737255186,90,GLW,4:1,4.0,0.25,169.622478,
1099551,AAPL,1,9.9396525,9.9396525,False,0.010933795912970385,482,AAPL,20:1,20.0,0.05,198.79305,
1099551,COST,1,19.217193,19.217193,False,0.012602356763495668,546,COST,48:1,48.0,0.020833333333333332,922.4252640000001,
1099551,TSLA,1,24.1597515,24.1597515,False,0.0166257921728755,671,TSLA,15:1,15.0,0.06666666666666667,362.3962725,
1111775,NVDA,1,5.4393935,5.4393935,False,0.3566289825282631,730,NVDA,24:1,24.0,0.041666666666666664,130.545444,Comitente no está en hoja 1
1138670,GLD,1,6.266688,6.266688,False,0.04155966668413605,481,GLD,50:1,50.0,0.02,313.3344,
1138670,MCD,1,12.2579535,12.2579535,False,0.05311566479744248,704,MCD,24:1,24.0,0.041666666666666664,294.190884,
1157596,BHP,1,23.1677195,23.1677195,False,0.043804073518271,627,BHP,2:1,2.0,0.5,46.335439,
1157596,UBER,1,37.7714665,37.7714665,False,0.035046153994624615,82,UBER,2:1,2.0,0.5,75.542933,
1182267,KO,1,13.786514,13.786514,False,0.12040100250626566,273,KO,5:1,5.0,0.2,68.93257,
1182267,SPY,1,13.3518975,13.3518975,False,0.09009189640768589,28,SPY,60:1,60.0,0.016666666666666666,801.11385,
1199836,AMD,1,56.2,56.2,False,0.0017524080813745159,125,AMD,10:1,10.0,0.1,562.0,
1200812,B,1,9.438519,9.438519,False,0.029117436386016396,553,B,2:1,2.0,0.5,18.877038,
1252449,MCD,1,12.0077495,12.0077495,False,0.02714501894928555,147,MCD,24:1,24.0,0.041666666666666664,288.18598799999995,
1260792,XME,1,4.17,4.17,False,0.0008337213685447572,154,XME,30:1,30.0,0.03333333333333333,125.1,
1260804,DIA,1,27.495442,27.495442,False,0.03339788842381458,36,DIA,20:1,20.0,0.05,549.90884,
1260804,QQQ,1,38.284472,38.284472,False,0.04930967701630537,30,QQQ,20:1,20.0,0.05,765.68944,
1284285,SH,1,4.609239,4.609239,False,0.67178658043654,287,SH,8:1,8.0,0.125,36.873912,Comitente no está en hoja 1
1290242,NVDA,1,9.5927495,9.5927495,False,0.044915217672692756,18,NVDA,24:1,24.0,0.041666666666666664,230.225988,
1361007,NU,1,7.576868,7.576868,False,0.0815005138746146,215,NU,2:1,2.0,0.5,15.153736,
1362379,MSTR,1,8.32563,8.32563,False,0.17085776761753307,11,MSTR,20:1,20.0,0.05,166.51260000000002,
1362379,VEA,1,7.5434865,7.5434865,False,0.1478978232780042,11,VEA,10:1,10.0,0.1,75.434865,
1362379,SPY,1,13.474205,13.474205,False,0.2679654109929431,11,SPY,60:1,60.0,0.016666666666666666,808.4522999999999,
1372828,GLD,1,10.1376305,10.1376305,False,0.016530993006118343,250,GLD,50:1,50.0,0.02,506.881525,
1400643,PG,1,9.81,9.81,False,0.028072795663237084,272,PG,15:1,15.0,0.06666666666666667,147.15,
1401326,VIST,1,24.15,24.15,False,0.006978258706617662,145,VIST,3:1,3.0,0.3333333333333333,72.44999999999999,
1428915,BRKB,1,24.1190975,24.1190975,False,0.2278866273540042,8,BRK/B,22:1,22.0,0.045454545454545456,530.620145,
1428915,KO,1,16.4196765,16.4196765,False,0.1713429712763934,161,KO,5:1,5.0,0.2,82.09838250000001,
1432440,QQQ,1,34.4602515,34.4602515,False,0.604364471669219,233,QQQ,20:1,20.0,0.05,689.20503,
1446653,GE,1,41.358379,41.358379,False,0.019000390435287735,270,GE,8:1,8.0,0.125,330.867032,
1447758,GOOGL,1,3.5200315,3.5200315,False,0.16608996539792387,419,GOOGL,58:1,58.0,0.017241379310344827,204.161827,
1472714,AAPL,1,13.637862,13.637862,False,0.003646883400537634,336,AAPL,20:1,20.0,0.05,272.75724,
1472714,MMM,1,16.943444,16.943444,False,0.0035702284946236558,273,MMM,10:1,10.0,0.1,169.43444,
1501198,TSM,1,35.73421675,35.73421675,False,0.057709334520683955,241,TSM,9:1,9.0,0.1111111111111111,321.60795075,
1501405,RSP,1,7.119857,7.119857,False,0.14176799845589652,147,RSP,30:1,30.0,0.03333333333333333,213.59571,
1582483,ICLN,1,4.0970525,4.0970525,False,0.03978240562668278,168,ICLN,5:1,5.0,0.2,20.4852625,
1582483,RSP,1,7.035622,7.035622,False,0.08071872080883565,168,RSP,30:1,30.0,0.03333333333333333,211.06866,
1582483,AMZN,1,1.47,1.47,False,0.02011099510962141,229,AMZN,144:1,144.0,0.006944444444444444,211.68,
1618554,QCOM,1,12.696785,12.696785,False,0.0002483398704370448,166,QCOM,11:1,11.0,0.09090909090909091,139.664635,
1618554,DIA,1,25.5194815,25.5194815,False,0.000387514578913147,166,DIA,20:1,20.0,0.05,510.38963,
1618554,MCD,1,12.882896,12.882896,False,0.00014693079900055163,166,MCD,24:1,24.0,0.041666666666666664,309.189504,
1618554,V,1,17.8710455,17.8710455,False,0.00031009864732331515,166,V,18:1,18.0,0.05555555555555555,321.67881900000003,
1641377,TSLA,1,28.986304,28.986304,False,0.017722606474909475,124,TSLA,15:1,15.0,0.06666666666666667,434.79456,
1027390,AKO.B,1,18.78301,18.78301,False,0.03219162083536831,729,AKO.B,1:1,1.0,1.0,18.78301,
1027390,GLD,1,5.761383,5.761383,False,0.008419510330622385,544,GLD,50:1,50.0,0.02,288.06915000000004,
1027390,GOOGL,1,2.853013,2.853013,False,0.006625188456883189,742,GOOGL,58:1,58.0,0.017241379310344827,165.474754,
1027390,AAPL,1,12.190969,12.190969,False,0.01843161404030323,676,AAPL,20:1,20.0,0.05,243.81938000000002,
270217,MELI,1,15.803522,15.803522,False,0.06005047505938242,964,MELI,120:1,120.0,0.008333333333333333,1896.42264,
270217,KO,1,11.610853,11.610853,False,0.06684233966745844,1110,KO,5:1,5.0,0.2,58.054265,
272027,AMZN,1,1.563661,1.563661,False,0.006990068754774637,398,AMZN,144:1,144.0,0.006944444444444444,225.167184,
272729,MU,1,169.364263,169.364263,False,0.6199726096313479,70,MU,5:1,5.0,0.2,846.8213149999999,
292005,QCOM,1,12.487271,12.487271,False,0.003870163143304482,1908,QCOM,11:1,11.0,0.09090909090909091,137.359981,
292005,JPM,1,14.180275,14.180275,False,0.0052257369237964195,728,JPM,15:1,15.0,0.06666666666666667,212.704125,
292005,TSLA,1,17.655617,17.655617,False,0.005964524634164525,1156,TSLA,15:1,15.0,0.06666666666666667,264.834255,
310908,KO,1,16.687794,16.687794,False,0.01726435261074205,98,KO,5:1,5.0,0.2,83.43897,
316510,TSLA,1,29.44,29.44,False,0.05092690831227454,349,TSLA,15:1,15.0,0.06666666666666667,441.6,
363128,VIST,1,15.55,15.55,False,0.03473535681047165,825,VIST,3:1,3.0,0.3333333333333333,46.650000000000006,
363128,MELI,1,13.45,13.45,False,0.024287730042931343,825,MELI,120:1,120.0,0.008333333333333333,1614.0,
363128,MSFT,1,15.29,15.29,False,0.027410009306793964,831,MSFT,30:1,30.0,0.03333333333333333,458.7,
364948,JPM,1,23.461396,23.461396,False,0.29650044866042813,12,JPM,15:1,15.0,0.06666666666666667,351.92094000000003,
364948,KO,1,18.456126,18.456126,False,0.2308678374567363,12,KO,5:1,5.0,0.2,92.28063,
364948,MCD,1,10.392079,10.392079,False,0.12998333546981156,12,MCD,24:1,24.0,0.041666666666666664,249.409896,
364948,PG,1,10.217477,10.217477,False,0.13011152416356878,12,PG,15:1,15.0,0.06666666666666667,153.262155,
378821,ILF,1,5.8884699,5.8884699,False,0.0003644898277979441,195,ILF,6:1,6.0,0.16666666666666666,35.330819399999996,
378821,MELI,1,13.975,13.975,False,0.0008962682999651574,158,MELI,120:1,120.0,0.008333333333333333,1677.0,
378821,NU,1,6.31,6.31,False,0.00043927117544645844,124,NU,2:1,2.0,0.5,12.62,
378821,META,1,26.664,26.664,False,0.001786443304936732,158,META,24:1,24.0,0.041666666666666664,639.936,
378821,MSFT,1,12.64,12.64,False,0.0010114869689347202,194,MSFT,30:1,30.0,0.03333333333333333,379.20000000000005,
378821,SMH,1,8.00346525,8.00346525,False,0.0007334111428639483,255,SMH,50:1,50.0,0.02,400.17326249999996,
378821,IBM,1,17.3,17.3,False,0.0008497376836505262,133,IBM,15:1,15.0,0.06666666666666667,259.5,
378821,KO,1,12.93348,12.93348,False,0.0009976385712220325,705,KO,5:1,5.0,0.2,64.6674,
378821,MRNA,1,2.5805842629,2.5805842629,False,0.0006159767302603553,138,MRNA,19:1,19.0,0.05263157894736842,49.0311009951,
387997,GOOGL,1,6.253287,6.253287,False,0.0007100729076461425,1,GOOGL,58:1,58.0,0.017241379310344827,362.690646,
388524,GRMN,1,59.768305,59.768305,False,0.002600961366010038,551,GRMN,3:1,3.0,0.3333333333333333,179.304915,
388524,SMH,1,11.770757,11.770757,False,0.00034665520924071776,81,SMH,50:1,50.0,0.02,588.5378499999999,
389156,PYPL,1,38.387113,38.387113,False,0.16965352449223414,1917,PYPL,8:1,8.0,0.125,307.096904,Comitente no está en hoja 1
404591,ADGO,1,10.004001,10.004001,False,0.03650251909637576,57,AGRO,1:1,1.0,1.0,10.004001,
404591,DISN,1,8.112022,8.112022,False,0.029221517958719325,190,DIS,12:1,12.0,0.08333333333333333,97.344264,
404591,CVX,1,8.650248,8.650248,False,0.0437185112953031,463,CVX,16:1,16.0,0.0625,138.403968,
404591,KO,1,18.481993,18.481993,False,0.05854054932553227,12,KO,5:1,5.0,0.2,92.409965,
404591,PG,1,10.217477,10.217477,False,0.03299203640500569,12,PG,15:1,15.0,0.06666666666666667,153.262155,
428028,B,1,7.400273,7.400273,False,0.011693098056734422,972,B,2:1,2.0,0.5,14.800546,
431061,T,1,4.67,4.67,False,0.053397749666264066,1119,T,3:1,3.0,0.3333333333333333,14.01,
433569,GOOGL,1,6.312298,6.312298,False,0.019303944315545243,6,GOOGL,58:1,58.0,0.017241379310344827,366.113284,
433569,XLK,1,4.450606,4.450606,False,0.014106728538283061,6,XLK,46:1,46.0,0.021739130434782608,204.72787599999998,
433569,MCD,1,10.135877,10.135877,False,0.03136890951276102,6,MCD,24:1,24.0,0.041666666666666664,243.26104800000002,
433569,PG,1,10.181127,10.181127,False,0.03139984532095901,6,PG,15:1,15.0,0.06666666666666667,152.716905,
442120,VZ,1,7.79645325,7.79645325,False,0.003999785246429722,1175,VZ,4:1,4.0,0.25,31.185813,
442120,PFE,1,6.214922,6.214922,False,0.002395844518415119,914,PFE,4:1,4.0,0.25,24.859688,
449572,GE,1,33.485102,33.485102,False,0.012696735761517752,411,GE,8:1,8.0,0.125,267.880816,
449572,JPM,1,19.173596,19.173596,False,0.007360288174533975,411,JPM,15:1,15.0,0.06666666666666667,287.60394,
468654,TSLA,1,15.911427,15.911427,False,0.0981303200386574,999,TSLA,15:1,15.0,0.06666666666666667,238.671405,
477211,UBER,1,39.563419,39.563419,False,0.009998953853947,54,UBER,2:1,2.0,0.5,79.126838,
482152,ILF,1,6.232857,6.232857,False,0.0003331513995902947,165,ILF,6:1,6.0,0.16666666666666666,37.397142,
482152,EWZ,1,20.394032,20.394032,False,0.001133626115019255,165,EWZ,2:1,2.0,0.5,40.788064,
482152,MU,1,222.727214,222.727214,False,0.011230948853665526,8,MU,5:1,5.0,0.2,1113.63607,
482618,MCD,1,10.627033,10.627033,False,0.17351129363449694,1380,MCD,24:1,24.0,0.041666666666666664,255.04879200000002,Comitente no está en hoja 1
484220,QCOM,1,14.037584,14.037584,False,0.013966913173579459,413,QCOM,11:1,11.0,0.09090909090909091,154.41342400000002,
485240,VZ,1,10.445614,10.445614,False,0.008871291844663084,743,VZ,4:1,4.0,0.25,41.782456,
485240,MELI,1,15.22056,15.22056,False,0.012041736748879924,218,MELI,120:1,120.0,0.008333333333333333,1826.4672,
485240,PBR,1,12.88,12.88,False,0.018739859785957755,376,PBR,1:1,1.0,1.0,12.88,
485240,VALE,1,4.673643,4.673643,False,0.005514787967194082,770,VALE,2:1,2.0,0.5,9.347286,
485240,BP,1,5.33625,5.33625,False,0.006928836163910513,526,BP,5:1,5.0,0.2,26.68125,
485240,HSBC,1,18.816356,18.816356,False,0.037576470238006636,766,HSBC,2:1,2.0,0.5,37.632712,
485240,PKS,1,18.022739,18.022739,False,0.015070776833425122,684,PKX,3:1,3.0,0.3333333333333333,54.068217000000004,
485240,ABBV,1,16.60169,16.60169,False,0.020652546030989982,533,ABBV,10:1,10.0,0.1,166.01690000000002,
485240,AMGN,1,8.708735,8.708735,False,0.010404417784260898,901,AMGN,30:1,30.0,0.03333333333333333,261.26205000000004,
485240,CAT,1,15.6936215,15.6936215,False,0.03300686185493354,671,CAT,20:1,20.0,0.05,313.87243,
485240,FDX,1,14.1806435,14.1806435,False,0.02243126981528065,467,FDX,10:1,10.0,0.1,141.806435,
485240,HSY,1,7.45146,7.45146,False,0.005968771861929356,547,HSY,21:1,21.0,0.047619047619047616,156.48066,
485240,KMB,1,21.26,21.26,False,0.012339431106083381,378,KMB,6:1,6.0,0.16666666666666666,127.56,
485240,LMT,1,20.997808,20.997808,False,0.019729693523659258,595,LMT,20:1,20.0,0.05,419.95615999999995,
485240,MO,1,8.431563,8.431563,False,0.013165532947322983,1043,MO,4:1,4.0,0.25,33.726252,
485240,MRK,1,15.292915,15.292915,False,0.021687033922272003,540,MRK,5:1,5.0,0.2,76.464575,
485240,SYY,1,8.671777,8.671777,False,0.007397704776505961,545,SYY,8:1,8.0,0.125,69.374216,
485240,UNH,1,8.927543,8.927543,False,0.00885640712680291,490,UNH,33:1,33.0,0.030303030303030304,294.608919,
485240,XOM,1,10.388219,10.388219,False,0.012711549052587706,648,XOM,10:1,10.0,0.1,103.88219,
494503,QQQ,1,26.331804,26.331804,False,0.36881951584260214,614,QQQ,20:1,20.0,0.05,526.63608,
494515,GOOGL,1,2.387656,2.387656,False,0.09162995594713658,1021,GOOGL,58:1,58.0,0.017241379310344827,138.48404799999997,
494774,MSFT,1,14.116605,14.116605,False,0.05608452607654033,851,MSFT,30:1,30.0,0.03333333333333333,423.49815,
496376,AAPL,1,16.803009,16.803009,False,0.0018998486468503114,26,AAPL,20:1,20.0,0.05,336.06018,
497265,TSLA,1,16.353519,16.353519,False,0.15937217023845457,1083,TSLA,15:1,15.0,0.06666666666666667,245.30278499999997,
497632,MMM,1,14.752069,14.752069,False,0.0010610317972505547,620,MMM,10:1,10.0,0.1,147.52069,
500071,UBER,1,39.46214,39.46214,False,0.011403525296862147,53,UBER,2:1,2.0,0.5,78.92428,
505551,NVDA,1,9.701331,9.701331,False,0.012997228256798261,139,NVDA,24:1,24.0,0.041666666666666664,232.831944,
507537,JNJ,1,10.819289,10.819289,False,0.0817788528631902,1197,JNJ,15:1,15.0,0.06666666666666667,162.289335,
509911,AVGO,1,9.802261,9.802261,False,0.056349482978970605,81,AVGO,39:1,39.0,0.02564102564102564,382.288179,
515995,SHOP,1,0.559861,0.559861,False,0.0007080449336207875,1222,SHOP,107:1,107.0,0.009345794392523364,59.90512700000001,
515995,TSM,1,10.614474,10.614474,False,0.02558947010098718,1126,TSM,9:1,9.0,0.1111111111111111,95.530266,
515995,C,1,14.373795,14.373795,False,0.02025643935095881,1154,C,3:1,3.0,0.3333333333333333,43.121385,
515995,F,1,12.264116,12.264116,False,0.00574605696130716,1135,F,1:1,1.0,1.0,12.264116,
515995,NKE,1,5.155749,5.155749,False,0.0013298536253262226,557,NKE,12:1,12.0,0.08333333333333333,61.868988,
520303,AAP,1,3.599247,3.599247,False,0.06908665105386416,251,AAP,14:1,14.0,0.07142857142857142,50.389458000000005,
533370,SPGI,1,9.38,9.38,False,0.0012552834006416202,127,SPGI,45:1,45.0,0.022222222222222223,422.1,
539589,META,1,11.579511,11.579511,False,0.39396530662106033,1225,META,24:1,24.0,0.041666666666666664,277.90826400000003,
539600,AAL,1,5.25,5.25,False,0.6007194244604317,480,AAL,2:1,2.0,0.5,10.5,Comitente no está en hoja 1
551100,TELFY,1,0.509065,0.509065,False,7.413272597074439e-05,1126,TELFY,8:1,8.0,0.125,4.07252,
551100,ACN,1,3.350724,3.350724,False,0.0004274461433632283,239,ACN,75:1,75.0,0.013333333333333334,251.3043,
553121,SPOT,1,10.445735,10.445735,False,0.04677629861654921,811,SPOT,28:1,28.0,0.03571428571428571,292.48058000000003,
558609,VIST,1,24.359824,24.359824,False,0.010570554108994564,176,VIST,3:1,3.0,0.3333333333333333,73.079472,
558609,META,1,14.322467,14.322467,False,0.014732081677401672,1023,META,24:1,24.0,0.041666666666666664,343.73920799999996,
558609,PLTR,1,52.66163,52.66163,False,0.03010826367000137,435,PLTR,3:1,3.0,0.3333333333333333,157.98489,
563332,BRKB,1,21.843409,21.843409,False,0.019037781574033612,441,BRK/B,22:1,22.0,0.045454545454545456,480.554998,
563332,KO,1,18.387738,18.387738,False,0.014310118787493546,18,KO,5:1,5.0,0.2,91.93869,
574875,PKS,1,26.14378,26.14378,False,0.017234189227142357,1183,PKX,3:1,3.0,0.3333333333333333,78.43134,
574875,GOOGL,1,2.238591,2.238591,False,0.005310683495178683,1069,GOOGL,58:1,58.0,0.017241379310344827,129.838278,
574875,INTC,1,7.115683,7.115683,False,0.020638473518923565,1174,INTC,5:1,5.0,0.2,35.578415,
574875,MSFT,1,14.877078,14.877078,False,0.01554055779198121,827,MSFT,30:1,30.0,0.03333333333333333,446.31233999999995,
574875,NKE,1,6.179138,6.179138,False,0.002493638243729734,827,NKE,12:1,12.0,0.08333333333333333,74.149656,
580789,O,1,4.466633,4.466633,False,0.6321167883211679,13,O,13:1,13.0,0.07692307692307693,58.066229,
581168,SPY,1,13.138717,13.138717,False,0.008927034079018821,127,SPY,60:1,60.0,0.016666666666666666,788.32302,
584711,GOOGL,1,2.46065,2.46065,False,0.0031134461957579296,1098,GOOGL,58:1,58.0,0.017241379310344827,142.71769999999998,
584711,META,1,13.022851,13.022851,False,0.016091128175191222,1029,META,24:1,24.0,0.041666666666666664,312.54842399999995,
584711,AAPL,1,17.389723,17.389723,False,0.008661766980506034,1,AAPL,20:1,20.0,0.05,347.79446,
584711,DIA,1,16.673494,16.673494,False,0.013336925771251515,1093,DIA,20:1,20.0,0.05,333.46988000000005,
584711,QQQ,1,18.504642,18.504642,False,0.019688555590482035,1093,QQQ,20:1,20.0,0.05,370.09284,
592411,CAAP,4,104.100681,416.402724,False,0.00656924149243512,210,CAAP,1:4,0.25,16.0,26.02517025,
600120,BBD,1,2.949912,2.949912,False,0.011170265698079412,986,BBD,1:1,1.0,1.0,2.949912,
609193,GOOGL,1,2.453549,2.453549,False,0.05854207711792851,1156,GOOGL,58:1,58.0,0.017241379310344827,142.305842,
613242,MCD,1,11.795538,11.795538,False,0.011642459383431884,1120,MCD,24:1,24.0,0.041666666666666664,283.092912,
620388,PYPL,1,7.459351,7.459351,False,0.21554341226472373,1098,PYPL,8:1,8.0,0.125,59.674808,
628961,SPY,1,13.493594,13.493594,False,0.47818375310393757,1,SPY,60:1,60.0,0.016666666666666666,809.61564,
636624,PEP,1,7.941455,7.941455,False,0.001102159747973815,607,PEP,18:1,18.0,0.05555555555555555,142.94619,
640159,GOOGL,1,3.250469,3.250469,False,0.0005314772512405395,816,GOOGL,58:1,58.0,0.017241379310344827,188.527202,
645265,AXP,1,23.379843,23.379843,False,0.0033134224958503854,57,AXP,15:1,15.0,0.06666666666666667,350.697645,
648787,MA,1,16.439626,16.439626,False,0.0012890748553681171,559,MA,33:1,33.0,0.030303030303030304,542.507658,
648787,MCD,1,13.266947,13.266947,False,0.0007339258300635996,1133,MCD,24:1,24.0,0.041666666666666664,318.406728,
648787,PYPL,1,8.822037,8.822037,False,0.0005138928395908833,559,PYPL,8:1,8.0,0.125,70.576296,
648787,QQQ,1,24.510316,24.510316,False,0.0028560861197544024,559,QQQ,20:1,20.0,0.05,490.20632,
648787,UNH,1,8.79,8.79,False,0.0008613133508635933,207,UNH,33:1,33.0,0.030303030303030304,290.07,
650633,QQQ,1,36.809377,36.809377,False,0.002247308753797246,26,QQQ,20:1,20.0,0.05,736.1875399999999,
650657,AAPL,1,10.6681465714,10.6681465714,False,0.02736487019026151,815,AAPL,20:1,20.0,0.05,213.362931428,
681044,GOOGL,1,2.626516,2.626516,False,0.0005056570381138993,1083,GOOGL,58:1,58.0,0.017241379310344827,152.337928,
683388,KO,1,15.36,15.36,False,0.00035942235379532846,200,KO,5:1,5.0,0.2,76.8,
700596,GS,1,54.663202,54.663202,False,0.002724281637387205,406,GS,13:1,13.0,0.07692307692307693,710.621626,
700596,QQQ,1,30.142142,30.142142,False,0.0014947184845842479,378,QQQ,20:1,20.0,0.05,602.84284,
712984,LAC,1,2.71,2.71,False,0.0035006752238727692,817,LAC,1:1,1.0,1.0,2.71,
721251,COPX,1,6.2758271765,6.2758271765,False,0.0007645114949340742,190,COPX,14:1,14.0,0.07142857142857142,87.861580471,
721251,UGP,1,3.406328,3.406328,False,0.0009600842029404653,404,UGP,1:1,1.0,1.0,3.406328,
721251,QCOM,1,17.956625,17.956625,False,0.0020304002958481692,118,QCOM,11:1,11.0,0.09090909090909091,197.522875,
721251,SMH,1,11.309519,11.309519,False,0.0015693228206088592,67,SMH,50:1,50.0,0.02,565.47595,
721251,TSM,1,51.530437,51.530437,False,0.006682660168121412,97,TSM,9:1,9.0,0.1111111111111111,463.773933,
721251,ABT,1,28.372408,28.372408,False,0.0030983458104770077,257,ABT,4:1,4.0,0.25,113.489632,
721251,HON,1,28.179927,28.179927,False,0.0033022155424594275,4,HON,8:1,8.0,0.125,225.439416,
721251,JPM,1,21.1811743333,21.1811743333,False,0.0027415737795077728,148,JPM,15:1,15.0,0.06666666666666667,317.7176149995,
721251,VIG,1,5.358865,5.358865,False,0.0007502880252608821,406,VIG,39:1,39.0,0.02564102564102564,208.995735,
721251,XOM,1,10.888649,10.888649,False,0.0020244738501510057,386,XOM,10:1,10.0,0.1,108.88649,
732281,COIN,1,6.998202,6.998202,False,0.29468990676935547,218,COIN,27:1,27.0,0.037037037037037035,188.951454,
732281,GOOGL,1,5.459164,5.459164,False,0.2529387920551277,218,GOOGL,58:1,58.0,0.017241379310344827,316.63151200000004,
733526,AMZN,1,0.858341,0.858341,False,0.02668416447944007,1076,AMZN,144:1,144.0,0.006944444444444444,123.601104,Comitente no está en hoja 1
742032,MU,1,228.5,228.5,False,0.020505377785378524,4,MU,5:1,5.0,0.2,1142.5,
743645,AMD,1,18.813861,18.813861,False,0.03902681760827454,816,AMD,10:1,10.0,0.1,188.13861,
743645,AAL,1,5.524941,5.524941,False,0.003957181870420066,820,AAL,2:1,2.0,0.5,11.049882,
743657,GLOB,1,11.014665,11.014665,False,0.00030242009839717346,812,GLOB,18:1,18.0,0.05555555555555555,198.26397000000003,
749844,CSCO,1,9.006096,9.006096,False,0.03219616496936635,1055,CSCO,5:1,5.0,0.2,45.03048,
749844,HSY,1,9.204913,9.204913,False,0.010992475225811756,1058,HSY,21:1,21.0,0.047619047619047616,193.303173,
757027,GOOGL,1,6.164609,6.164609,False,0.011949673490491966,32,GOOGL,58:1,58.0,0.017241379310344827,357.54732199999995,
757027,MSFT,1,17.556596,17.556596,False,0.03496811505390758,32,MSFT,30:1,30.0,0.03333333333333333,526.6978799999999,
757027,NVDA,1,10.213747,10.213747,False,0.0199352726019265,32,NVDA,24:1,24.0,0.041666666666666664,245.129928,
757027,AAPL,1,16.856973,16.856973,False,0.033244604454317386,32,AAPL,20:1,20.0,0.05,337.13946,
757027,AMZN,1,1.881063,1.881063,False,0.0035044715525000478,32,AMZN,144:1,144.0,0.006944444444444444,270.873072,
757027,KO,1,18.529432,18.529432,False,0.034489362109576975,32,KO,5:1,5.0,0.2,92.64716,
757027,SCCO,1,104.316546,104.316546,False,0.20574886535552192,32,SCCO,2:1,2.0,0.5,208.633092,
769019,TELFY,1,0.504483,0.504483,False,0.0033761942389196175,910,TELFY,8:1,8.0,0.125,4.035864,
769019,HUT,1,19.699762,19.699762,False,0.13332375547733638,62,HUT,5:1,5.0,0.2,98.49880999999999,
790605,MELI,1,16.526204,16.526204,False,0.07360902597698012,62,MELI,120:1,120.0,0.008333333333333333,1983.14448,
790605,META,1,25.404801,25.404801,False,0.14671761976252218,62,META,24:1,24.0,0.041666666666666664,609.715224,
790605,KO,1,17.970558,17.970558,False,0.08193439788908603,62,KO,5:1,5.0,0.2,89.85279,
790605,TSLA,1,22.293916,22.293916,False,0.12010372594513442,62,TSLA,15:1,15.0,0.06666666666666667,334.40873999999997,
809251,NVDA,1,9.437631,9.437631,False,0.0012052168174634874,26,NVDA,24:1,24.0,0.041666666666666664,226.503144,
818112,GE,1,20.940862,20.940862,False,0.0038478080994913946,858,GE,8:1,8.0,0.125,167.526896,
818112,MRK,1,25.18909,25.18909,False,0.0028101535844405824,816,MRK,5:1,5.0,0.2,125.94545,
818112,TSLA,1,12.304374,12.304374,False,0.0025459181410168626,865,TSLA,15:1,15.0,0.06666666666666667,184.56561,
818205,C,1,23.090429,23.090429,False,0.006670981454880818,648,C,3:1,3.0,0.3333333333333333,69.271287,
818205,MO,1,9.175052,9.175052,False,0.002644177950635036,992,MO,4:1,4.0,0.25,36.700208,
823000,AMD,1,16.454297,16.454297,False,0.10082027424094024,994,AMD,10:1,10.0,0.1,164.54297,
823000,XLC,1,6.321387,6.321387,False,0.009350514201762977,273,XLC,19:1,19.0,0.05263157894736842,120.106353,
823000,XLE,1,23.245876,23.245876,False,0.050501958863858956,273,XLE,2:1,2.0,0.5,46.491752,
823000,XLF,1,28.808745,28.808745,False,0.04304909402546522,273,XLF,2:1,2.0,0.5,57.61749,
823000,XLV,1,5.570616,5.570616,False,0.009197477962781586,273,XLV,29:1,29.0,0.034482758620689655,161.547864,
827639,VZ,1,10.080992,10.080992,False,0.0021450731700294406,985,VZ,4:1,4.0,0.25,40.323968,
827639,KO,1,12.027048,12.027048,False,0.003241004009415288,984,KO,5:1,5.0,0.2,60.13524,
827639,PFE,1,7.120251,7.120251,False,0.0012848844323834067,985,PFE,4:1,4.0,0.25,28.481004,
827639,XOM,1,10.064993,10.064993,False,0.0030736451127603057,985,XOM,10:1,10.0,0.1,100.64993,
829702,PLTR,1,7.341217,7.341217,False,0.03936217862581743,868,PLTR,3:1,3.0,0.3333333333333333,22.023651,
829702,QQQ,1,22.772643,22.772643,False,0.023565947027382125,971,QQQ,20:1,20.0,0.05,455.45286,
829702,TSLA,1,12.041813,12.041813,False,0.01576637104720953,868,TSLA,15:1,15.0,0.06666666666666667,180.627195,
830333,PBR,1,13.16,13.16,False,0.007138968903808206,329,PBR,1:1,1.0,1.0,13.16,
830333,GOOGL,1,4.044538,4.044538,False,0.0017691487672662116,393,GOOGL,58:1,58.0,0.017241379310344827,234.58320400000002,
830333,SMH,1,6.196994,6.196994,False,0.003753770781827667,393,SMH,50:1,50.0,0.02,309.8497,
830333,JNJ,1,11.670084,11.670084,False,0.004984236430855769,393,JNJ,15:1,15.0,0.06666666666666667,175.05125999999998,
830333,WMT,1,5.642611,5.642611,False,0.0017237859783619499,393,WMT,18:1,18.0,0.05555555555555555,101.566998,
832563,XLE,1,27.739851,27.739851,False,0.03825244294010594,236,XLE,2:1,2.0,0.5,55.479702,
832593,MELI,1,17.596984,17.596984,False,0.05562048814025439,301,MELI,120:1,120.0,0.008333333333333333,2111.6380799999997,
832593,AMZN,1,1.621562,1.621562,False,0.006290821588174631,301,AMZN,144:1,144.0,0.006944444444444444,233.504928,
842297,AAL,1,7.35,7.35,False,0.5709401709401709,230,AAL,2:1,2.0,0.5,14.7,Comitente no está en hoja 1
844214,AMZN,1,1.192635,1.192635,False,0.3616600790513834,984,AMZN,144:1,144.0,0.006944444444444444,171.73943999999997,
849516,MSFT,1,16.54631,16.54631,False,0.017453641751099216,453,MSFT,30:1,30.0,0.03333333333333333,496.38929999999993,
878696,VIST,1,25.786587,25.786587,False,0.039195758592069384,118,VIST,3:1,3.0,0.3333333333333333,77.359761,
878696,MELI,1,14.306998,14.306998,False,0.027406541660314716,953,MELI,120:1,120.0,0.008333333333333333,1716.83976,
878696,GOOGL,1,2.38172,2.38172,False,0.010569642766400732,946,GOOGL,58:1,58.0,0.017241379310344827,138.13976,
878696,SHOP,1,0.754037,0.754037,False,0.002642410691600183,950,SHOP,107:1,107.0,0.009345794392523364,80.68195899999999,
878696,AXP,1,20.088377,20.088377,False,0.03580805257719735,483,AXP,15:1,15.0,0.06666666666666667,301.32565500000004,
878696,CAT,1,17.868384,17.868384,False,0.07512238087978726,483,CAT,20:1,20.0,0.05,357.36767999999995,
878696,JPM,1,17.691977,17.691977,False,0.039178820061995016,483,JPM,15:1,15.0,0.06666666666666667,265.379655,
878696,KO,1,14.137911,14.137911,False,0.030506292663922626,483,KO,5:1,5.0,0.2,70.689555,
878696,MCD,1,12.411801,12.411801,False,0.01717566949540119,483,MCD,24:1,24.0,0.041666666666666664,297.88322400000004,
878696,TSLA,1,14.089759,14.089759,False,0.044717719396310786,953,TSLA,15:1,15.0,0.06666666666666667,211.346385,
890058,XROX,1,3.834494,3.834494,False,0.00016114873822597377,383,XRX,1:1,1.0,1.0,3.834494,
890058,IBIT,1,6.2698492759,6.2698492759,False,0.00026051521259534417,342,IBIT,10:1,10.0,0.1,62.698492759000004,
893616,GOOGL,1,3.140371,3.140371,False,0.316751269035533,834,GOOGL,58:1,58.0,0.017241379310344827,182.141518,
902276,IVV,1,1.178468,1.178468,False,0.015974877116329875,4,IVV,692:1,692.0,0.001445086705202312,815.499856,
904325,DIA,1,21.932557,21.932557,False,0.11214129887565027,424,DIA,20:1,20.0,0.05,438.65114,
905029,QQQ,1,37.47,37.47,False,0.0496389664628777,27,QQQ,20:1,20.0,0.05,749.4,
905034,AMD,1,14.5184036562,14.5184036562,False,0.029762684604993872,522,AMD,10:1,10.0,0.1,145.18403656200002,
906928,HUT,1,18.178132,18.178132,False,0.0012436052491398284,40,HUT,5:1,5.0,0.2,90.89066000000001,
906928,NVDA,1,6.3802725,6.3802725,False,0.0006975178148462077,462,NVDA,24:1,24.0,0.041666666666666664,153.12654,
906928,VST,1,5.583824,5.583824,False,0.00038996673221949364,5,VST,26:1,26.0,0.038461538461538464,145.17942399999998,
912819,GOOGL,1,3.14623,3.14623,False,0.20560131795716638,832,GOOGL,58:1,58.0,0.017241379310344827,182.48134000000002,Comitente no está en hoja 1
912819,NVDA,1,5.148941,5.148941,False,0.342998352553542,832,NVDA,24:1,24.0,0.041666666666666664,123.57458399999999,Comitente no está en hoja 1
919762,B,1,9.356154,9.356154,False,0.6840901666122183,566,B,2:1,2.0,0.5,18.712308,Comitente no está en hoja 1
921793,GOOGL,1,3.289326,3.289326,False,0.004182613999691666,820,GOOGL,58:1,58.0,0.017241379310344827,190.780908,
921793,KO,1,14.099917,14.099917,False,0.012071935598469056,350,KO,5:1,5.0,0.2,70.499585,
927453,VIST,1,26.09454,26.09454,False,0.00543515280201622,131,VIST,3:1,3.0,0.3333333333333333,78.28362,
933206,AMD,1,44.815788,44.815788,False,0.018417205046560192,69,AMD,10:1,10.0,0.1,448.15788,
957743,NEM,1,34.050119,34.050119,False,0.0561994496789794,63,NEM,3:1,3.0,0.3333333333333333,102.15035700000001,
963867,MELI,1,13.41219,13.41219,False,0.0020773258217505514,845,MELI,120:1,120.0,0.008333333333333333,1609.4628,
982458,AMZN,1,1.356212,1.356212,False,0.29001584786053886,827,AMZN,144:1,144.0,0.006944444444444444,195.29452799999999,
987777,MU,1,41.834536,41.834536,False,0.013944593782453775,351,MU,5:1,5.0,0.2,209.17268,
1032670,GE,1,33.009923,33.009923,False,0.013857967984273464,433,GE,8:1,8.0,0.125,264.079384,
1032670,JPM,1,19.343431,19.343431,False,0.008033453620958527,433,JPM,15:1,15.0,0.06666666666666667,290.151465,
1059420,ASML,1,9.909256,9.909256,False,0.00042855539747626333,246,ASML,146:1,146.0,0.00684931506849315,1446.751376,
1059420,PLTR,1,52.084049,52.084049,False,0.0021253639012536133,246,PLTR,3:1,3.0,0.3333333333333333,156.252147,
1070809,HSBC,1,55.026708,55.026708,False,0.003061697850626257,67,HSBC,2:1,2.0,0.5,110.053416,
1080778,LAR,1,1.862858,1.862858,False,0.06233351092168354,546,LAR,1:1,1.0,1.0,1.862858,
1080778,GOOGL,1,2.580458,2.580458,False,0.06648907831646245,546,GOOGL,58:1,58.0,0.017241379310344827,149.666564,
1083539,EWY,1,3.54602,3.54602,False,0.0020069540959424407,80,EWY,50:1,50.0,0.02,177.301,
1083539,SATL,1,6.326744,6.326744,False,0.002789666193359992,8,SATL,1:1,1.0,1.0,6.326744,
1083539,RIOT,1,8.10034325,8.10034325,False,0.0033566307254637323,12,RIOT,3:1,3.0,0.3333333333333333,24.301029749999998,
1083539,EWJ,1,6.8448477709,6.8448477709,False,0.0037228998479732272,88,EWJ,14:1,14.0,0.07142857142857142,95.8278687926,
1083539,XLK,1,4.164617,4.164617,False,0.0022879276693743822,74,XLK,46:1,46.0,0.021739130434782608,191.572382,
1083539,XLC,1,6.213096,6.213096,False,0.003065622381552078,15,XLC,19:1,19.0,0.05263157894736842,118.048824,
1091739,AMZN,1,1.515998,1.515998,False,0.003169709356704888,586,AMZN,144:1,144.0,0.006944444444444444,218.303712,
1110885,TELFY,1,0.517582,0.517582,False,0.0002829007560071267,322,TELFY,8:1,8.0,0.125,4.140656,
1110885,ADBE,1,7.566484,7.566484,False,0.003400828237106949,322,ADBE,44:1,44.0,0.022727272727272728,332.925296,
1110885,AMZN,1,1.592578,1.592578,False,0.0011015071989213658,322,AMZN,144:1,144.0,0.006944444444444444,229.331232,
1111775,VIST,1,16.381907,16.381907,False,0.3963686193902021,720,VIST,3:1,3.0,0.3333333333333333,49.14572100000001,Comitente no está en hoja 1
1111775,CVX,1,8.989925,8.989925,False,0.23038711887632748,720,CVX,16:1,16.0,0.0625,143.8388,Comitente no está en hoja 1
1138670,EWY,1,3.555,3.555,False,0.01048163094177454,155,EWY,50:1,50.0,0.02,177.75,
1138670,KO,1,12.891336,12.891336,False,0.04719354331533987,705,KO,5:1,5.0,0.2,64.45668,
1166086,C,1,30.35464,30.35464,False,0.08087782247834438,427,C,3:1,3.0,0.3333333333333333,91.06392,
1182267,AAPL,1,13.510689,13.510689,False,0.05801169590643274,273,AAPL,20:1,20.0,0.05,270.21378,
1182267,QQQ,1,37.550159,37.550159,False,0.13186299081035924,28,QQQ,20:1,20.0,0.05,751.00318,
1200812,HMY,1,15.211426,15.211426,False,0.012587188884329994,553,HMY,1:1,1.0,1.0,15.211426,
1200812,KO,1,16.78775,16.78775,False,0.012524600652308463,137,KO,5:1,5.0,0.2,83.93875,
1200812,PEP,1,8.542763,8.542763,False,0.005055738297739173,137,PEP,18:1,18.0,0.05555555555555555,153.76973400000003,
1246440,MU,1,224.0,224.0,False,0.004228886025401913,14,MU,5:1,5.0,0.2,1120.0,
1260804,XLE,1,32.191686,32.191686,False,0.020615980508527518,53,XLE,2:1,2.0,0.5,64.383372,
1282821,AAPL,1,11.503601,11.503601,False,0.5849056603773585,603,AAPL,20:1,20.0,0.05,230.07202,Comitente no está en hoja 1
1282821,AMZN,1,1.636239,1.636239,False,0.061657681940700815,603,AMZN,144:1,144.0,0.006944444444444444,235.618416,Comitente no está en hoja 1
1298819,AAP,1,3.500242,3.500242,False,0.04989851150202978,253,AAP,14:1,14.0,0.07142857142857142,49.003388,
1298819,AAPL,1,13.107258,13.107258,False,0.2936400541271989,253,AAPL,20:1,20.0,0.05,262.14516,
1332545,GOOGL,1,6.01,6.01,False,0.19390926041019269,266,GOOGL,58:1,58.0,0.017241379310344827,348.58,Comitente no está en hoja 1
1360758,VIST,1,15.3228,15.3228,False,0.01208796949276498,524,VIST,3:1,3.0,0.3333333333333333,45.9684,
1361007,MELI,1,15.216556,15.216556,False,0.08314491264131552,215,MELI,120:1,120.0,0.008333333333333333,1825.98672,
1361007,META,1,23.813958,23.813958,False,0.1657245632065776,102,META,24:1,24.0,0.041666666666666664,571.534992,
1362379,SMH,1,12.734077,12.734077,False,0.13159725673392308,11,SMH,50:1,50.0,0.02,636.70385,
1372828,MELI,1,15.099697,15.099697,False,0.01686453132654444,223,MELI,120:1,120.0,0.008333333333333333,1811.9636400000002,
1372828,META,1,23.689273,23.689273,False,0.03361440885544241,67,META,24:1,24.0,0.041666666666666664,568.542552,
1401326,SLV,1,14.81,14.81,False,0.0014441935279627825,259,SLV,6:1,6.0,0.16666666666666666,88.86,
1401326,RTX,1,41.76,41.76,False,0.005805416780986092,259,RTX,5:1,5.0,0.2,208.79999999999998,
1428915,SPY,1,13.389456,13.389456,False,0.06410500285333841,8,SPY,60:1,60.0,0.016666666666666666,803.36736,
1432440,GLD,1,8.700724,8.700724,False,0.0607197549770291,138,GLD,50:1,50.0,0.02,435.03619999999995,
1432440,AMZN,1,1.902844,1.902844,False,0.014012251148545178,138,AMZN,144:1,144.0,0.006944444444444444,274.009536,
1472714,GE,1,36.652454,36.652454,False,0.00418976814516129,301,GE,8:1,8.0,0.125,293.219632,
1472714,AMD,1,22.335433,22.335433,False,0.006917842741935483,273,AMD,10:1,10.0,0.1,223.35432999999998,
1472714,GILD,1,30.083983,30.083983,False,0.003958753360215054,301,GILD,4:1,4.0,0.25,120.335932,
1501198,AMAT,1,68.446526,68.446526,False,0.05784239967654931,249,AMAT,5:1,5.0,0.2,342.23263000000003,
1501405,AAPL,1,13.268264,13.268264,False,0.1675352248600656,266,AAPL,20:1,20.0,0.05,265.36528,
1543140,EWZ,1,18.772761,18.772761,False,0.08585451896161662,64,EWZ,2:1,2.0,0.5,37.545522,
1543140,GGB,4,19.565997,78.263988,False,0.08255684650485065,83,GGB,1:4,0.25,16.0,4.89149925,
1546139,TSM,1,50.446279,50.446279,False,0.002168759325799735,127,TSM,9:1,9.0,0.1111111111111111,454.016511,
1582483,DISN,1,9.100868,9.100868,False,0.049398318588933454,49,DIS,12:1,12.0,0.08333333333333333,109.21041600000001,
1582483,NVDA,1,9.546818,9.546818,False,0.057200945106874,127,NVDA,24:1,24.0,0.041666666666666664,229.123632,
1582483,SMH,1,9.815043,9.815043,False,0.07275125006868509,167,SMH,50:1,50.0,0.02,490.75215,
1582483,AXP,1,21.566975,21.566975,False,0.11616022858398813,127,AXP,15:1,15.0,0.06666666666666667,323.504625,
1582483,KO,1,18.474916,18.474916,False,0.09896148140007693,49,KO,5:1,5.0,0.2,92.37458000000001,
1603816,GOOGL,1,7.120424,7.120424,False,0.2620747585048299,152,GOOGL,58:1,58.0,0.017241379310344827,412.984592,Comitente no está en hoja 1
1603816,AAPL,1,13.648311,13.648311,False,0.7291054178916422,179,AAPL,20:1,20.0,0.05,272.96622,Comitente no está en hoja 1
1618554,BRKB,1,21.978641,21.978641,False,0.0001736784382858025,166,BRK/B,22:1,22.0,0.045454545454545456,483.530102,
1618554,VZ,1,11.830319,11.830319,False,8.640429817891343e-05,166,VZ,4:1,4.0,0.25,47.321276,
1618554,MELI,1,16.061314,16.061314,False,0.0001172836866220486,166,MELI,120:1,120.0,0.008333333333333333,1927.3576799999998,
1618554,INTC,1,13.525317,13.525317,False,0.0001757805562784103,166,INTC,5:1,5.0,0.2,67.62658499999999,
1618554,MSFT,1,14.915338,14.915338,False,0.0001323609467069597,166,MSFT,30:1,30.0,0.03333333333333333,447.46014,
1618554,CSCO,1,18.617756,18.617756,False,0.00017027155740123123,166,CSCO,5:1,5.0,0.2,93.08878,
1618554,OKLO,1,2.666319,2.666319,False,9.640748035063329e-06,166,OKLO,28:1,28.0,0.03571428571428571,74.656932,
1618554,UNH,1,10.931587,10.931587,False,8.625932452425083e-05,166,UNH,33:1,33.0,0.030303030303030304,360.742371,
1641377,MELI,1,14.05334,14.05334,False,0.005429876401515533,124,MELI,120:1,120.0,0.008333333333333333,1686.4008000000001,
1641377,SAN,4,51.918332,207.673328,False,0.01943748091321259,124,SAN,1:4,0.25,16.0,12.979583,
1641377,META,1,27.11085,27.11085,False,0.010822837697705558,124,META,24:1,24.0,0.041666666666666664,650.6604,
1641377,QQQ,1,38.533538,38.533538,False,0.013242455055859267,5,QQQ,20:1,20.0,0.05,770.67076,
271091,GLD,0,,0.0,False,0.0,76,GLD,50:1,50.0,0.0,,Posición en 0 (cerrada)
271091,QQQ,0,,0.0,False,0.0,70,QQQ,20:1,20.0,0.0,,Posición en 0 (cerrada)
271091,SPY,0,,0.0,False,0.0,62,SPY,60:1,60.0,0.0,,Posición en 0 (cerrada)
279119,NU,0,,0.0,False,0.0,79,NU,2:1,2.0,0.0,,Posición en 0 (cerrada)
279119,IBM,0,,0.0,False,0.0,61,IBM,15:1,15.0,0.0,,Posición en 0 (cerrada)
358472,META,0,,0.0,False,0.0,724,META,24:1,24.0,0.0,,Posición en 0 (cerrada)
358472,MSFT,0,,0.0,False,0.0,606,MSFT,30:1,30.0,0.0,,Posición en 0 (cerrada)
358472,SPY,0,,0.0,False,0.0,488,SPY,60:1,60.0,0.0,,Posición en 0 (cerrada)
511808,MELI,0,,0.0,False,0.0,163,MELI,120:1,120.0,0.0,,Posición en 0 (cerrada)
511808,BBD,0,,0.0,False,0.0,154,BBD,1:1,1.0,0.0,,Posición en 0 (cerrada)
511808,NU,0,,0.0,False,0.0,155,NU,2:1,2.0,0.0,,Posición en 0 (cerrada)
604953,PAGS,0,,0.0,False,0.0,214,PAGS,3:1,3.0,0.0,,Posición en 0 (cerrada)
604953,STNE,0,,0.0,False,0.0,275,STNE,3:1,3.0,0.0,,Posición en 0 (cerrada)
625209,BBD,0,,0.0,False,0.0,410,BBD,1:1,1.0,0.0,,Posición en 0 (cerrada)
648787,NFLX,0,,0.0,False,0.0,310,NFLX,48:1,48.0,0.0,,Posición en 0 (cerrada)
742032,NU,0,,0.0,False,0.0,4,NU,2:1,2.0,0.0,,Posición en 0 (cerrada)
841472,E,0,,0.0,False,0.0,73,E,4:1,4.0,0.0,,Posición en 0 (cerrada)
841472,RKLB,0,,0.0,False,0.0,13,RKLB,12:1,12.0,0.0,,Posición en 0 (cerrada)
1083539,HUT,0,,0.0,False,0.0,12,HUT,5:1,5.0,0.0,,Posición en 0 (cerrada)
1099913,RSP,0,,0.0,False,0.0,73,RSP,30:1,30.0,0.0,,Posición en 0 (cerrada)
1099913,GOOGL,0,,0.0,False,0.0,303,GOOGL,58:1,58.0,0.0,,Posición en 0 (cerrada)
1099913,AMZN,0,,0.0,False,0.0,378,AMZN,144:1,144.0,0.0,,Posición en 0 (cerrada)
1257768,NU,0,,0.0,False,0.0,96,NU,2:1,2.0,0.0,,Posición en 0 (cerrada)
1646744,MSFT,0,,0.0,False,0.0,57,MSFT,30:1,30.0,0.0,,Posición en 0 (cerrada)
275598,OTRO,0,,,False,,,,,,,,Sin CEDEARs: tenencia en otros activos
293510,OTRO,0,,,False,,,,,,,,Sin CEDEARs: tenencia en otros activos
271117,OTRO,0,,,False,,,,,,,,Sin CEDEARs: tenencia en otros activos
1407658,OTRO,0,,,False,,,,,,,,Sin CEDEARs: tenencia en otros activos
1593913,OTRO,0,,,False,,,,,,,,Sin CEDEARs: tenencia en otros activos
314124,OTRO,0,,,False,,,,,,,,Sin CEDEARs: tenencia en otros activos
274941,OTRO,0,,,False,,,,,,,,Sin CEDEARs: tenencia en otros activos
273360,OTRO,0,,,False,,,,,,,,Sin CEDEARs: tenencia en otros activos
1680994,OTRO,0,,,False,,,,,,,,Sin CEDEARs: tenencia en otros activos
997764,OTRO,0,,,False,,,,,,,,Sin CEDEARs: tenencia en otros activos
743340,OTRO,0,,,False,,,,,,,,Sin CEDEARs: tenencia en otros activos
357185,OTRO,0,,,False,,,,,,,,Sin CEDEARs: tenencia en otros activos
890569,OTRO,0,,,False,,,,,,,,Sin CEDEARs: tenencia en otros activos
270998,OTRO,0,,,False,,,,,,,,Sin CEDEARs: tenencia en otros activos
1176071,OTRO,0,,,False,,,,,,,,Sin CEDEARs: tenencia en otros activos
1235236,OTRO,0,,,False,,,,,,,,Sin CEDEARs: tenencia en otros activos
109381,OTRO,0,,,False,,,,,,,,Sin CEDEARs: tenencia en otros activos
272437,OTRO,0,,,False,,,,,,,,Sin CEDEARs: tenencia en otros activos
527782,OTRO,0,,,False,,,,,,,,Sin CEDEARs: tenencia en otros activos
373013,OTRO,0,,,False,,,,,,,,Sin CEDEARs: tenencia en otros activos
530757,OTRO,0,,,False,,,,,,,,Sin CEDEARs: tenencia en otros activos
963878,OTRO,0,,,False,,,,,,,,Sin CEDEARs: tenencia en otros activos
432770,OTRO,0,,,False,,,,,,,,Sin CEDEARs: tenencia en otros activos
1004033,OTRO,0,,,False,,,,,,,,Sin CEDEARs: tenencia en otros activos
963627,OTRO,0,,,False,,,,,,,,Sin CEDEARs: tenencia en otros activos
1226829,OTRO,0,,,False,,,,,,,,Sin CEDEARs: tenencia en otros activos
509043,OTRO,0,,,False,,,,,,,,Sin CEDEARs: tenencia en otros activos
750048,OTRO,0,,,False,,,,,,,,Sin CEDEARs: tenencia en otros activos
71397,OTRO,0,,,False,,,,,,,,Sin CEDEARs: tenencia en otros activos
275579,OTRO,0,,,False,,,,,,,,Sin CEDEARs: tenencia en otros activos
990365,OTRO,0,,,False,,,,,,,,Sin CEDEARs: tenencia en otros activos
762127,OTRO,0,,,False,,,,,,,,Sin CEDEARs: tenencia en otros activos
917467,OTRO,0,,,False,,,,,,,,Sin CEDEARs: tenencia en otros activos
384654,OTRO,0,,,False,,,,,,,,Sin CEDEARs: tenencia en otros activos
1621322,OTRO,0,,,False,,,,,,,,Sin CEDEARs: tenencia en otros activos
854300,OTRO,0,,,False,,,,,,,,Sin CEDEARs: tenencia en otros activos
72525,OTRO,0,,,False,,,,,,,,Sin CEDEARs: tenencia en otros activos
274461,OTRO,0,,,False,,,,,,,,Sin CEDEARs: tenencia en otros activos
838480,OTRO,0,,,False,,,,,,,,Sin CEDEARs: tenencia en otros activos
884185,OTRO,0,,,False,,,,,,,,Sin CEDEARs: tenencia en otros activos
895051,OTRO,0,,,False,,,,,,,,Sin CEDEARs: tenencia en otros activos
586160,OTRO,0,,,False,,,,,,,,Sin CEDEARs: tenencia en otros activos
832002,OTRO,0,,,False,,,,,,,,Sin CEDEARs: tenencia en otros activos
427093,OTRO,0,,,False,,,,,,,,Sin CEDEARs: tenencia en otros activos
273574,OTRO,0,,,False,,,,,,,,Sin CEDEARs: tenencia en otros activos
532200,OTRO,0,,,False,,,,,,,,Sin CEDEARs: tenencia en otros activos
497697,OTRO,0,,,False,,,,,,,,Sin CEDEARs: tenencia en otros activos
1404903,OTRO,0,,,False,,,,,,,,Sin CEDEARs: tenencia en otros activos
263767,OTRO,0,,,False,,,,,,,,Sin CEDEARs: tenencia en otros activos
1267794,OTRO,0,,,False,,,,,,,,Sin CEDEARs: tenencia en otros activos
957686,OTRO,0,,,False,,,,,,,,Sin CEDEARs: tenencia en otros activos
718733,OTRO,0,,,False,,,,,,,,Sin CEDEARs: tenencia en otros activos
1085020,OTRO,0,,,False,,,,,,,,Sin CEDEARs: tenencia en otros activos
390139,OTRO,0,,,False,,,,,,,,Sin CEDEARs: tenencia en otros activos
421452,OTRO,0,,,False,,,,,,,,Sin CEDEARs: tenencia en otros activos
1346543,OTRO,0,,,False,,,,,,,,Sin CEDEARs: tenencia en otros activos
270251,OTRO,0,,,False,,,,,,,,Sin CEDEARs: tenencia en otros activos
1272275,OTRO,0,,,False,,,,,,,,Sin CEDEARs: tenencia en otros activos
266892,OTRO,0,,,False,,,,,,,,Sin CEDEARs: tenencia en otros activos
588824,OTRO,0,,,False,,,,,,,,Sin CEDEARs: tenencia en otros activos
438539,OTRO,0,,,False,,,,,,,,Sin CEDEARs: tenencia en otros activos
996492,OTRO,0,,,False,,,,,,,,Sin CEDEARs: tenencia en otros activos
710168,OTRO,0,,,False,,,,,,,,Sin CEDEARs: tenencia en otros activos
383291,OTRO,0,,,False,,,,,,,,Sin CEDEARs: tenencia en otros activos
936966,OTRO,0,,,False,,,,,,,,Sin CEDEARs: tenencia en otros activos
496405,OTRO,0,,,False,,,,,,,,Sin CEDEARs: tenencia en otros activos
70976,OTRO,0,,,False,,,,,,,,Sin CEDEARs: tenencia en otros activos
435075,OTRO,0,,,False,,,,,,,,Sin CEDEARs: tenencia en otros activos
1403982,OTRO,0,,,False,,,,,,,,Sin CEDEARs: tenencia en otros activos
1439164,OTRO,0,,,False,,,,,,,,Sin CEDEARs: tenencia en otros activos
560657,OTRO,0,,,False,,,,,,,,Sin CEDEARs: tenencia en otros activos
390693,OTRO,0,,,False,,,,,,,,Sin CEDEARs: tenencia en otros activos
713811,OTRO,0,,,False,,,,,,,,Sin CEDEARs: tenencia en otros activos
661900,OTRO,0,,,False,,,,,,,,Sin CEDEARs: tenencia en otros activos
442870,OTRO,0,,,False,,,,,,,,Sin CEDEARs: tenencia en otros activos
982426,OTRO,0,,,False,,,,,,,,Sin CEDEARs: tenencia en otros activos
1412507,OTRO,0,,,False,,,,,,,,Sin CEDEARs: tenencia en otros activos
401005,OTRO,0,,,False,,,,,,,,Sin CEDEARs: tenencia en otros activos
1416456,OTRO,0,,,False,,,,,,,,Sin CEDEARs: tenencia en otros activos
778924,OTRO,0,,,False,,,,,,,,Sin CEDEARs: tenencia en otros activos
1269438,OTRO,0,,,False,,,,,,,,Sin CEDEARs: tenencia en otros activos
661177,OTRO,0,,,False,,,,,,,,Sin CEDEARs: tenencia en otros activos
606850,OTRO,0,,,False,,,,,,,,Sin CEDEARs: tenencia en otros activos
703582,OTRO,0,,,False,,,,,,,,Sin CEDEARs: tenencia en otros activos
922736,OTRO,0,,,False,,,,,,,,Sin CEDEARs: tenencia en otros activos
793629,OTRO,0,,,False,,,,,,,,Sin CEDEARs: tenencia en otros activos
951562,OTRO,0,,,False,,,,,,,,Sin CEDEARs: tenencia en otros activos
617899,OTRO,0,,,False,,,,,,,,Sin CEDEARs: tenencia en otros activos
452380,OTRO,0,,,False,,,,,,,,Sin CEDEARs: tenencia en otros activos
520307,OTRO,0,,,False,,,,,,,,Sin CEDEARs: tenencia en otros activos
943035,OTRO,0,,,False,,,,,,,,Sin CEDEARs: tenencia en otros activos
270127,OTRO,0,,,False,,,,,,,,Sin CEDEARs: tenencia en otros activos
75568,OTRO,0,,,False,,,,,,,,Sin CEDEARs: tenencia en otros activos
1470624,OTRO,0,,,False,,,,,,,,Sin CEDEARs: tenencia en otros activos
1544438,OTRO,0,,,False,,,,,,,,Sin CEDEARs: tenencia en otros activos
1470236,OTRO,0,,,False,,,,,,,,Sin CEDEARs: tenencia en otros activos
764061,OTRO,0,,,False,,,,,,,,Sin CEDEARs: tenencia en otros activos
1259000,OTRO,0,,,False,,,,,,,,Sin CEDEARs: tenencia en otros activos
75580,OTRO,0,,,False,,,,,,,,Sin CEDEARs: tenencia en otros activos
867121,OTRO,0,,,False,,,,,,,,Sin CEDEARs: tenencia en otros activos
606789,OTRO,0,,,False,,,,,,,,Sin CEDEARs: tenencia en otros activos
793648,OTRO,0,,,False,,,,,,,,Sin CEDEARs: tenencia en otros activos
1333012,OTRO,0,,,False,,,,,,,,Sin CEDEARs: tenencia en otros activos
1438900,OTRO,0,,,False,,,,,,,,Sin CEDEARs: tenencia en otros activos
1273014,OTRO,0,,,False,,,,,,,,Sin CEDEARs: tenencia en otros activos
70271,OTRO,0,,,False,,,,,,,,Sin CEDEARs: tenencia en otros activos
273622,OTRO,0,,,False,,,,,,,,Sin CEDEARs: tenencia en otros activos
272296,OTRO,0,,,False,,,,,,,,Sin CEDEARs: tenencia en otros activos
1099913,OTRO,0,,,False,,,,,,,,Sin CEDEARs: tenencia en otros activos
1432456,OTRO,0,,,False,,,,,,,,Sin CEDEARs: tenencia en otros activos
270006,OTRO,0,,,False,,,,,,,,Sin CEDEARs: tenencia en otros activos
380661,OTRO,0,,,False,,,,,,,,Sin CEDEARs: tenencia en otros activos
893672,OTRO,0,,,False,,,,,,,,Sin CEDEARs: tenencia en otros activos
420827,OTRO,0,,,False,,,,,,,,Sin CEDEARs: tenencia en otros activos
1257766,OTRO,0,,,False,,,,,,,,Sin CEDEARs: tenencia en otros activos
275553,OTRO,0,,,False,,,,,,,,Sin CEDEARs: tenencia en otros activos
933207,OTRO,0,,,False,,,,,,,,Sin CEDEARs: tenencia en otros activos
915613,OTRO,0,,,False,,,,,,,,Sin CEDEARs: tenencia en otros activos
410232,OTRO,0,,,False,,,,,,,,Sin CEDEARs: tenencia en otros activos
963579,OTRO,0,,,False,,,,,,,,Sin CEDEARs: tenencia en otros activos
728653,OTRO,0,,,False,,,,,,,,Sin CEDEARs: tenencia en otros activos
1268555,OTRO,0,,,False,,,,,,,,Sin CEDEARs: tenencia en otros activos
928201,OTRO,0,,,False,,,,,,,,Sin CEDEARs: tenencia en otros activos
704691,OTRO,0,,,False,,,,,,,,Sin CEDEARs: tenencia en otros activos
716821,OTRO,0,,,False,,,,,,,,Sin CEDEARs: tenencia en otros activos
1356184,OTRO,0,,,False,,,,,,,,Sin CEDEARs: tenencia en otros activos
706719,OTRO,0,,,False,,,,,,,,Sin CEDEARs: tenencia en otros activos
918957,OTRO,0,,,False,,,,,,,,Sin CEDEARs: tenencia en otros activos
284596,OTRO,0,,,False,,,,,,,,Sin CEDEARs: tenencia en otros activos
540884,OTRO,0,,,False,,,,,,,,Sin CEDEARs: tenencia en otros activos
271866,OTRO,0,,,False,,,,,,,,Sin CEDEARs: tenencia en otros activos
458722,OTRO,0,,,False,,,,,,,,Sin CEDEARs: tenencia en otros activos
1696899,OTRO,0,,,False,,,,,,,,Sin CEDEARs: tenencia en otros activos
1398598,OTRO,0,,,False,,,,,,,,Sin CEDEARs: tenencia en otros activos
481123,OTRO,0,,,False,,,,,,,,Sin CEDEARs: tenencia en otros activos
417769,OTRO,0,,,False,,,,,,,,Sin CEDEARs: tenencia en otros activos
1396793,OTRO,0,,,False,,,,,,,,Sin CEDEARs: tenencia en otros activos
547409,OTRO,0,,,False,,,,,,,,Sin CEDEARs: tenencia en otros activos
298407,OTRO,0,,,False,,,,,,,,Sin CEDEARs: tenencia en otros activos
376116,OTRO,0,,,False,,,,,,,,Sin CEDEARs: tenencia en otros activos
750207,OTRO,0,,,False,,,,,,,,Sin CEDEARs: tenencia en otros activos
1500396,OTRO,0,,,False,,,,,,,,Sin CEDEARs: tenencia en otros activos
1347549,OTRO,0,,,False,,,,,,,,Sin CEDEARs: tenencia en otros activos
765688,OTRO,0,,,False,,,,,,,,Sin CEDEARs: tenencia en otros activos
558121,OTRO,0,,,False,,,,,,,,Sin CEDEARs: tenencia en otros activos
607969,OTRO,0,,,False,,,,,,,,Sin CEDEARs: tenencia en otros activos
789019,OTRO,0,,,False,,,,,,,,Sin CEDEARs: tenencia en otros activos
950181,OTRO,0,,,False,,,,,,,,Sin CEDEARs: tenencia en otros activos
585920,OTRO,0,,,False,,,,,,,,Sin CEDEARs: tenencia en otros activos
762145,OTRO,0,,,False,,,,,,,,Sin CEDEARs: tenencia en otros activos
275687,OTRO,0,,,False,,,,,,,,Sin CEDEARs: tenencia en otros activos
459240,OTRO,0,,,False,,,,,,,,Sin CEDEARs: tenencia en otros activos
544805,OTRO,0,,,False,,,,,,,,Sin CEDEARs: tenencia en otros activos
1202822,OTRO,0,,,False,,,,,,,,Sin CEDEARs: tenencia en otros activos
978230,OTRO,0,,,False,,,,,,,,Sin CEDEARs: tenencia en otros activos
856019,OTRO,0,,,False,,,,,,,,Sin CEDEARs: tenencia en otros activos
478925,OTRO,0,,,False,,,,,,,,Sin CEDEARs: tenencia en otros activos
511978,OTRO,0,,,False,,,,,,,,Sin CEDEARs: tenencia en otros activos
764213,OTRO,0,,,False,,,,,,,,Sin CEDEARs: tenencia en otros activos
799337,OTRO,0,,,False,,,,,,,,Sin CEDEARs: tenencia en otros activos
559855,OTRO,0,,,False,,,,,,,,Sin CEDEARs: tenencia en otros activos
790875,OTRO,0,,,False,,,,,,,,Sin CEDEARs: tenencia en otros activos
413159,OTRO,0,,,False,,,,,,,,Sin CEDEARs: tenencia en otros activos
967039,OTRO,0,,,False,,,,,,,,Sin CEDEARs: tenencia en otros activos
917574,OTRO,0,,,False,,,,,,,,Sin CEDEARs: tenencia en otros activos
996162,OTRO,0,,,False,,,,,,,,Sin CEDEARs: tenencia en otros activos
403428,OTRO,0,,,False,,,,,,,,Sin CEDEARs: tenencia en otros activos
1228219,OTRO,0,,,False,,,,,,,,Sin CEDEARs: tenencia en otros activos
753882,OTRO,0,,,False,,,,,,,,Sin CEDEARs: tenencia en otros activos
532605,OTRO,0,,,False,,,,,,,,Sin CEDEARs: tenencia en otros activos
947026,OTRO,0,,,False,,,,,,,,Sin CEDEARs: tenencia en otros activos
1311542,OTRO,0,,,False,,,,,,,,Sin CEDEARs: tenencia en otros activos
355152,OTRO,0,,,False,,,,,,,,Sin CEDEARs: tenencia en otros activos
956912,OTRO,0,,,False,,,,,,,,Sin CEDEARs: tenencia en otros activos
1618405,OTRO,0,,,False,,,,,,,,Sin CEDEARs: tenencia en otros activos
746129,OTRO,0,,,False,,,,,,,,Sin CEDEARs: tenencia en otros activos
479571,OTRO,0,,,False,,,,,,,,Sin CEDEARs: tenencia en otros activos
720021,OTRO,0,,,False,,,,,,,,Sin CEDEARs: tenencia en otros activos
708238,OTRO,0,,,False,,,,,,,,Sin CEDEARs: tenencia en otros activos
1463913,OTRO,0,,,False,,,,,,,,Sin CEDEARs: tenencia en otros activos
290270,OTRO,0,,,False,,,,,,,,Sin CEDEARs: tenencia en otros activos
1350471,OTRO,0,,,False,,,,,,,,Sin CEDEARs: tenencia en otros activos
598286,OTRO,0,,,False,,,,,,,,Sin CEDEARs: tenencia en otros activos
547221,OTRO,0,,,False,,,,,,,,Sin CEDEARs: tenencia en otros activos
871647,OTRO,0,,,False,,,,,,,,Sin CEDEARs: tenencia en otros activos
1237627,OTRO,0,,,False,,,,,,,,Sin CEDEARs: tenencia en otros activos
790598,OTRO,0,,,False,,,,,,,,Sin CEDEARs: tenencia en otros activos
902785,OTRO,0,,,False,,,,,,,,Sin CEDEARs: tenencia en otros activos
1249649,OTRO,0,,,False,,,,,,,,Sin CEDEARs: tenencia en otros activos
1164388,OTRO,0,,,False,,,,,,,,Sin CEDEARs: tenencia en otros activos
508249,OTRO,0,,,False,,,,,,,,Sin CEDEARs: tenencia en otros activos
1148004,OTRO,0,,,False,,,,,,,,Sin CEDEARs: tenencia en otros activos
445695,OTRO,0,,,False,,,,,,,,Sin CEDEARs: tenencia en otros activos
1660429,OTRO,0,,,False,,,,,,,,Sin CEDEARs: tenencia en otros activos
558141,OTRO,0,,,False,,,,,,,,Sin CEDEARs: tenencia en otros activos
1473701,OTRO,0,,,False,,,,,,,,Sin CEDEARs: tenencia en otros activos
778686,OTRO,0,,,False,,,,,,,,Sin CEDEARs: tenencia en otros activos
272394,OTRO,0,,,False,,,,,,,,Sin CEDEARs: tenencia en otros activos
896767,OTRO,0,,,False,,,,,,,,Sin CEDEARs: tenencia en otros activos
942957,OTRO,0,,,False,,,,,,,,Sin CEDEARs: tenencia en otros activos
996678,OTRO,0,,,False,,,,,,,,Sin CEDEARs: tenencia en otros activos
419361,OTRO,0,,,False,,,,,,,,Sin CEDEARs: tenencia en otros activos
554459,OTRO,0,,,False,,,,,,,,Sin CEDEARs: tenencia en otros activos
721444,OTRO,0,,,False,,,,,,,,Sin CEDEARs: tenencia en otros activos
1456315,OTRO,0,,,False,,,,,,,,Sin CEDEARs: tenencia en otros activos
768680,OTRO,0,,,False,,,,,,,,Sin CEDEARs: tenencia en otros activos
618462,OTRO,0,,,False,,,,,,,,Sin CEDEARs: tenencia en otros activos
273854,OTRO,0,,,False,,,,,,,,Sin CEDEARs: tenencia en otros activos
500009,OTRO,0,,,False,,,,,,,,Sin CEDEARs: tenencia en otros activos
606874,OTRO,0,,,False,,,,,,,,Sin CEDEARs: tenencia en otros activos
848411,OTRO,0,,,False,,,,,,,,Sin CEDEARs: tenencia en otros activos
654047,OTRO,0,,,False,,,,,,,,Sin CEDEARs: tenencia en otros activos
507760,OTRO,0,,,False,,,,,,,,Sin CEDEARs: tenencia en otros activos
783297,OTRO,0,,,False,,,,,,,,Sin CEDEARs: tenencia en otros activos
1099053,OTRO,0,,,False,,,,,,,,Sin CEDEARs: tenencia en otros activos
346048,OTRO,0,,,False,,,,,,,,Sin CEDEARs: tenencia en otros activos
688455,OTRO,0,,,False,,,,,,,,Sin CEDEARs: tenencia en otros activos
495282,OTRO,0,,,False,,,,,,,,Sin CEDEARs: tenencia en otros activos
404332,OTRO,0,,,False,,,,,,,,Sin CEDEARs: tenencia en otros activos
463829,OTRO,0,,,False,,,,,,,,Sin CEDEARs: tenencia en otros activos
509370,OTRO,0,,,False,,,,,,,,Sin CEDEARs: tenencia en otros activos
345211,OTRO,0,,,False,,,,,,,,Sin CEDEARs: tenencia en otros activos
385914,OTRO,0,,,False,,,,,,,,Sin CEDEARs: tenencia en otros activos
447649,OTRO,0,,,False,,,,,,,,Sin CEDEARs: tenencia en otros activos
863820,OTRO,0,,,False,,,,,,,,Sin CEDEARs: tenencia en otros activos
463167,OTRO,0,,,False,,,,,,,,Sin CEDEARs: tenencia en otros activos
499207,OTRO,0,,,False,,,,,,,,Sin CEDEARs: tenencia en otros activos
1140880,OTRO,0,,,False,,,,,,,,Sin CEDEARs: tenencia en otros activos
1678818,OTRO,0,,,False,,,,,,,,Sin CEDEARs: tenencia en otros activos
792057,OTRO,0,,,False,,,,,,,,Sin CEDEARs: tenencia en otros activos
280321,OTRO,0,,,False,,,,,,,,Sin CEDEARs: tenencia en otros activos
430092,OTRO,0,,,False,,,,,,,,Sin CEDEARs: tenencia en otros activos
559794,OTRO,0,,,False,,,,,,,,Sin CEDEARs: tenencia en otros activos
374618,OTRO,0,,,False,,,,,,,,Sin CEDEARs: tenencia en otros activos
672501,OTRO,0,,,False,,,,,,,,Sin CEDEARs: tenencia en otros activos
385790,OTRO,0,,,False,,,,,,,,Sin CEDEARs: tenencia en otros activos
564287,OTRO,0,,,False,,,,,,,,Sin CEDEARs: tenencia en otros activos
729051,OTRO,0,,,False,,,,,,,,Sin CEDEARs: tenencia en otros activos
770184,OTRO,0,,,False,,,,,,,,Sin CEDEARs: tenencia en otros activos
711769,OTRO,0,,,False,,,,,,,,Sin CEDEARs: tenencia en otros activos
726900,OTRO,0,,,False,,,,,,,,Sin CEDEARs: tenencia en otros activos
809672,OTRO,0,,,False,,,,,,,,Sin CEDEARs: tenencia en otros activos
897908,OTRO,0,,,False,,,,,,,,Sin CEDEARs: tenencia en otros activos
1397735,OTRO,0,,,False,,,,,,,,Sin CEDEARs: tenencia en otros activos
473170,OTRO,0,,,False,,,,,,,,Sin CEDEARs: tenencia en otros activos
490343,OTRO,0,,,False,,,,,,,,Sin CEDEARs: tenencia en otros activos
665136,OTRO,0,,,False,,,,,,,,Sin CEDEARs: tenencia en otros activos
778687,OTRO,0,,,False,,,,,,,,Sin CEDEARs: tenencia en otros activos
785558,OTRO,0,,,False,,,,,,,,Sin CEDEARs: tenencia en otros activos
909963,OTRO,0,,,False,,,,,,,,Sin CEDEARs: tenencia en otros activos
495484,OTRO,0,,,False,,,,,,,,Sin CEDEARs: tenencia en otros activos
933526,OTRO,0,,,False,,,,,,,,Sin CEDEARs: tenencia en otros activos
1017985,OTRO,0,,,False,,,,,,,,Sin CEDEARs: tenencia en otros activos
1468247,OTRO,0,,,False,,,,,,,,Sin CEDEARs: tenencia en otros activos
558120,OTRO,0,,,False,,,,,,,,Sin CEDEARs: tenencia en otros activos
1226858,OTRO,0,,,False,,,,,,,,Sin CEDEARs: tenencia en otros activos
1314042,OTRO,0,,,False,,,,,,,,Sin CEDEARs: tenencia en otros activos
378453,OTRO,0,,,False,,,,,,,,Sin CEDEARs: tenencia en otros activos
617940,OTRO,0,,,False,,,,,,,,Sin CEDEARs: tenencia en otros activos
857261,OTRO,0,,,False,,,,,,,,Sin CEDEARs: tenencia en otros activos
467532,OTRO,0,,,False,,,,,,,,Sin CEDEARs: tenencia en otros activos
679543,OTRO,0,,,False,,,,,,,,Sin CEDEARs: tenencia en otros activos
686401,OTRO,0,,,False,,,,,,,,Sin CEDEARs: tenencia en otros activos
771566,OTRO,0,,,False,,,,,,,,Sin CEDEARs: tenencia en otros activos
928676,OTRO,0,,,False,,,,,,,,Sin CEDEARs: tenencia en otros activos
1110904,OTRO,0,,,False,,,,,,,,Sin CEDEARs: tenencia en otros activos
275496,OTRO,0,,,False,,,,,,,,Sin CEDEARs: tenencia en otros activos
357803,OTRO,0,,,False,,,,,,,,Sin CEDEARs: tenencia en otros activos
404596,OTRO,0,,,False,,,,,,,,Sin CEDEARs: tenencia en otros activos
549102,OTRO,0,,,False,,,,,,,,Sin CEDEARs: tenencia en otros activos
838871,OTRO,0,,,False,,,,,,,,Sin CEDEARs: tenencia en otros activos
1243343,OTRO,0,,,False,,,,,,,,Sin CEDEARs: tenencia en otros activos
275079,OTRO,0,,,False,,,,,,,,Sin CEDEARs: tenencia en otros activos
275712,OTRO,0,,,False,,,,,,,,Sin CEDEARs: tenencia en otros activos
342246,OTRO,0,,,False,,,,,,,,Sin CEDEARs: tenencia en otros activos
384457,OTRO,0,,,False,,,,,,,,Sin CEDEARs: tenencia en otros activos
529626,OTRO,0,,,False,,,,,,,,Sin CEDEARs: tenencia en otros activos
551023,OTRO,0,,,False,,,,,,,,Sin CEDEARs: tenencia en otros activos
650629,OTRO,0,,,False,,,,,,,,Sin CEDEARs: tenencia en otros activos
659493,OTRO,0,,,False,,,,,,,,Sin CEDEARs: tenencia en otros activos
706066,OTRO,0,,,False,,,,,,,,Sin CEDEARs: tenencia en otros activos
784792,OTRO,0,,,False,,,,,,,,Sin CEDEARs: tenencia en otros activos
792049,OTRO,0,,,False,,,,,,,,Sin CEDEARs: tenencia en otros activos
1552239,OTRO,0,,,False,,,,,,,,Sin CEDEARs: tenencia en otros activos
271840,OTRO,0,,,False,,,,,,,,Sin CEDEARs: tenencia en otros activos
272887,OTRO,0,,,False,,,,,,,,Sin CEDEARs: tenencia en otros activos
274400,OTRO,0,,,False,,,,,,,,Sin CEDEARs: tenencia en otros activos
281878,OTRO,0,,,False,,,,,,,,Sin CEDEARs: tenencia en otros activos
310575,OTRO,0,,,False,,,,,,,,Sin CEDEARs: tenencia en otros activos
371190,OTRO,0,,,False,,,,,,,,Sin CEDEARs: tenencia en otros activos
389061,OTRO,0,,,False,,,,,,,,Sin CEDEARs: tenencia en otros activos
418392,OTRO,0,,,False,,,,,,,,Sin CEDEARs: tenencia en otros activos
430477,OTRO,0,,,False,,,,,,,,Sin CEDEARs: tenencia en otros activos
432701,OTRO,0,,,False,,,,,,,,Sin CEDEARs: tenencia en otros activos
439033,OTRO,0,,,False,,,,,,,,Sin CEDEARs: tenencia en otros activos
478612,OTRO,0,,,False,,,,,,,,Sin CEDEARs: tenencia en otros activos
486677,OTRO,0,,,False,,,,,,,,Sin CEDEARs: tenencia en otros activos
496420,OTRO,0,,,False,,,,,,,,Sin CEDEARs: tenencia en otros activos
513812,OTRO,0,,,False,,,,,,,,Sin CEDEARs: tenencia en otros activos
552332,OTRO,0,,,False,,,,,,,,Sin CEDEARs: tenencia en otros activos
761473,OTRO,0,,,False,,,,,,,,Sin CEDEARs: tenencia en otros activos
792050,OTRO,0,,,False,,,,,,,,Sin CEDEARs: tenencia en otros activos
798368,OTRO,0,,,False,,,,,,,,Sin CEDEARs: tenencia en otros activos
799100,OTRO,0,,,False,,,,,,,,Sin CEDEARs: tenencia en otros activos
838748,OTRO,0,,,False,,,,,,,,Sin CEDEARs: tenencia en otros activos
906813,OTRO,0,,,False,,,,,,,,Sin CEDEARs: tenencia en otros activos
934924,OTRO,0,,,False,,,,,,,,Sin CEDEARs: tenencia en otros activos
937175,OTRO,0,,,False,,,,,,,,Sin CEDEARs: tenencia en otros activos
1022363,OTRO,0,,,False,,,,,,,,Sin CEDEARs: tenencia en otros activos
1044379,OTRO,0,,,False,,,,,,,,Sin CEDEARs: tenencia en otros activos
1066291,OTRO,0,,,False,,,,,,,,Sin CEDEARs: tenencia en otros activos
1327507,OTRO,0,,,False,,,,,,,,Sin CEDEARs: tenencia en otros activos
1443115,OTRO,0,,,False,,,,,,,,Sin CEDEARs: tenencia en otros activos
1488229,OTRO,0,,,False,,,,,,,,Sin CEDEARs: tenencia en otros activos
1494835,OTRO,0,,,False,,,,,,,,Sin CEDEARs: tenencia en otros activos
70277,OTRO,0,,,False,,,,,,,,Sin CEDEARs: tenencia en otros activos
275626,OTRO,0,,,False,,,,,,,,Sin CEDEARs: tenencia en otros activos
297303,OTRO,0,,,False,,,,,,,,Sin CEDEARs: tenencia en otros activos
299006,OTRO,0,,,False,,,,,,,,Sin CEDEARs: tenencia en otros activos
348892,OTRO,0,,,False,,,,,,,,Sin CEDEARs: tenencia en otros activos
353187,OTRO,0,,,False,,,,,,,,Sin CEDEARs: tenencia en otros activos
355025,OTRO,0,,,False,,,,,,,,Sin CEDEARs: tenencia en otros activos
366722,OTRO,0,,,False,,,,,,,,Sin CEDEARs: tenencia en otros activos
371896,OTRO,0,,,False,,,,,,,,Sin CEDEARs: tenencia en otros activos
371900,OTRO,0,,,False,,,,,,,,Sin CEDEARs: tenencia en otros activos
414209,OTRO,0,,,False,,,,,,,,Sin CEDEARs: tenencia en otros activos
429868,OTRO,0,,,False,,,,,,,,Sin CEDEARs: tenencia en otros activos
465583,OTRO,0,,,False,,,,,,,,Sin CEDEARs: tenencia en otros activos
486850,OTRO,0,,,False,,,,,,,,Sin CEDEARs: tenencia en otros activos
494194,OTRO,0,,,False,,,,,,,,Sin CEDEARs: tenencia en otros activos
509786,OTRO,0,,,False,,,,,,,,Sin CEDEARs: tenencia en otros activos
511359,OTRO,0,,,False,,,,,,,,Sin CEDEARs: tenencia en otros activos
514191,OTRO,0,,,False,,,,,,,,Sin CEDEARs: tenencia en otros activos
518555,OTRO,0,,,False,,,,,,,,Sin CEDEARs: tenencia en otros activos
550779,OTRO,0,,,False,,,,,,,,Sin CEDEARs: tenencia en otros activos
561127,OTRO,0,,,False,,,,,,,,Sin CEDEARs: tenencia en otros activos
563376,OTRO,0,,,False,,,,,,,,Sin CEDEARs: tenencia en otros activos
564998,OTRO,0,,,False,,,,,,,,Sin CEDEARs: tenencia en otros activos
568114,OTRO,0,,,False,,,,,,,,Sin CEDEARs: tenencia en otros activos
583012,OTRO,0,,,False,,,,,,,,Sin CEDEARs: tenencia en otros activos
591536,OTRO,0,,,False,,,,,,,,Sin CEDEARs: tenencia en otros activos
605861,OTRO,0,,,False,,,,,,,,Sin CEDEARs: tenencia en otros activos
618650,OTRO,0,,,False,,,,,,,,Sin CEDEARs: tenencia en otros activos
661168,OTRO,0,,,False,,,,,,,,Sin CEDEARs: tenencia en otros activos
683431,OTRO,0,,,False,,,,,,,,Sin CEDEARs: tenencia en otros activos
694583,OTRO,0,,,False,,,,,,,,Sin CEDEARs: tenencia en otros activos
696613,OTRO,0,,,False,,,,,,,,Sin CEDEARs: tenencia en otros activos
733665,OTRO,0,,,False,,,,,,,,Sin CEDEARs: tenencia en otros activos
769058,OTRO,0,,,False,,,,,,,,Sin CEDEARs: tenencia en otros activos
772086,OTRO,0,,,False,,,,,,,,Sin CEDEARs: tenencia en otros activos
780491,OTRO,0,,,False,,,,,,,,Sin CEDEARs: tenencia en otros activos
792858,OTRO,0,,,False,,,,,,,,Sin CEDEARs: tenencia en otros activos
805192,OTRO,0,,,False,,,,,,,,Sin CEDEARs: tenencia en otros activos
805699,OTRO,0,,,False,,,,,,,,Sin CEDEARs: tenencia en otros activos
807404,OTRO,0,,,False,,,,,,,,Sin CEDEARs: tenencia en otros activos
818198,OTRO,0,,,False,,,,,,,,Sin CEDEARs: tenencia en otros activos
823073,OTRO,0,,,False,,,,,,,,Sin CEDEARs: tenencia en otros activos
825562,OTRO,0,,,False,,,,,,,,Sin CEDEARs: tenencia en otros activos
829662,OTRO,0,,,False,,,,,,,,Sin CEDEARs: tenencia en otros activos
829698,OTRO,0,,,False,,,,,,,,Sin CEDEARs: tenencia en otros activos
829742,OTRO,0,,,False,,,,,,,,Sin CEDEARs: tenencia en otros activos
840954,OTRO,0,,,False,,,,,,,,Sin CEDEARs: tenencia en otros activos
849641,OTRO,0,,,False,,,,,,,,Sin CEDEARs: tenencia en otros activos
872966,OTRO,0,,,False,,,,,,,,Sin CEDEARs: tenencia en otros activos
876051,OTRO,0,,,False,,,,,,,,Sin CEDEARs: tenencia en otros activos
876074,OTRO,0,,,False,,,,,,,,Sin CEDEARs: tenencia en otros activos
911857,OTRO,0,,,False,,,,,,,,Sin CEDEARs: tenencia en otros activos
912126,OTRO,0,,,False,,,,,,,,Sin CEDEARs: tenencia en otros activos
923691,OTRO,0,,,False,,,,,,,,Sin CEDEARs: tenencia en otros activos
957550,OTRO,0,,,False,,,,,,,,Sin CEDEARs: tenencia en otros activos
981743,OTRO,0,,,False,,,,,,,,Sin CEDEARs: tenencia en otros activos
1072491,OTRO,0,,,False,,,,,,,,Sin CEDEARs: tenencia en otros activos
1099557,OTRO,0,,,False,,,,,,,,Sin CEDEARs: tenencia en otros activos
1132828,OTRO,0,,,False,,,,,,,,Sin CEDEARs: tenencia en otros activos
1155656,OTRO,0,,,False,,,,,,,,Sin CEDEARs: tenencia en otros activos
1197307,OTRO,0,,,False,,,,,,,,Sin CEDEARs: tenencia en otros activos
1407751,OTRO,0,,,False,,,,,,,,Sin CEDEARs: tenencia en otros activos
1446946,OTRO,0,,,False,,,,,,,,Sin CEDEARs: tenencia en otros activos
1478893,OTRO,0,,,False,,,,,,,,Sin CEDEARs: tenencia en otros activos
1525231,OTRO,0,,,False,,,,,,,,Sin CEDEARs: tenencia en otros activos
1551752,OTRO,0,,,False,,,,,,,,Sin CEDEARs: tenencia en otros activos
591546,OTRO,0,,,False,,,,,,,,Sin CEDEARs: tenencia en otros activos
